FIPS,State,County,Population,Poverty Raw,Poverty Rate,COVID Cases,COVID Deaths,Labor Force,Employed,Unemployed,Unemployment Rate,Median Household Income,"Less than high school graduate, 2019-23","High school graduate (or equivalency), 2019-23","Some college or associate degree, 2019-23","Bachelor's degree or higher, 2019-23","Percent of adults who are not high school graduates, 2019-23","Percent of adults who are high school graduates (or equivalent), 2019-23","Percent of adults completing some college or associate degree, 2019-23","Percent of adults with a bachelor's degree or higher, 2019-23",Predicted Cases,Predicted Deaths,Cases Error,Deaths Error
1001,AL,Autauga County,59726,6988.0,0.117,7943.0,70.0,26656.0,26065.0,591.0,2.2,70148.0,3963.0,13321.0,11953.0,11530.0,9.721097947,32.67593887,29.32028356,28.28267962,8408.737,58.079536,465.7373046875,-11.920463562011719
1003,AL,Baldwin County,246531,30195.0,0.1225,27585.0,126.0,102280.0,99930.0,2350.0,2.3,71704.0,14221.0,47369.0,53990.0,56408.0,8.268600135,27.54203782,31.391725,32.79763704,27454.002,128.1297,-130.998046875,2.12969970703125
1005,AL,Barbour County,24700,5860.0,0.2372,3167.0,30.0,8139.0,7813.0,326.0,4.0,41151.0,3911.0,6629.0,5067.0,2021.0,22.18629453,37.60494668,28.74404357,11.46471523,3141.3604,30.101114,-25.6396484375,0.10111427307128906
1007,AL,Bibb County,21986,3979.0,0.181,3159.0,13.0,8688.0,8476.0,212.0,2.4,54309.0,3132.0,6552.0,4420.0,1827.0,19.65978281,41.12736175,27.7446488,11.46820664,2942.814,13.299709,-216.18603515625,0.2997093200683594
1009,AL,Blount County,59516,8022.0,0.1348,6475.0,62.0,25685.0,25128.0,557.0,2.2,60553.0,7093.0,14600.0,12912.0,6386.0,17.30379839,35.61757459,31.49959747,15.57902954,6174.5728,65.713394,-300.42724609375,3.7133941650390625
1011,AL,Bullock County,10143,2670.0,0.2632,1210.0,8.0,4541.0,4416.0,125.0,2.8,35798.0,1915.0,2994.0,1805.0,664.0,25.95554351,40.58010301,24.46462456,8.999728924,1195.091,9.303121,-14.9090576171875,1.3031206130981445
1013,AL,Butler County,18668,4298.0,0.2302,2572.0,28.0,8811.0,8518.0,293.0,3.3,41852.0,1633.0,6182.0,3537.0,1812.0,12.40504406,46.96140991,26.86873291,13.76481313,2521.1953,29.024395,-50.8046875,1.0243949890136719
1015,AL,Calhoun County,115780,20308.0,0.1754,16047.0,133.0,45733.0,44371.0,1362.0,3.0,52772.0,10940.0,27117.0,24416.0,16154.0,13.91379552,34.48815292,31.05294619,20.54510537,15641.692,133.63295,-405.3076171875,0.6329498291015625
1017,AL,Chambers County,34164,6962.0,0.2038,4140.0,27.0,15906.0,15508.0,398.0,2.5,45563.0,4010.0,9415.0,7488.0,3571.0,16.3780428,38.45368404,30.58323803,14.58503512,4376.054,31.228384,236.05419921875,4.228384017944336
1019,AL,Cherokee County,25353,3862.0,0.1523,3071.0,68.0,11723.0,11457.0,266.0,2.3,52613.0,3029.0,7015.0,5739.0,2994.0,16.1314374,37.3595356,30.56398786,15.94503914,2823.2688,61.523502,-247.731201171875,-6.476497650146484
1021,AL,Chilton County,45848,7158.0,0.1561,5172.0,50.0,20180.0,19732.0,448.0,2.2,61823.0,4862.0,12680.0,8517.0,4688.0,15.81292484,41.23979575,27.70026344,15.24701597,5141.8477,48.216965,-30.15234375,-1.7830352783203125
1023,AL,Choctaw County,12431,2554.0,0.2055,1178.0,33.0,4325.0,4164.0,161.0,3.7,44458.0,1420.0,3642.0,2684.0,1252.0,15.78128473,40.47566126,29.82885086,13.91420316,1196.4913,29.67433,18.4913330078125,-3.3256702423095703
1025,AL,Clarke County,22574,5204.0,0.2305,3240.0,25.0,7676.0,7302.0,374.0,4.9,44906.0,2352.0,6765.0,4386.0,2463.0,14.73130402,42.37128899,27.47087561,15.42653138,3006.9712,30.746649,-233.02880859375,5.746648788452148
1027,AL,Clay County,14183,2371.0,0.1672,2283.0,21.0,6106.0,5971.0,135.0,2.2,49599.0,1769.0,3797.0,3130.0,1563.0,17.24339604,37.01140462,30.50979628,15.23540306,1809.2546,19.852486,-473.745361328125,-1.1475143432617188
1029,AL,Cleburne County,15372,2370.0,0.1542,1573.0,14.0,6133.0,5989.0,144.0,2.3,49248.0,1586.0,4230.0,3067.0,1978.0,14.60270693,38.94668999,28.23865206,18.21195102,1596.7888,24.515583,23.788818359375,10.515583038330078
1031,AL,Coffee County,54840,8492.0,0.1549,6546.0,48.0,21624.0,21090.0,534.0,2.5,62429.0,5158.0,10732.0,13069.0,7945.0,13.97680468,29.08085844,35.41350531,21.52883156,6474.862,49.99436,-71.13818359375,1.9943618774414062
1033,AL,Colbert County,57993,9962.0,0.1718,10343.0,61.0,23749.0,23047.0,702.0,3.0,54593.0,5102.0,14160.0,13409.0,8307.0,12.45058324,34.55512714,32.72243643,20.27185319,9603.1455,64.51567,-739.8544921875,3.5156707763671875
1035,AL,Conecuh County,11224,3329.0,0.2966,1427.0,13.0,4252.0,4106.0,146.0,3.4,36106.0,1017.0,3908.0,2135.0,1067.0,12.51384275,48.08662483,26.2704565,13.12907592,1481.47,21.156729,54.469970703125,8.156728744506836
1037,AL,Coosa County,10307,1813.0,0.1759,1695.0,14.0,4463.0,4353.0,110.0,2.5,49485.0,1367.0,3135.0,2253.0,1180.0,17.22747322,39.50850662,28.39319471,14.87082546,1249.783,14.441297,-445.217041015625,0.4412965774536133
1039,AL,Covington County,37603,7071.0,0.188,4111.0,66.0,15080.0,14692.0,388.0,2.6,46958.0,3656.0,9745.0,8513.0,4545.0,13.8176046,36.83056805,32.17430742,17.17751994,4274.8486,60.41106,163.8486328125,-5.588939666748047
1041,AL,Crenshaw County,13048,2762.0,0.2117,1780.0,29.0,5965.0,5805.0,160.0,2.7,49161.0,1586.0,3760.0,2228.0,1530.0,17.42091388,41.30052724,24.47275923,16.80579965,1700.2505,27.713121,-79.74951171875,-1.2868785858154297
1043,AL,Cullman County,90663,14478.0,0.1597,13142.0,81.0,39477.0,38688.0,789.0,2.0,61774.0,9363.0,19333.0,21794.0,11910.0,15.00480769,30.98237179,34.92628205,19.08653846,12854.907,82.47725,-287.0927734375,1.4772491455078125
1045,AL,Dale County,49495,9965.0,0.2013,6396.0,51.0,21026.0,20490.0,536.0,2.5,50567.0,4830.0,10549.0,11914.0,6539.0,14.27642469,31.18053913,35.21518089,19.32785528,6881.4253,51.343376,485.42529296875,0.34337615966796875
1047,AL,Dallas County,36729,11945.0,0.3252,4796.0,44.0,13733.0,13058.0,675.0,4.9,35258.0,3301.0,9958.0,7910.0,4338.0,12.94154546,39.04026346,31.01109499,17.00709609,5015.114,45.57617,219.11376953125,1.576171875
1049,AL,DeKalb County,72082,13248.0,0.1838,8200.0,72.0,30958.0,30249.0,709.0,2.3,50037.0,10204.0,16307.0,15226.0,6727.0,21.05480357,33.64765599,31.41713437,13.88040607,8194.844,72.54084,-5.15625,0.5408401489257812
1051,AL,Elmore County,89600,9779.0,0.1091,11815.0,63.0,38045.0,37230.0,815.0,2.1,71463.0,6446.0,21341.0,19025.0,15104.0,10.41087926,34.46766587,30.72711415,24.39434072,10865.813,69.771706,-949.1865234375,6.771705627441406
1053,AL,Escambia County,36636,7224.0,0.1972,4600.0,43.0,14198.0,13769.0,429.0,3.0,47792.0,4454.0,11014.0,6846.0,3185.0,17.46735166,43.19385074,26.84811169,12.49068591,4400.3247,42.598797,-199.67529296875,-0.4012031555175781
1055,AL,Etowah County,102903,17990.0,0.1748,12442.0,159.0,39123.0,37967.0,1156.0,3.0,55487.0,10321.0,24651.0,24915.0,12683.0,14.22213036,33.96858206,34.33236875,17.47691884,12599.428,152.79147,157.427734375,-6.208526611328125
1057,AL,Fayette County,16082,3092.0,0.1923,2277.0,13.0,6583.0,6408.0,175.0,2.7,49205.0,1657.0,4252.0,3561.0,1750.0,14.76827094,37.89661319,31.73796791,15.59714795,1987.4603,19.56719,-289.5396728515625,6.567190170288086
1059,AL,Franklin County,31910,5804.0,0.1819,5005.0,38.0,14532.0,14200.0,332.0,2.3,49611.0,4340.0,8336.0,5330.0,3150.0,20.51427491,39.40253356,25.19379845,14.88939308,3792.629,48.79634,-1212.37109375,10.796340942382812
1061,AL,Geneva County,26760,4926.0,0.1841,2831.0,34.0,11187.0,10925.0,262.0,2.3,51585.0,3185.0,7086.0,6172.0,2526.0,16.79055301,37.35568559,32.5372977,13.3164637,2840.4304,43.150845,9.430419921875,9.15084457397461
1063,AL,Greene County,7452,2206.0,0.296,827.0,8.0,2757.0,2641.0,116.0,4.2,35449.0,949.0,2407.0,1260.0,658.0,17.9939325,45.63898369,23.89078498,12.47629882,878.16644,10.757362,51.16644287109375,2.7573623657226562
1065,AL,Hale County,14599,3294.0,0.2256,2214.0,19.0,5940.0,5714.0,226.0,3.8,44702.0,1805.0,3812.0,2679.0,1672.0,18.10794543,38.2423756,26.87600321,16.77367576,2495.2397,22.445274,281.23974609375,3.4452743530273438
1067,AL,Henry County,17670,2754.0,0.1559,2253.0,13.0,7003.0,6817.0,186.0,2.7,56702.0,2260.0,4119.0,3585.0,2758.0,17.76450244,32.37698475,28.17953152,21.67898129,1935.897,14.721229,-317.10302734375,1.7212285995483398
1069,AL,Houston County,108047,18465.0,0.1709,12530.0,94.0,47661.0,46452.0,1209.0,2.5,56842.0,9386.0,23903.0,24241.0,16960.0,12.60034904,32.08887099,32.54262317,22.7681568,13015.802,98.88475,485.8017578125,4.8847503662109375
1071,AL,Jackson County,52923,8434.0,0.1594,6888.0,75.0,23233.0,22666.0,567.0,2.4,51965.0,6799.0,14353.0,10846.0,5892.0,17.94404856,37.88070731,28.62496701,15.55027712,6953.342,73.61741,65.341796875,-1.3825912475585938
1073,AL,Jefferson County,665084,106000.0,0.1594,99293.0,461.0,321927.0,313808.0,8119.0,2.5,61996.0,40950.0,117710.0,132567.0,163366.0,9.008057757,25.89349154,29.16168969,35.93676101,98968.484,463.21796,-324.515625,2.21795654296875
1075,AL,Lamar County,13706,2457.0,0.1793,1959.0,35.0,5711.0,5561.0,150.0,2.6,51523.0,1582.0,4031.0,3074.0,1139.0,16.10014248,41.02381437,31.28434765,11.5916955,1779.2339,31.608984,-179.76611328125,-3.3910160064697266
1077,AL,Lauderdale County,95875,12156.0,0.1268,13258.0,96.0,42754.0,41654.0,1100.0,2.6,59023.0,6945.0,21819.0,18581.0,17586.0,10.69596957,33.60336357,28.61653139,27.08413547,13289.819,92.460655,31.8193359375,-3.5393447875976562
1079,AL,Lawrence County,33187,5402.0,0.1628,4031.0,49.0,14691.0,14346.0,345.0,2.3,55516.0,3610.0,9616.0,6502.0,3652.0,15.44054748,41.12917023,27.8100941,15.6201882,4038.924,45.269962,7.924072265625,-3.7300376892089844
1081,AL,Lee County,180698,26211.0,0.1451,18376.0,128.0,78872.0,77053.0,1819.0,2.3,59637.0,9421.0,23949.0,31090.0,45415.0,8.574288965,21.79658703,28.29579067,41.33333333,18945.012,129.04169,569.01171875,1.04168701171875
1083,AL,Limestone County,110868,10669.0,0.0962,13597.0,82.0,48438.0,47454.0,984.0,2.0,83159.0,9402.0,19932.0,23286.0,22974.0,12.43749504,26.367172,30.80403207,30.3913009,13492.59,81.897865,-104.41015625,-0.10213470458984375
1085,AL,Lowndes County,9783,2814.0,0.2876,1272.0,14.0,3486.0,3309.0,177.0,5.1,42268.0,1174.0,3079.0,1775.0,971.0,16.77382483,43.99199886,25.36076582,13.87341049,1246.0094,15.431863,-25.9906005859375,1.4318628311157227
1087,AL,Macon County,18532,5351.0,0.2887,2327.0,21.0,7824.0,7533.0,291.0,3.7,36601.0,1842.0,3699.0,3702.0,2418.0,15.79624389,31.72112169,31.74684847,20.73578595,2013.5553,20.55428,-313.4447021484375,-0.4457206726074219
1089,AL,Madison County,403605,44142.0,0.1094,53456.0,281.0,199682.0,195558.0,4124.0,2.1,80426.0,20194.0,52261.0,75571.0,124533.0,7.409038043,19.17419715,27.7264739,45.69029091,53828.35,192.2459,372.3515625,-88.75410461425781
1091,AL,Marengo County,18791,3603.0,0.1917,2386.0,22.0,7626.0,7374.0,252.0,3.3,45587.0,1860.0,4453.0,3979.0,2640.0,14.38292607,34.43396226,30.76863594,20.41447572,2634.5159,26.093838,248.515869140625,4.093837738037109
1093,AL,Marion County,29182,5004.0,0.1715,4129.0,24.0,13786.0,13452.0,334.0,2.4,47742.0,3713.0,7491.0,6886.0,2663.0,17.8913892,36.09598612,33.18074495,12.83187973,4087.1846,24.582434,-41.8154296875,0.5824337005615234
1095,AL,Marshall County,99428,16175.0,0.1627,12119.0,85.0,45445.0,44538.0,907.0,2.0,53388.0,10141.0,21272.0,19798.0,13882.0,15.57924815,32.67939717,30.41494477,21.32640991,12226.21,88.96039,107.2099609375,3.96038818359375
1097,AL,Mobile County,411398,77450.0,0.1883,51743.0,368.0,189712.0,183641.0,6071.0,3.2,54315.0,30804.0,94779.0,84182.0,70483.0,10.99169307,33.81968828,30.03839456,25.15022409,50389.363,417.82138,-1353.63671875,49.821380615234375
1099,AL,Monroe County,19412,3963.0,0.2042,2817.0,38.0,7267.0,6976.0,291.0,4.0,47498.0,2213.0,6154.0,3605.0,1534.0,16.38531023,45.5649341,26.69184066,11.357915,2937.514,35.33404,120.513916015625,-2.6659584045410156
1101,AL,Montgomery County,226301,39991.0,0.1767,31563.0,205.0,106639.0,103432.0,3207.0,3.0,56862.0,16801.0,39432.0,42749.0,51616.0,11.15619065,26.18361466,28.38616715,34.27402754,31606.37,202.46378,43.369140625,-2.536224365234375
1103,AL,Morgan County,124231,15935.0,0.1283,20603.0,119.0,60647.0,59410.0,1237.0,2.0,62260.0,12692.0,26768.0,25857.0,19776.0,14.91544545,31.45734667,30.38675332,23.24045456,12431.462,85.98719,-8171.5380859375,-33.01280975341797
1105,AL,Perry County,7904,2714.0,0.3434,1106.0,9.0,3071.0,2914.0,157.0,5.1,33585.0,929.0,2220.0,1184.0,878.0,17.82767223,42.60218768,22.72116676,16.84897333,1160.7257,11.884329,54.7257080078125,2.884328842163086
1107,AL,Pickens County,18749,4007.0,0.2137,2655.0,27.0,7658.0,7415.0,243.0,3.2,45440.0,2194.0,5854.0,3693.0,1871.0,16.11813106,43.00617103,27.13047311,13.7452248,2502.8508,29.643871,-152.149169921875,2.643871307373047
1109,AL,Pike County,33008,8436.0,0.2556,3469.0,30.0,15988.0,15559.0,429.0,2.7,45144.0,2403.0,6573.0,5090.0,5286.0,12.41732121,33.9654816,26.30219099,27.3150062,3642.2344,31.834324,173.234375,1.8343238830566406
1111,AL,Randolph County,22460,4435.0,0.1975,2545.0,66.0,9628.0,9397.0,231.0,2.4,49433.0,2573.0,5583.0,4315.0,3219.0,16.39898024,35.583174,27.50159337,20.51625239,2698.7751,57.944363,153.775146484375,-8.05563735961914
1113,AL,Russell County,58594,12882.0,0.2199,4911.0,186.0,23359.0,22759.0,600.0,2.6,45074.0,5687.0,12427.0,15161.0,6744.0,14.21074989,31.05274994,37.88450486,16.8519953,6408.2744,74.36831,1497.2744140625,-111.6316909790039
1115,AL,St. Clair County,93881,11548.0,0.123,13454.0,74.0,42036.0,41134.0,902.0,2.1,70361.0,8114.0,22658.0,21550.0,13034.0,12.41508048,34.66858437,32.97325418,19.94308097,13459.943,71.18912,5.943359375,-2.810882568359375
1117,AL,Shelby County,230033,15339.0,0.0667,32467.0,95.0,120856.0,118695.0,2161.0,1.8,98263.0,9336.0,31864.0,42627.0,71981.0,5.991990142,20.45081125,27.35867221,46.19852639,32134.113,97.091484,-332.88671875,2.0914840698242188
1119,AL,Sumter County,11889,3377.0,0.284,1551.0,16.0,4568.0,4411.0,157.0,3.4,35152.0,858.0,2430.0,2478.0,1355.0,12.04886954,34.12442073,34.79848336,19.02822637,1543.8159,15.464988,-7.18408203125,-0.5350122451782227
1121,AL,Talladega County,80748,14318.0,0.1773,12376.0,94.0,36207.0,35115.0,1092.0,3.0,55186.0,8967.0,20730.0,18457.0,9740.0,15.48865167,35.80681936,31.88067848,16.82385049,12293.157,96.782646,-82.8427734375,2.7826461791992188
1123,AL,Tallapoosa County,40913,7107.0,0.1737,6198.0,47.0,17517.0,17028.0,489.0,2.8,55270.0,4818.0,9741.0,9626.0,5572.0,16.1911483,32.73515475,32.34869106,18.72500588,6160.526,49.41806,-37.47412109375,2.418060302734375
1125,AL,Tuscaloosa County,236690,36853.0,0.1557,30095.0,182.0,103171.0,100623.0,2548.0,2.5,60875.0,13080.0,41336.0,43904.0,44957.0,9.129169371,28.85040865,30.64274098,31.377681,30251.686,178.94228,156.685546875,-3.0577239990234375
1127,AL,Walker County,64438,10557.0,0.1638,10250.0,88.0,25457.0,24772.0,685.0,2.7,51065.0,7685.0,15406.0,14613.0,7183.0,17.12076993,34.32174126,32.55508276,16.00240604,7158.126,102.430664,-3091.8740234375,14.4306640625
1129,AL,Washington County,15094,2493.0,0.1652,1636.0,18.0,6514.0,6282.0,232.0,3.6,53785.0,1215.0,4393.0,3390.0,1740.0,11.31495623,40.91078413,31.57012479,16.20413485,1820.7632,19.129786,184.76318359375,1.1297855377197266
1131,AL,Wilcox County,10139,2965.0,0.2924,1664.0,19.0,2529.0,2337.0,192.0,7.6,33682.0,1534.0,2708.0,1834.0,855.0,22.13244842,39.07084115,26.46082816,12.33588227,1701.107,14.852442,37.1070556640625,-4.147558212280273
1133,AL,Winston County,23741,4284.0,0.1804,4081.0,28.0,10121.0,9878.0,243.0,2.4,51149.0,3622.0,6837.0,4318.0,2281.0,21.23343886,40.08090046,25.31363583,13.37202486,3624.8108,27.49414,-456.189208984375,-0.505859375
2013,AK,Aleutians East Borough,3430,549.0,0.1601,853.0,2.0,2400.0,2351.0,49.0,2.0,85852.0,420.0,1030.0,684.0,473.0,16.11047181,39.50901419,26.23705409,18.14345992,80.85227,-4.6548805,-772.1477279663086,-6.654880523681641
2016,AK,Aleutians West Census Area,5090,473.0,0.0929,940.0,1.0,3433.0,3322.0,111.0,3.2,112218.0,373.0,1520.0,1341.0,687.0,9.512879368,38.76562102,34.20045907,17.52104055,852.33514,3.0630424,-87.66485595703125,2.063042402267456
2020,AK,Anchorage Municipality,286983,29127.0,0.1015,58261.0,160.0,149832.0,144596.0,5236.0,3.5,99162.0,11534.0,47142.0,61289.0,72530.0,5.991843944,24.48998675,31.83926855,37.67890075,57567.277,160.75237,-693.72265625,0.7523651123046875
2050,AK,Bethel Census Area,18259,3910.0,0.2141,5549.0,15.0,6621.0,6007.0,614.0,9.3,59011.0,1840.0,4876.0,2407.0,1058.0,18.07288086,47.89313427,23.64207838,10.39190649,3284.3962,14.929175,-2264.603759765625,-0.07082462310791016
2068,AK,Denali Borough,1575,116.0,0.0737,1496.0,1.0,991.0,926.0,65.0,6.6,90897.0,110.0,771.0,389.0,393.0,6.614552014,46.36199639,23.39146121,23.63199038,1285.7322,3.7598767,-210.267822265625,2.7598767280578613
2070,AK,Dillingham Census Area,4724,924.0,0.1956,1215.0,4.0,1656.0,1559.0,97.0,5.9,69716.0,362.0,1215.0,732.0,554.0,12.64407964,42.4380021,25.56758645,19.35033182,1096.8749,2.8004084,-118.1251220703125,-1.1995916366577148
2090,AK,Fairbanks North Star Borough,95202,7117.0,0.0748,15309.0,49.0,45088.0,43353.0,1735.0,3.8,84166.0,3133.0,15646.0,21796.0,20632.0,5.118695574,25.56243567,35.61030601,33.70856275,12334.241,64.21508,-2974.7587890625,15.215080261230469
2100,AK,Haines Borough,2070,210.0,0.1014,540.0,0.0,1064.0,991.0,73.0,6.9,70610.0,26.0,471.0,500.0,584.0,1.644528779,29.79127135,31.62555345,36.93864643,433.49738,0.7001946,-106.50262451171875,0.7001945972442627
2110,AK,Juneau City and Borough,31740,2455.0,0.0773,7221.0,14.0,17267.0,16765.0,502.0,2.9,102097.0,1225.0,4883.0,7526.0,9264.0,5.349812211,21.32500655,32.86749934,40.45768189,6578.8325,16.426048,-642.16748046875,2.4260482788085938
2122,AK,Kenai Peninsula Borough,60611,6512.0,0.1074,9983.0,40.0,27944.0,26624.0,1320.0,4.7,76254.0,2416.0,13002.0,14557.0,12477.0,5.691133515,30.62753227,34.29049279,29.39084142,6023.7275,48.71887,-3959.2724609375,8.718868255615234
2130,AK,Ketchikan Gateway Borough,13772,1164.0,0.0845,2706.0,11.0,6763.0,6496.0,267.0,3.9,82648.0,507.0,2929.0,3856.0,2693.0,5.077616425,29.334001,38.61792689,26.97045568,2272.3152,10.001376,-433.684814453125,-0.9986238479614258
2150,AK,Kodiak Island Borough,12639,921.0,0.0729,2984.0,2.0,5941.0,5671.0,270.0,4.5,83222.0,631.0,2448.0,2958.0,2419.0,7.462157048,28.94985809,34.98107852,28.60690634,2973.8423,6.109966,-10.15771484375,4.109965801239014
2158,AK,Kusilvak Census Area,8214,2454.0,0.2988,2321.0,6.0,2245.0,1942.0,303.0,13.5,41824.0,757.0,2090.0,917.0,230.0,18.95343015,52.32849274,22.95943916,5.758637957,2197.2627,6.414107,-123.7373046875,0.4141068458557129
2170,AK,Matanuska-Susitna Borough,113472,10866.0,0.0958,15060.0,91.0,49476.0,47084.0,2392.0,4.8,86313.0,4171.0,24748.0,26423.0,17746.0,5.706819177,33.86055166,36.15230954,24.28031961,11692.341,90.901,-3367.6591796875,-0.0989990234375
2180,AK,Nome Census Area,9791,1909.0,0.195,4572.0,4.0,4093.0,3798.0,295.0,7.2,64480.0,632.0,2453.0,1494.0,968.0,11.39354606,44.22210204,26.93347756,17.45087435,3986.5723,4.5296288,-585.427734375,0.5296287536621094
2185,AK,North Slope Borough,10811,1474.0,0.1363,2363.0,8.0,2950.0,2794.0,156.0,5.3,95795.0,717.0,3192.0,2303.0,1090.0,9.819227609,43.71405094,31.5393043,14.92741715,2171.159,9.324016,-191.841064453125,1.3240156173706055
2188,AK,Northwest Arctic Borough,7453,1447.0,0.1942,3317.0,11.0,2722.0,2462.0,260.0,9.6,69234.0,575.0,1875.0,1128.0,506.0,14.07933399,45.91087169,27.61998041,12.38981391,3234.1736,11.400775,-82.826416015625,0.4007749557495117
2195,AK,Petersburg Borough,3370,230.0,0.0682,371.0,4.0,1423.0,1336.0,87.0,6.1,76641.0,232.0,731.0,826.0,677.0,9.407948094,29.6431468,33.49553933,27.45336577,347.02185,3.2434602,-23.9781494140625,-0.7565398216247559
2198,AK,Prince of Wales-Hyder Census Area,5650,820.0,0.1451,1150.0,4.0,2680.0,2526.0,154.0,5.7,58381.0,309.0,1592.0,1501.0,696.0,7.540263543,38.84821864,36.62762323,16.98389458,864.4231,8.21131,-285.576904296875,4.211310386657715
2220,AK,Sitka City and Borough,8353,651.0,0.0779,2082.0,4.0,4509.0,4379.0,130.0,2.9,90345.0,266.0,1526.0,2212.0,2097.0,4.359940993,25.01229307,36.25635142,34.37141452,1194.5597,5.951831,-887.4403076171875,1.9518308639526367
2230,AK,Skagway Municipality,1092,100.0,0.0916,575.0,0.0,769.0,717.0,52.0,6.8,73603.0,65.0,381.0,304.0,288.0,6.262042389,36.70520231,29.28709056,27.74566474,458.56335,-1.4129134,-116.4366455078125,-1.41291344165802
2240,AK,Southeast Fairbanks Census Area,7016,865.0,0.1233,1024.0,7.0,3214.0,3039.0,175.0,5.4,74732.0,326.0,1776.0,1657.0,915.0,6.974753958,37.99743261,35.45143346,19.57637997,737.48157,11.765738,-286.5184326171875,4.765737533569336
2275,AK,Wrangell City and Borough,2071,246.0,0.1188,568.0,0.0,875.0,828.0,47.0,5.4,67761.0,148.0,482.0,599.0,286.0,9.768976898,31.81518152,39.5379538,18.87788779,443.6284,2.9371774,-124.37161254882812,2.9371774196624756
2290,AK,Yukon-Koyukuk Census Area,5169,1084.0,0.2097,885.0,4.0,2325.0,2132.0,193.0,8.3,47798.0,465.0,1369.0,1200.0,445.0,13.36590974,39.35038804,34.49267031,12.79103191,1036.1786,6.1222024,151.1785888671875,2.1222023963928223
4001,AZ,Apache County,65533,18155.0,0.277,18868.0,94.0,18361.0,16938.0,1423.0,7.8,40632.0,6404.0,13264.0,16320.0,6485.0,15.07781414,31.22925152,38.4244108,15.26852353,18704.502,94.392975,-163.498046875,0.392974853515625
4003,AZ,Cochise County,125487,21447.0,0.1709,18181.0,153.0,48730.0,46597.0,2133.0,4.4,55254.0,9624.0,22464.0,32484.0,24687.0,10.78210601,25.16721003,36.39296878,27.65771519,17602.908,154.39246,-578.091796875,1.3924560546875
4005,AZ,Coconino County,144223,22092.0,0.1532,23823.0,96.0,73616.0,70437.0,3179.0,4.3,64016.0,7030.0,18759.0,27102.0,34705.0,8.025480616,21.41536143,30.93976894,39.61938901,19860.133,143.38184,-3962.8671875,47.3818359375
4007,AZ,Gila County,53922,9832.0,0.1823,8734.0,97.0,20361.0,19518.0,843.0,4.1,51928.0,4160.0,12616.0,15789.0,7563.0,10.36682616,31.43939394,39.34659091,18.847189,8932.483,86.72224,198.4833984375,-10.277763366699219
4009,AZ,Graham County,38822,5434.0,0.14,4916.0,27.0,16158.0,15585.0,573.0,3.5,63797.0,3905.0,7509.0,9746.0,3615.0,15.76185671,30.30877901,39.33804238,14.5913219,4804.7544,28.412743,-111.24560546875,1.4127426147460938
4011,AZ,Greenlee County,9327,851.0,0.0912,1170.0,12.0,4645.0,4510.0,135.0,2.9,76338.0,718.0,1857.0,2224.0,1231.0,11.90713101,30.7960199,36.88225539,20.4145937,902.8647,8.508074,-267.13531494140625,-3.4919261932373047
4012,AZ,La Paz County,16535,3258.0,0.197,2232.0,45.0,8869.0,8454.0,415.0,4.7,53925.0,2310.0,4520.0,4573.0,1834.0,17.45108408,34.14670998,34.54710282,13.85510312,2418.8245,37.976,186.824462890625,-7.023998260498047
4013,AZ,Maricopa County,4555833,487571.0,0.107,607154.0,4602.0,2371901.0,2293121.0,78780.0,3.3,83668.0,320731.0,670499.0,967349.0,1094926.0,10.50369985,21.95833968,31.67995468,35.8580058,607264.06,4600.528,110.0625,-1.47216796875
4015,AZ,Mohave County,220905,36075.0,0.1633,26992.0,423.0,89078.0,85048.0,4030.0,4.5,54842.0,20053.0,58746.0,65431.0,25224.0,11.83389002,34.66781545,38.61283888,14.88545564,26985.518,421.01218,-6.482421875,-1.987823486328125
4017,AZ,Navajo County,108800,27684.0,0.2544,20145.0,207.0,39515.0,37479.0,2036.0,5.2,49948.0,10058.0,21599.0,27491.0,12661.0,14.00660084,30.07840243,38.28350207,17.63149466,19800.896,204.46251,-344.103515625,-2.5374908447265625
4019,AZ,Pima County,1057476,150271.0,0.1421,135392.0,978.0,486536.0,468109.0,18427.0,3.8,64007.0,72430.0,152567.0,236991.0,258412.0,10.05413659,21.1780955,32.89714048,35.87062743,135397.19,979.4298,5.1875,1.4298095703125
4021,AZ,Pinal County,465037,50448.0,0.1085,64599.0,448.0,198462.0,190831.0,7631.0,3.8,76232.0,34515.0,96302.0,116286.0,70307.0,10.87394852,30.33993888,36.63589679,22.15021581,61112.473,421.46075,-3486.52734375,-26.53924560546875
4023,AZ,Santa Cruz County,48680,9009.0,0.1851,8823.0,36.0,18708.0,17298.0,1410.0,7.5,53467.0,6978.0,8255.0,8534.0,7534.0,22.29321747,26.37295933,27.26430465,24.06951855,8575.026,34.785328,-247.9736328125,-1.2146720886230469
4025,AZ,Yavapai County,246230,32990.0,0.134,22348.0,370.0,107069.0,103377.0,3692.0,3.4,64187.0,14150.0,46739.0,71872.0,55826.0,7.503168299,24.78378679,38.11079237,29.60225254,23025.463,365.10336,677.462890625,-4.896636962890625
4027,AZ,Yuma County,208874,29448.0,0.141,25250.0,240.0,97522.0,85370.0,12152.0,12.5,54209.0,31462.0,35997.0,44758.0,22452.0,23.36246649,26.7299824,33.23556275,16.67198836,25453.408,240.7599,203.408203125,0.7599029541015625
5001,AR,Arkansas County,16498,3049.0,0.1848,3148.0,28.0,9199.0,8904.0,295.0,3.2,52145.0,1457.0,4965.0,3434.0,1784.0,12.51718213,42.65463918,29.50171821,15.32646048,2762.2236,29.033405,-385.7763671875,1.0334053039550781
5003,AR,Ashley County,18348,3956.0,0.2156,2666.0,25.0,6658.0,6299.0,359.0,5.4,47253.0,1588.0,6796.0,3075.0,1589.0,12.17044758,52.08461067,23.56683017,12.17811159,2729.2805,25.236197,63.280517578125,0.23619651794433594
5005,AR,Baxter County,42485,5753.0,0.1354,3798.0,78.0,16365.0,15796.0,569.0,3.5,48573.0,3408.0,11142.0,11578.0,6029.0,10.59800355,34.64875455,36.00460242,18.74863949,5656.221,60.021652,1858.22119140625,-17.978347778320312
5007,AR,Benton County,302822,23586.0,0.0779,29123.0,274.0,151087.0,147613.0,3474.0,2.3,86374.0,18335.0,54731.0,50252.0,71213.0,9.425232996,28.1348474,25.83238661,36.60753299,29272.27,273.55948,149.26953125,-0.440521240234375
5009,AR,Boone County,38280,5044.0,0.1318,4086.0,57.0,15719.0,15278.0,441.0,2.8,53025.0,2464.0,9469.0,10300.0,4333.0,9.275013175,35.64330347,38.77136189,16.31032146,4159.998,56.26413,73.998046875,-0.735870361328125
5011,AR,Bradley County,10168,2189.0,0.2153,1441.0,15.0,4059.0,3863.0,196.0,4.8,44982.0,883.0,3130.0,1826.0,1093.0,12.73802654,45.15291402,26.34160415,15.76745528,1516.3358,13.291283,75.3358154296875,-1.7087173461914062
5013,AR,Calhoun County,4687,720.0,0.1536,537.0,5.0,2345.0,2274.0,71.0,3.0,52535.0,451.0,1442.0,880.0,613.0,13.31955109,42.58712345,25.98936799,18.10395747,678.09937,5.0857306,141.099365234375,0.08573055267333984
5015,AR,Carroll County,28717,4553.0,0.1585,2541.0,39.0,12370.0,12015.0,355.0,2.9,50433.0,3255.0,7078.0,5714.0,4296.0,16.00058988,34.79329499,28.0882859,21.11782923,2874.3552,41.805286,333.355224609375,2.805286407470703
5017,AR,Chicot County,9834,2468.0,0.251,1001.0,15.0,2971.0,2792.0,179.0,6.0,38217.0,1287.0,2789.0,1699.0,1202.0,18.44632363,39.97420095,24.35144045,17.22803497,1183.0653,15.294694,182.0653076171875,0.2946939468383789
5019,AR,Clark County,21276,3762.0,0.1768,2560.0,24.0,8436.0,8066.0,370.0,4.4,50519.0,1242.0,4048.0,3932.0,3155.0,10.03474186,32.70582532,31.76860305,25.49082976,2687.257,25.330105,127.257080078125,1.3301048278808594
5021,AR,Clay County,14271,2812.0,0.197,1985.0,23.0,5400.0,5191.0,209.0,3.9,46855.0,1371.0,4573.0,2720.0,1604.0,13.35216206,44.53642384,26.49006623,15.62134788,1937.793,22.029697,-47.20703125,-0.9703025817871094
5023,AR,Cleburne County,25253,3256.0,0.1289,3570.0,41.0,8909.0,8543.0,366.0,4.1,52662.0,2194.0,7377.0,5715.0,3417.0,11.73073838,39.44287013,30.5565952,18.26979629,3346.7532,39.984135,-223.246826171875,-1.0158653259277344
5025,AR,Cleveland County,7467,1114.0,0.1492,1091.0,7.0,3069.0,2954.0,115.0,3.7,55533.0,449.0,2405.0,1646.0,873.0,8.356597804,44.76084124,30.63465476,16.2479062,950.36395,8.630232,-140.63604736328125,1.6302318572998047
5027,AR,Columbia County,22286,4509.0,0.2023,2932.0,27.0,8691.0,8321.0,370.0,4.3,47278.0,1625.0,5718.0,3872.0,2871.0,11.53627715,40.59349709,27.48828624,20.38193951,3059.83,23.354998,127.830078125,-3.6450023651123047
5029,AR,Conway County,21021,3746.0,0.1782,2796.0,29.0,8333.0,8030.0,303.0,3.6,52405.0,1439.0,6335.0,4155.0,2648.0,9.871715717,43.45887357,28.50380737,18.16560335,2859.3003,34.597183,63.30029296875,5.5971832275390625
5031,AR,Craighead County,112863,18689.0,0.1656,19965.0,117.0,57007.0,55481.0,1526.0,2.7,60580.0,6989.0,23207.0,21604.0,19912.0,9.745928157,32.36139,30.12605979,27.76662204,19241.557,113.97684,-723.443359375,-3.023162841796875
5033,AR,Crawford County,61041,9709.0,0.1591,6834.0,96.0,26156.0,25343.0,813.0,3.1,54741.0,5532.0,15022.0,12841.0,7988.0,13.36780804,36.29992992,31.02964986,19.30261218,7152.7197,89.54034,318.7197265625,-6.459663391113281
5035,AR,Crittenden County,47051,10118.0,0.215,6373.0,51.0,20422.0,19620.0,802.0,3.9,49644.0,4477.0,11493.0,9230.0,5233.0,14.7110045,37.76492623,30.32891927,17.19515,6206.8315,49.143818,-166.16845703125,-1.8561820983886719
5037,AR,Cross County,16590,3589.0,0.2163,2455.0,28.0,6903.0,6656.0,247.0,3.6,48299.0,1901.0,4831.0,3028.0,1700.0,16.58813264,42.15532286,26.42233857,14.83420593,2305.6155,26.81307,-149.384521484375,-1.186929702758789
5039,AR,Dallas County,6196,1192.0,0.1924,837.0,18.0,2696.0,2591.0,105.0,3.9,44476.0,505.0,2225.0,1357.0,512.0,10.98064797,48.38008263,29.50641444,11.13285497,889.949,15.533746,52.948974609375,-2.466254234313965
5041,AR,Desha County,10758,2986.0,0.2776,1563.0,8.0,4885.0,4633.0,252.0,5.2,41251.0,1659.0,3083.0,1783.0,978.0,22.11115554,41.09023057,23.7638278,13.03478609,1727.5067,10.517874,164.5067138671875,2.517873764038086
5043,AR,Drew County,16912,3387.0,0.2003,2386.0,22.0,7369.0,7054.0,315.0,4.3,48635.0,1411.0,4213.0,2785.0,2559.0,12.8646973,38.41174325,25.3920496,23.33150985,2490.3542,22.188343,104.354248046875,0.18834304809570312
5045,AR,Faulkner County,127565,17847.0,0.1399,19564.0,111.0,63082.0,61301.0,1781.0,2.8,63429.0,4955.0,23849.0,23603.0,26043.0,6.31612492,30.40025494,30.08667941,33.19694073,19302.635,109.67019,-261.365234375,-1.3298110961914062
5047,AR,Franklin County,17270,2853.0,0.1652,1513.0,21.0,7361.0,7122.0,239.0,3.2,48248.0,1564.0,5061.0,3879.0,1592.0,12.92989418,41.84027778,32.06845238,13.16137566,1741.3455,22.341354,228.345458984375,1.3413543701171875
5049,AR,Fulton County,12355,2099.0,0.1699,1025.0,21.0,4948.0,4785.0,163.0,3.3,42588.0,1099.0,3657.0,2792.0,1408.0,12.27110317,40.83296114,31.17463153,15.72130415,1067.9387,21.07844,42.938720703125,0.07843971252441406
5051,AR,Garland County,99982,17077.0,0.1708,9815.0,137.0,41483.0,39936.0,1547.0,3.7,53239.0,6640.0,22533.0,24611.0,19140.0,9.105369974,30.89929241,33.7488344,26.24650321,10423.764,134.36607,608.763671875,-2.6339263916015625
5053,AR,Grant County,18129,2387.0,0.1317,2064.0,13.0,8457.0,8205.0,252.0,3.0,63512.0,1131.0,5314.0,3615.0,2663.0,8.889412874,41.76687888,28.41311012,20.93059813,2253.464,15.90739,189.464111328125,2.9073896408081055
5055,AR,Greene County,46408,7401.0,0.1595,7847.0,55.0,19555.0,18936.0,619.0,3.2,54475.0,3936.0,13303.0,8844.0,5150.0,12.60205552,42.59277047,28.31620401,16.48897,7470.131,57.052887,-376.869140625,2.052886962890625
5057,AR,Hempstead County,19481,4011.0,0.2059,2299.0,30.0,9259.0,8965.0,294.0,3.2,46423.0,2192.0,5225.0,3882.0,1931.0,16.56840514,39.49357521,29.34240363,14.59561602,2823.3916,28.004307,524.3916015625,-1.9956932067871094
5059,AR,Hot Spring County,33149,5339.0,0.1611,4658.0,44.0,13683.0,13216.0,467.0,3.4,50654.0,2544.0,9841.0,7820.0,3787.0,10.60353451,41.01783928,32.59419807,15.78442814,4615.215,43.600925,-42.78515625,-0.3990745544433594
5061,AR,Howard County,12622,2214.0,0.1754,1843.0,19.0,5334.0,5161.0,173.0,3.2,46449.0,893.0,3679.0,2437.0,1403.0,10.61578697,43.73514028,28.97051831,16.67855445,1478.1536,18.411684,-364.846435546875,-0.5883159637451172
5063,AR,Independence County,38254,5525.0,0.1444,5207.0,58.0,16433.0,15897.0,536.0,3.3,57611.0,3172.0,9995.0,7917.0,4279.0,12.50640697,39.40779876,31.21476166,16.87103261,5086.041,53.682446,-120.958984375,-4.317554473876953
5065,AR,Izard County,14029,2894.0,0.2063,1655.0,21.0,4437.0,4214.0,223.0,5.0,43920.0,1601.0,3747.0,3198.0,1967.0,15.22876439,35.64158661,30.41948064,18.71016836,1709.9812,22.792673,54.981201171875,1.792673110961914
5067,AR,Jackson County,16654,3515.0,0.2111,2354.0,27.0,5435.0,5173.0,262.0,4.8,43579.0,1943.0,5141.0,3301.0,1587.0,16.22953558,42.94186435,27.57266956,13.2559305,2415.0317,29.579044,61.03173828125,2.5790443420410156
5069,AR,Jefferson County,64295,13011.0,0.2024,8716.0,75.0,25461.0,24176.0,1285.0,5.0,45894.0,5139.0,18473.0,12059.0,9278.0,11.43295735,41.09768849,26.82818305,20.64117111,8894.236,77.11966,178.236328125,2.119659423828125
5071,AR,Johnson County,25970,4815.0,0.1854,3118.0,33.0,9966.0,9565.0,401.0,4.0,46660.0,2788.0,7134.0,4267.0,3131.0,16.09699769,41.18937644,24.63625866,18.07736721,3679.0037,39.709972,561.003662109375,6.709972381591797
5073,AR,Lafayette County,6129,1429.0,0.2332,578.0,2.0,2289.0,2183.0,106.0,4.6,42437.0,826.0,2117.0,1138.0,414.0,18.3759733,47.09677419,25.31701891,9.210233593,760.6387,6.307651,182.638671875,4.307651042938232
5075,AR,Lawrence County,16194,2976.0,0.1838,2617.0,24.0,6757.0,6522.0,235.0,3.5,47312.0,1925.0,4016.0,3453.0,1534.0,17.61530015,36.74963397,31.5977306,14.03733529,2157.5696,22.255001,-459.430419921875,-1.7449989318847656
5077,AR,Lee County,8367,2353.0,0.2812,988.0,12.0,2552.0,2439.0,113.0,4.4,35213.0,1053.0,2885.0,1692.0,415.0,17.41935484,47.72539289,27.99007444,6.865177833,881.4081,14.412722,-106.5919189453125,2.412721633911133
5079,AR,Lincoln County,12910,2265.0,0.1754,1467.0,12.0,3680.0,3521.0,159.0,4.3,48311.0,1641.0,4719.0,2375.0,1066.0,16.74318947,48.14814815,24.2322212,10.87644118,1551.4451,14.370743,84.445068359375,2.3707427978515625
5081,AR,Little River County,11865,1971.0,0.1661,1603.0,24.0,5140.0,4947.0,193.0,3.8,48883.0,760.0,3682.0,2540.0,1475.0,8.986638288,43.5378976,30.03429112,17.44117299,2001.3477,21.430035,398.34765625,-2.569965362548828
5083,AR,Logan County,21258,3919.0,0.1844,2035.0,31.0,8232.0,7927.0,305.0,3.7,48510.0,1629.0,6652.0,4564.0,2365.0,10.71005917,43.73438527,30.00657462,15.54898093,2555.2468,30.910637,520.246826171875,-0.08936309814453125
5085,AR,Lonoke County,75199,8529.0,0.1134,10097.0,87.0,34233.0,33300.0,933.0,2.7,66160.0,4921.0,18610.0,16186.0,10554.0,9.788943924,37.0193551,32.19748961,20.99421137,9930.587,84.198975,-166.4130859375,-2.801025390625
5087,AR,Madison County,17463,2856.0,0.1635,1861.0,23.0,7763.0,7577.0,186.0,2.4,51233.0,1702.0,6186.0,2540.0,1536.0,14.22601137,51.70511535,21.23035774,12.83851555,2713.201,22.048058,852.200927734375,-0.9519424438476562
5089,AR,Marion County,17289,2662.0,0.154,1457.0,23.0,6205.0,5979.0,226.0,3.6,49313.0,1782.0,4706.0,4521.0,2010.0,13.68768723,36.14716952,34.72616944,15.43897381,1818.4753,26.278097,361.475341796875,3.278097152709961
5091,AR,Miller County,42608,9380.0,0.2201,4466.0,53.0,18528.0,17824.0,704.0,3.8,48652.0,3777.0,11672.0,8789.0,4633.0,13.08233175,40.42811125,30.44231235,16.04724464,4438.726,54.011032,-27.27392578125,1.0110321044921875
5093,AR,Mississippi County,38863,8269.0,0.2128,6464.0,71.0,16167.0,15340.0,827.0,5.1,45168.0,3731.0,11010.0,7510.0,3676.0,14.39040383,42.46538358,28.96594284,14.17826976,5654.945,54.267895,-809.05517578125,-16.732105255126953
5095,AR,Monroe County,6568,1612.0,0.2454,1032.0,12.0,2520.0,2411.0,109.0,4.3,33090.0,784.0,1924.0,1284.0,740.0,16.56804734,40.65934066,27.13440406,15.63820795,821.1616,11.266754,-210.83837890625,-0.733245849609375
5097,AR,Montgomery County,8543,1692.0,0.1981,550.0,13.0,2846.0,2714.0,132.0,4.6,46069.0,808.0,2404.0,2198.0,1096.0,12.41930526,36.95050722,33.7841992,16.84598832,832.1572,12.955023,282.1572265625,-0.04497718811035156
5099,AR,Nevada County,8179,1748.0,0.2137,1193.0,5.0,3408.0,3278.0,130.0,3.8,44649.0,554.0,2734.0,1662.0,654.0,9.88579586,48.78658101,29.65738758,11.67023555,1118.4279,9.354082,-74.5721435546875,4.354082107543945
5101,AR,Newton County,7101,1357.0,0.1911,658.0,8.0,3167.0,3075.0,92.0,2.9,47996.0,761.0,2011.0,1710.0,745.0,14.55902047,38.47331165,32.71475033,14.25291754,778.38245,11.468978,120.3824462890625,3.468977928161621
5103,AR,Ouachita County,21994,3906.0,0.1776,2804.0,30.0,9550.0,9188.0,362.0,3.8,49275.0,1742.0,6619.0,4936.0,2364.0,11.12317221,42.26422323,31.51778303,15.09482153,2781.4634,30.754349,-22.53662109375,0.7543487548828125
5105,AR,Perry County,10073,1614.0,0.1602,1244.0,16.0,4219.0,4072.0,147.0,3.5,56640.0,601.0,3200.0,2197.0,1240.0,8.303398729,44.21110804,30.35368886,17.13180437,1105.6914,14.641321,-138.30859375,-1.3586788177490234
5107,AR,Phillips County,15350,5263.0,0.3429,2300.0,21.0,5475.0,5137.0,338.0,6.2,36098.0,1811.0,3505.0,3600.0,1516.0,17.36004601,33.59854294,34.50920245,14.53220859,2430.874,19.435118,130.8740234375,-1.5648822784423828
5109,AR,Pike County,10159,1895.0,0.1865,1031.0,13.0,4028.0,3883.0,145.0,3.6,41348.0,914.0,2614.0,2176.0,1387.0,12.88957834,36.86362995,30.68678607,19.56000564,982.0578,15.816206,-48.94219970703125,2.8162059783935547
5111,AR,Poinsett County,22453,4416.0,0.1967,4093.0,32.0,9880.0,9555.0,325.0,3.3,47372.0,2729.0,7105.0,3778.0,1843.0,17.65771595,45.97217729,24.44516338,11.92494338,3471.3972,34.77989,-621.602783203125,2.779888153076172
5113,AR,Polk County,19334,3325.0,0.172,1498.0,31.0,7779.0,7502.0,277.0,3.6,45289.0,1709.0,4853.0,4653.0,2330.0,12.61720192,35.82871908,34.35215947,17.20191953,2289.109,29.655403,791.10888671875,-1.3445968627929688
5115,AR,Pope County,64053,9379.0,0.1464,7792.0,60.0,27351.0,26322.0,1029.0,3.8,57881.0,5819.0,14526.0,10931.0,10224.0,14.02168675,35.00240964,26.33975904,24.63614458,7863.472,63.928265,71.47216796875,3.928264617919922
5117,AR,Prairie County,8077,1182.0,0.1463,1013.0,15.0,3504.0,3403.0,101.0,2.9,51017.0,835.0,2605.0,1501.0,991.0,14.0761969,43.91436278,25.30343898,16.70600135,958.4275,14.231751,-54.572509765625,-0.7682485580444336
5119,AR,Pulaski County,399387,67560.0,0.1692,58278.0,329.0,189421.0,183068.0,6353.0,3.4,57057.0,21745.0,67972.0,79732.0,101068.0,8.038311825,25.12670183,29.47393325,37.36105309,58490.617,324.67496,212.6171875,-4.325042724609375
5121,AR,Randolph County,18852,3674.0,0.1949,2513.0,35.0,7147.0,6911.0,236.0,3.3,45638.0,1782.0,5182.0,3963.0,1850.0,13.9469359,40.55725131,31.01667058,14.47914221,2384.5815,29.986423,-128.41845703125,-5.013576507568359
5123,AR,St. Francis County,22402,6544.0,0.2921,3226.0,32.0,7542.0,7186.0,356.0,4.7,38062.0,2311.0,7132.0,4617.0,2083.0,14.31580252,44.18014,28.60063185,12.90342563,3138.658,32.869816,-87.342041015625,0.8698158264160156
5125,AR,Saline County,127415,12335.0,0.0968,15703.0,128.0,59981.0,58390.0,1591.0,2.7,70330.0,6403.0,28527.0,27359.0,24828.0,7.349885786,32.74561796,31.40489227,28.49960398,15012.502,126.53335,-690.498046875,-1.4666519165039062
5127,AR,Scott County,9796,2042.0,0.2085,953.0,14.0,4184.0,4070.0,114.0,2.7,42599.0,1065.0,2981.0,2114.0,748.0,15.41690793,43.15286624,30.60220035,10.82802548,1126.2705,17.076466,173.2705078125,3.076465606689453
5129,AR,Searcy County,7906,1703.0,0.2154,1062.0,21.0,2826.0,2702.0,124.0,4.4,38070.0,1146.0,2095.0,1715.0,786.0,19.95820272,36.48554511,29.86764194,13.68861024,917.5089,10.834429,-144.4910888671875,-10.165571212768555
5131,AR,Sebastian County,129109,21673.0,0.1679,14234.0,155.0,54978.0,53329.0,1649.0,3.0,52679.0,12810.0,26146.0,26402.0,21075.0,14.82072819,30.25002025,30.54620342,24.38304814,14522.18,154.39316,288.1796875,-0.606842041015625
5133,AR,Sevier County,15738,3203.0,0.2035,2743.0,21.0,5355.0,5152.0,203.0,3.8,49384.0,2636.0,3152.0,2761.0,1049.0,27.46405501,32.84017504,28.76640967,10.92936028,2506.7515,19.090664,-236.24853515625,-1.9093360900878906
5135,AR,Sharp County,17836,3433.0,0.1925,2233.0,41.0,5767.0,5536.0,231.0,4.0,45740.0,1867.0,5172.0,4191.0,1521.0,14.64198886,40.56152459,32.86801035,11.9284762,2338.4944,35.81646,105.494384765625,-5.183540344238281
5137,AR,Stone County,12585,2531.0,0.2011,1529.0,28.0,4505.0,4322.0,183.0,4.1,41063.0,1279.0,3413.0,3042.0,1406.0,13.99343545,37.34135667,33.28227571,15.38293217,1529.083,18.580366,0.0830078125,-9.419633865356445
5139,AR,Union County,37813,6993.0,0.1849,4446.0,51.0,14663.0,13979.0,684.0,4.7,50258.0,3156.0,10506.0,7586.0,4958.0,12.04304358,40.09005571,28.94756926,18.91933145,6375.7847,52.684135,1929.78466796875,1.6841354370117188
5141,AR,Van Buren County,16103,3127.0,0.1942,1744.0,21.0,5906.0,5661.0,245.0,4.1,47150.0,1613.0,5243.0,3156.0,1876.0,13.56830417,44.10329744,26.54777927,15.78061911,2366.031,27.732357,622.031005859375,6.732357025146484
5143,AR,Washington County,256682,35177.0,0.137,31163.0,178.0,133513.0,130518.0,2995.0,2.2,62100.0,19668.0,43708.0,37590.0,53450.0,12.73702207,28.30535696,24.3433323,34.61428867,28679.258,228.66632,-2483.7421875,50.66632080078125
5145,AR,White County,77616,11907.0,0.1534,11792.0,121.0,33928.0,32772.0,1156.0,3.4,56866.0,6753.0,20693.0,13420.0,10091.0,13.25235002,40.60874855,26.33593029,19.80297113,9744.5205,81.22709,-2047.4794921875,-39.772911071777344
5147,AR,Woodruff County,6057,1337.0,0.2207,1059.0,9.0,2773.0,2678.0,95.0,3.4,41225.0,745.0,2013.0,910.0,693.0,17.08323779,46.15913781,20.86677368,15.89085072,989.10815,9.966884,-69.891845703125,0.966883659362793
5149,AR,Yell County,20091,3235.0,0.161,2557.0,29.0,7841.0,7548.0,293.0,3.7,50275.0,2545.0,5464.0,3780.0,1970.0,18.49698379,39.71218839,27.47292681,14.31790101,2532.4084,27.657896,-24.591552734375,-1.3421039581298828
6001,CA,Alameda County,1628259,161918.0,0.0994,252445.0,551.0,819817.0,792342.0,27475.0,3.4,121190.0,132081.0,188746.0,256640.0,612435.0,11.10015783,15.86231471,21.56816276,51.4693647,252588.94,552.1586,143.9375,1.15863037109375
6003,CA,Alpine County,1190,193.0,0.1622,28.0,0.0,495.0,467.0,28.0,5.7,71646.0,44.0,218.0,420.0,496.0,3.735144312,18.50594228,35.65365025,42.10526316,-157.30063,-2.4250414,-185.30062866210938,-2.425041437149048
6005,CA,Amador County,41493,3767.0,0.0908,5282.0,26.0,14281.0,13640.0,641.0,4.5,74356.0,2936.0,8604.0,13669.0,7295.0,9.032734433,26.47058824,42.05328575,22.44339158,3403.6575,40.095436,-1878.342529296875,14.095436096191406
6007,CA,Butte County,207369,37152.0,0.1792,24207.0,186.0,91513.0,87374.0,4139.0,4.5,63353.0,13179.0,30325.0,49524.0,43218.0,9.672944527,22.25753417,36.34895703,31.72056427,30887.486,133.55606,6680.486328125,-52.443939208984375
6009,CA,Calaveras County,46556,5561.0,0.1194,4708.0,42.0,22093.0,21275.0,818.0,3.7,73175.0,2375.0,11387.0,14013.0,7919.0,6.653779347,31.90172018,39.25869894,22.18580154,4282.2896,41.1228,-425.71044921875,-0.8772010803222656
6011,CA,Colusa County,21909,2324.0,0.1061,1852.0,29.0,10199.0,9000.0,1199.0,11.8,72963.0,3745.0,4138.0,4058.0,2029.0,26.80744452,29.6206156,29.04795991,14.52397996,1839.4541,27.584635,-12.5458984375,-1.415365219116211
6013,CA,Contra Costa County,1157019,99767.0,0.0862,174079.0,429.0,547625.0,528017.0,19608.0,3.6,119667.0,84241.0,143600.0,218931.0,364216.0,10.38745333,17.70679714,26.99559056,44.91015897,174060.47,430.114,-18.53125,1.114013671875
6015,CA,Del Norte County,27112,4088.0,0.1508,4117.0,18.0,9286.0,8801.0,485.0,5.2,57297.0,2870.0,5078.0,7741.0,4164.0,14.45625346,25.57799829,38.99158817,20.97416008,3136.9595,38.260952,-980.04052734375,20.26095199584961
6017,CA,El Dorado County,192787,14477.0,0.0751,18780.0,129.0,92350.0,89173.0,3177.0,3.4,104859.0,7210.0,29405.0,50152.0,55065.0,5.083479046,20.7322748,35.3601444,38.82410175,18960.54,129.6848,180.5390625,0.6847991943359375
6019,CA,Fresno County,1015359,185876.0,0.1831,155839.0,539.0,450096.0,420893.0,29203.0,6.5,68693.0,135093.0,145274.0,200252.0,150566.0,21.40307517,23.01607294,31.72635598,23.85449591,155634.42,541.15247,-204.578125,2.1524658203125
6021,CA,Glenn County,28360,3933.0,0.1387,2964.0,45.0,12756.0,12062.0,694.0,5.4,63247.0,3665.0,5853.0,6038.0,3070.0,19.67679588,31.42381617,32.41705143,16.48233652,3109.803,42.356247,145.802978515625,-2.6437530517578125
6023,CA,Humboldt County,134944,23910.0,0.1772,17208.0,43.0,59089.0,56694.0,2395.0,4.1,57660.0,7930.0,21726.0,33841.0,29998.0,8.481736991,23.23760629,36.19551848,32.08513824,19844.059,160.48416,2636.05859375,117.48416137695312
6025,CA,Imperial County,178940,36354.0,0.2032,44844.0,221.0,69936.0,59517.0,10419.0,14.9,55523.0,31132.0,28625.0,33021.0,17804.0,28.15286394,25.88576803,29.86109855,16.10026948,44624.508,220.87811,-219.4921875,-0.12188720703125
6027,CA,Inyo County,18742,2073.0,0.1106,3110.0,13.0,8158.0,7849.0,309.0,3.8,64332.0,1000.0,3809.0,4666.0,4422.0,7.195797654,27.40879326,33.57559185,31.81981723,2047.931,13.803971,-1062.0689697265625,0.8039712905883789
6029,CA,Kern County,916751,158995.0,0.1734,137856.0,665.0,389174.0,361729.0,27445.0,7.1,65981.0,127772.0,154648.0,172599.0,103791.0,22.86501673,27.67452265,30.88688463,18.57357599,137690.77,663.02124,-165.234375,-1.978759765625
6031,CA,Kings County,152987,24576.0,0.1606,29499.0,79.0,56169.0,52180.0,3989.0,7.1,63683.0,24617.0,26837.0,30792.0,13299.0,25.76482286,28.08833534,32.22774609,13.91909571,17835.59,175.23235,-11663.41015625,96.23234558105469
6033,CA,Lake County,68172,11556.0,0.1695,7360.0,43.0,28370.0,26937.0,1433.0,5.1,51848.0,6320.0,14112.0,19820.0,8683.0,12.91509145,28.83825483,40.50270767,17.74394605,7412.8755,47.78434,52.87548828125,4.784339904785156
6035,CA,Lassen County,30020,4060.0,0.1352,3530.0,40.0,8701.0,8297.0,404.0,4.6,60308.0,4865.0,7067.0,8312.0,3082.0,20.85655492,30.29666467,35.63405642,13.212724,3466.2922,39.188602,-63.707763671875,-0.8113975524902344
6037,CA,Los Angeles County,9719765,1328547.0,0.1367,1935154.0,7034.0,5013363.0,4764528.0,248835.0,5.0,82455.0,1336557.0,1402989.0,1720679.0,2451744.0,19.33684888,20.2979643,24.8941944,35.47099242,1934775.5,7030.575,-378.5,-3.4248046875
6039,CA,Madera County,160329,33721.0,0.2103,26769.0,186.0,62934.0,59007.0,3927.0,6.2,71273.0,27033.0,23966.0,32120.0,17180.0,26.95241229,23.89455528,32.0242475,17.12878493,26685.723,184.82585,-83.27734375,-1.1741485595703125
6041,CA,Marin County,256154,19345.0,0.0755,32083.0,68.0,131097.0,127573.0,3524.0,2.7,135960.0,13801.0,20478.0,40830.0,114844.0,7.265481461,10.78056151,21.49479082,60.45916621,31932.107,69.02486,-150.892578125,1.0248565673828125
6043,CA,Mariposa County,17053,2555.0,0.1498,2669.0,26.0,7252.0,6923.0,329.0,4.5,66513.0,1276.0,2839.0,5144.0,4133.0,9.528076464,21.19922342,38.41099164,30.86170848,2472.5122,22.248623,-196.48779296875,-3.7513771057128906
6045,CA,Mendocino County,90007,15657.0,0.174,12128.0,32.0,36991.0,35444.0,1547.0,4.2,63621.0,9021.0,17033.0,22889.0,16248.0,13.8377997,26.12783973,35.11067479,24.92368578,10770.162,78.13648,-1357.837890625,46.13648223876953
6047,CA,Merced County,290210,53454.0,0.1842,39957.0,184.0,115390.0,106429.0,8961.0,7.8,65253.0,48206.0,49187.0,48747.0,25346.0,28.11074957,28.68280793,28.42622721,14.78021529,39901.99,182.90483,-55.01171875,-1.0951690673828125
6049,CA,Modoc County,8619,1154.0,0.1339,178.0,12.0,3176.0,3000.0,176.0,5.5,51166.0,776.0,1772.0,2409.0,1481.0,12.05343274,27.5240758,37.41845294,23.00403852,564.08844,12.943996,386.08843994140625,0.9439964294433594
6051,CA,Mono County,13002,1319.0,0.1014,1444.0,13.0,8611.0,8284.0,327.0,3.8,79105.0,1008.0,1699.0,3631.0,3312.0,10.44559585,17.60621762,37.62694301,34.32124352,1213.7861,13.674662,-230.2138671875,0.6746616363525391
6053,CA,Monterey County,432884,50699.0,0.1171,63609.0,154.0,217156.0,203927.0,13229.0,6.1,91450.0,74469.0,57630.0,69303.0,77872.0,26.66521051,20.63564814,24.81541425,27.88372709,63529.742,154.15234,-79.2578125,0.15234375
6055,CA,Napa County,134370,11343.0,0.0844,20441.0,56.0,70453.0,68149.0,2304.0,3.3,98580.0,14962.0,17073.0,28118.0,37684.0,15.29278289,17.4504533,28.73963838,38.51712542,20300.73,57.127537,-140.26953125,1.1275367736816406
6057,CA,Nevada County,102401,10683.0,0.1043,11311.0,55.0,48062.0,46383.0,1679.0,3.5,80069.0,3907.0,16217.0,27840.0,31263.0,4.931399649,20.46903202,35.13953576,39.46003256,11569.887,56.060482,258.88671875,1.0604820251464844
6059,CA,Orange County,3150372,308990.0,0.0981,406723.0,1784.0,1579268.0,1528545.0,50723.0,3.2,106047.0,287900.0,379386.0,580793.0,957048.0,13.05593737,17.20472336,26.3383016,43.40103767,406687.75,1785.0895,-35.25,1.0894775390625
6061,CA,Placer County,418074,25827.0,0.0618,44113.0,183.0,191660.0,185671.0,5989.0,3.1,106114.0,14825.0,50097.0,101895.0,125284.0,5.075299297,17.15057463,34.88348208,42.89064399,46545.926,274.3761,2432.92578125,91.3760986328125
6063,CA,Plumas County,19443,2416.0,0.1243,2186.0,35.0,7353.0,6866.0,487.0,6.6,66725.0,915.0,4313.0,6868.0,3112.0,6.016570226,28.36007365,45.16044187,20.46291426,2206.339,32.28718,20.339111328125,-2.712818145751953
6065,CA,Riverside County,2474241,264935.0,0.1071,344554.0,2278.0,1145702.0,1097218.0,48484.0,4.2,86350.0,270971.0,427314.0,517283.0,407007.0,16.70006009,26.33554689,31.88037533,25.08401769,344511.06,2275.192,-42.9375,-2.80810546875
6067,CA,Sacramento County,1584380,190656.0,0.1203,219238.0,1047.0,720302.0,691493.0,28809.0,4.0,83985.0,126456.0,238395.0,360417.0,361826.0,11.63248072,21.92956635,33.15417066,33.28378227,203104.33,1698.112,-16133.671875,651.112060546875
6069,CA,San Benito County,67643,4842.0,0.0716,9771.0,31.0,32217.0,30578.0,1639.0,5.1,106560.0,7283.0,11429.0,15011.0,9727.0,16.76179517,26.30379747,34.54775604,22.38665132,9717.627,33.62533,-53.373046875,2.6253318786621094
6071,CA,San Bernardino County,2194908,291258.0,0.1327,331010.0,2091.0,1002951.0,961203.0,41748.0,4.2,78779.0,251976.0,391633.0,441352.0,322278.0,17.90570045,27.82988533,31.36297388,22.90144034,330919.38,2090.3613,-90.625,-0.638671875
6073,CA,San Diego County,3277176,338482.0,0.1033,588931.0,1360.0,1578463.0,1523260.0,55203.0,3.5,98365.0,249203.0,407232.0,657624.0,955076.0,10.98229061,17.94657436,28.98126379,42.08987125,588894.7,1358.7467,-36.3125,-1.2532958984375
6075,CA,San Francisco County,807774,83231.0,0.103,135020.0,422.0,567632.0,552887.0,14745.0,2.6,135366.0,74971.0,75776.0,116140.0,402351.0,11.20244218,11.32272824,17.35406537,60.12076421,148979.14,433.2456,13959.140625,11.24560546875
6077,CA,San Joaquin County,794293,96295.0,0.1212,108954.0,461.0,342165.0,323905.0,18260.0,5.3,84738.0,98795.0,140117.0,157023.0,108910.0,19.56937278,27.75445929,31.1032099,21.57295804,109043.664,462.50305,89.6640625,1.5030517578125
6079,CA,San Luis Obispo County,282046,31956.0,0.1133,38884.0,169.0,135812.0,131625.0,4187.0,3.1,88578.0,15656.0,34582.0,65421.0,74574.0,8.229907534,18.17875973,34.38993235,39.20140039,39220.71,162.80678,336.7109375,-6.1932220458984375
6081,CA,San Mateo County,728929,52227.0,0.0716,125855.0,241.0,449439.0,438377.0,11062.0,2.5,143795.0,52659.0,80468.0,121768.0,288258.0,9.695058298,14.81497847,22.41872916,53.07123407,77583.195,353.45404,-48271.8046875,112.45404052734375
6083,CA,Santa Barbara County,443915,59962.0,0.1351,65570.0,179.0,216446.0,208544.0,7902.0,3.7,89334.0,49743.0,47074.0,81757.0,99882.0,17.86386359,16.90536386,29.36083259,35.86993995,65536.29,179.6209,-33.7109375,0.6208953857421875
6085,CA,Santa Clara County,1878335,137728.0,0.0733,315805.0,617.0,1031488.0,1003697.0,27791.0,2.7,150502.0,142839.0,180768.0,266993.0,747586.0,10.6740767,13.50843605,19.9518602,55.86562705,315683.9,619.68164,-121.09375,2.681640625
6087,CA,Santa Cruz County,264240,31936.0,0.1209,46291.0,111.0,132690.0,126244.0,6446.0,4.9,99256.0,20676.0,27325.0,53418.0,78268.0,11.5066755,15.20699884,29.72836098,43.55796468,46260.207,111.38322,-30.79296875,0.38321685791015625
6089,CA,Shasta County,180937,24791.0,0.137,17085.0,199.0,72482.0,69099.0,3383.0,4.7,66312.0,10229.0,34012.0,54735.0,30011.0,7.930256537,26.36854877,42.4345089,23.26668579,17245.168,196.0276,160.16796875,-2.9723968505859375
6091,CA,Sierra County,3222,389.0,0.1207,142.0,5.0,1312.0,1257.0,55.0,4.2,63939.0,188.0,740.0,723.0,533.0,8.608058608,33.88278388,33.1043956,24.4047619,160.78365,2.3729558,18.783645629882812,-2.627044200897217
6093,CA,Siskiyou County,43786,6823.0,0.1558,3661.0,44.0,16531.0,15573.0,958.0,5.8,51593.0,2873.0,8373.0,13508.0,7429.0,8.9270733,26.01684119,41.97246994,23.08361557,3742.815,44.744778,81.81494140625,0.7447776794433594
6095,CA,Solano County,448885,43957.0,0.0979,68475.0,320.0,200869.0,192263.0,8606.0,4.3,92711.0,34788.0,76361.0,113757.0,89064.0,11.08003949,24.32111348,36.23180559,28.36704144,68216.016,312.47858,-258.984375,-7.52142333984375
6097,CA,Sonoma County,482669,42504.0,0.0881,70060.0,139.0,246535.0,238693.0,7842.0,3.2,96312.0,39389.0,65960.0,114487.0,133865.0,11.13624219,18.64851951,32.36829978,37.84693852,69852.234,137.61139,-207.765625,-1.38861083984375
6099,CA,Stanislaus County,551226,81730.0,0.1483,69636.0,327.0,240829.0,227552.0,13277.0,5.5,75249.0,70118.0,103475.0,111518.0,67474.0,19.8868358,29.34753322,31.62868528,19.1369457,69487.914,327.62872,-148.0859375,0.62872314453125
6101,CA,Sutter County,98569,13784.0,0.1398,12542.0,52.0,45931.0,42859.0,3072.0,6.7,66071.0,13814.0,16102.0,22163.0,13189.0,21.16504259,24.67058896,33.9569161,20.20745235,12519.827,54.03833,-22.1728515625,2.038330078125
6103,CA,Tehama County,65299,9732.0,0.149,6995.0,80.0,25538.0,24277.0,1261.0,4.9,58900.0,6165.0,12929.0,17373.0,8467.0,13.72012285,28.77331197,38.66337295,18.84319224,7158.0996,75.2884,163.099609375,-4.711601257324219
6105,CA,Trinity County,15778,2617.0,0.1659,876.0,12.0,4515.0,4303.0,212.0,4.7,49485.0,643.0,4973.0,4461.0,2219.0,5.229342876,40.44404684,36.28009109,18.04651919,1503.7893,31.921104,627.789306640625,19.921104431152344
6107,CA,Tulare County,477884,86096.0,0.1802,74475.0,386.0,206681.0,189562.0,17119.0,8.3,64313.0,72985.0,76798.0,89859.0,45102.0,25.63179558,26.97089315,31.55782036,15.83949091,74466.164,384.5604,-8.8359375,-1.439605712890625
6109,CA,Tuolumne County,54587,7014.0,0.1285,9467.0,63.0,19725.0,18829.0,896.0,4.5,70108.0,2717.0,10532.0,18635.0,10038.0,6.481083918,25.12284719,44.45160059,23.9444683,9456.392,59.894638,-10.6083984375,-3.1053619384765625
6111,CA,Ventura County,832871,78211.0,0.0939,120751.0,394.0,411125.0,395761.0,15364.0,3.7,101981.0,85061.0,112500.0,174417.0,206218.0,14.71144733,19.45706992,30.16572235,35.6657604,120720.68,393.36478,-30.3203125,-0.635223388671875
6113,CA,Yolo County,222018,33935.0,0.1528,30566.0,156.0,107815.0,103368.0,4447.0,4.1,82359.0,15097.0,22852.0,34898.0,57432.0,11.58820685,17.54081625,26.78712609,44.08385081,30837.121,152.42928,271.12109375,-3.5707244873046875
6115,CA,Yuba County,84353,12337.0,0.1463,9766.0,52.0,31276.0,29515.0,1761.0,5.6,63626.0,8120.0,14344.0,21000.0,9474.0,15.3386981,27.09584797,39.66904681,17.89640712,9716.054,54.583885,-49.9462890625,2.5838851928710938
8001,CO,Adams County,527509,53153.0,0.1008,68359.0,347.0,281314.0,271745.0,9569.0,3.4,89849.0,51641.0,98198.0,97726.0,96383.0,15.01418819,28.55024597,28.41301592,28.02254992,61931.14,345.42252,-6427.859375,-1.577484130859375
8003,CO,Alamosa County,16587,2727.0,0.1644,2678.0,12.0,8101.0,7801.0,300.0,3.7,53942.0,1089.0,2520.0,3454.0,2928.0,10.89980983,25.22270043,34.571114,29.30637574,1690.4858,20.479649,-987.51416015625,8.47964859008789
8005,CO,Arapahoe County,656269,52215.0,0.0796,90460.0,264.0,374389.0,362728.0,11661.0,3.1,93525.0,36365.0,85041.0,124135.0,207006.0,8.035629448,18.79163932,27.43030006,45.74243117,90122.92,275.7167,-337.078125,11.716705322265625
8007,CO,Archuleta County,13989,1362.0,0.0974,1425.0,13.0,6880.0,6659.0,221.0,3.2,66025.0,506.0,2617.0,3323.0,4426.0,4.654157469,24.07100809,30.5647535,40.71008094,1301.9427,14.173267,-123.0572509765625,1.1732673645019531
8009,CO,Baca County,3435,642.0,0.1869,421.0,10.0,2047.0,2011.0,36.0,1.8,47147.0,354.0,711.0,827.0,600.0,14.20545746,28.53130016,33.18619583,24.07704655,315.72906,8.228663,-105.27093505859375,-1.771336555480957
8011,CO,Bent County,5439,1120.0,0.2059,966.0,8.0,1755.0,1692.0,63.0,3.6,42958.0,815.0,1703.0,1200.0,614.0,18.81348107,39.31209603,27.70083102,14.17359187,825.9406,8.365609,-140.05938720703125,0.36560916900634766
8013,CO,Boulder County,327339,37074.0,0.1133,49789.0,104.0,200348.0,195221.0,5127.0,2.6,96584.0,9803.0,24148.0,45128.0,140031.0,4.474008489,11.02094838,20.59604765,63.90899548,50118.66,107.636734,329.66015625,3.6367340087890625
8014,CO,Broomfield County,76195,4014.0,0.0527,9295.0,31.0,42376.0,41261.0,1115.0,2.6,114746.0,2092.0,6724.0,13236.0,31270.0,3.923333708,12.61017966,24.82277484,58.64371179,8628.449,39.811203,-666.55078125,8.811203002929688
8015,CO,Chaffee County,20265,1906.0,0.0941,2698.0,18.0,9725.0,9457.0,268.0,2.8,75151.0,856.0,3469.0,4317.0,7193.0,5.405746763,21.90716767,27.26239343,45.42469214,2031.7931,15.587971,-666.2069091796875,-2.412029266357422
8017,CO,Cheyenne County,1731,238.0,0.1375,134.0,4.0,1043.0,1023.0,20.0,1.9,62891.0,103.0,336.0,500.0,303.0,8.293075684,27.0531401,40.25764895,24.39613527,23.440067,4.1031017,-110.55993270874023,0.10310173034667969
8019,CO,Clear Creek County,9367,691.0,0.0738,899.0,6.0,6143.0,5961.0,182.0,3.0,90350.0,406.0,1304.0,1555.0,4200.0,5.438713999,17.46818486,20.83054253,56.26255861,1304.0111,4.133262,405.0111083984375,-1.8667378425598145
8021,CO,Conejos County,7587,1358.0,0.179,1074.0,14.0,3931.0,3802.0,129.0,3.3,49141.0,552.0,1673.0,1644.0,1174.0,10.94586556,33.1746976,32.59964307,23.27979377,862.5553,12.346176,-211.4447021484375,-1.6538238525390625
8023,CO,Costilla County,3615,832.0,0.2302,494.0,6.0,1768.0,1694.0,74.0,4.2,36970.0,278.0,801.0,859.0,748.0,10.34996277,29.82129561,31.98064036,27.84810127,375.9256,7.4559326,-118.07440185546875,1.4559326171875
8025,CO,Crowley County,5627,1090.0,0.1937,1022.0,5.0,1356.0,1304.0,52.0,3.8,49785.0,724.0,1972.0,1010.0,537.0,17.06339854,46.47654961,23.80391233,12.65613952,868.28986,6.8999367,-153.71014404296875,1.8999366760253906
8027,CO,Custer County,5337,581.0,0.1089,337.0,11.0,2280.0,2211.0,69.0,3.0,67766.0,143.0,838.0,1629.0,1422.0,3.546626984,20.78373016,40.40178571,35.26785714,103.80002,7.887525,-233.19998168945312,-3.1124749183654785
8029,CO,Delta County,31560,4549.0,0.1441,2325.0,32.0,13311.0,12828.0,483.0,3.6,53910.0,2083.0,8449.0,6678.0,5947.0,8.995120266,36.48572786,28.83793237,25.6812195,4455.148,40.41045,2130.14794921875,8.410449981689453
8031,CO,Denver County,713453,83390.0,0.1169,103434.0,395.0,435257.0,421655.0,13602.0,3.1,87619.0,45478.0,77626.0,110242.0,292761.0,8.644249174,14.75479323,20.95429257,55.64666503,103141.19,392.5663,-292.8125,-2.433685302734375
8033,CO,Dolores County,2460,323.0,0.1313,131.0,2.0,1136.0,1102.0,34.0,3.0,56695.0,75.0,760.0,646.0,486.0,3.812913066,38.63751906,32.8418912,24.70767666,211.0722,2.1596074,80.07220458984375,0.1596074104309082
8035,CO,Douglas County,375937,11794.0,0.0314,47243.0,111.0,207198.0,201951.0,5247.0,2.5,140768.0,5049.0,29025.0,64004.0,152978.0,2.011105092,11.56116564,25.49391371,60.93381556,44504.453,164.18071,-2738.546875,53.18070983886719
8037,CO,Eagle County,55218,3993.0,0.0723,6905.0,7.0,34657.0,33739.0,918.0,2.6,105813.0,2728.0,7077.0,10049.0,20069.0,6.833153821,17.72662375,25.17095409,50.26926834,7065.4316,12.39164,160.431640625,5.391639709472656
8039,CO,Elbert County,27842,1523.0,0.0547,2440.0,17.0,15958.0,15567.0,391.0,2.5,120394.0,626.0,5028.0,7060.0,6898.0,3.191923312,25.63736488,35.99836835,35.17234346,2724.928,16.666933,284.927978515625,-0.3330669403076172
8041,CO,El Paso County,740596,61445.0,0.083,107805.0,470.0,357312.0,345539.0,11773.0,3.3,82248.0,23818.0,95538.0,167170.0,200118.0,4.894337544,19.63201026,34.35159994,41.12205226,107178.05,472.3081,-626.953125,2.30810546875
8043,CO,Fremont County,49616,6998.0,0.141,7813.0,48.0,14292.0,13609.0,683.0,4.8,57275.0,3627.0,15346.0,11371.0,8084.0,9.438430311,39.93442282,29.59040283,21.03674404,7685.508,49.32412,-127.4921875,1.3241195678710938
8045,CO,Garfield County,62256,4894.0,0.0786,7929.0,25.0,30770.0,29835.0,935.0,3.0,86566.0,4792.0,10161.0,12661.0,13854.0,11.55589852,24.50323141,30.53197646,33.4088936,7958.547,31.724222,29.546875,6.724222183227539
8047,CO,Gilpin County,5886,373.0,0.0634,547.0,4.0,3922.0,3813.0,109.0,2.8,89805.0,283.0,678.0,1505.0,2311.0,5.924220222,14.19300816,31.50512874,48.37764287,554.5506,2.2933705,7.55059814453125,-1.7066295146942139
8049,CO,Grand County,15734,1101.0,0.07,1432.0,10.0,9242.0,8991.0,251.0,2.7,88059.0,692.0,3061.0,3390.0,5126.0,5.640231478,24.9490586,27.63061374,41.78009618,1519.448,13.029006,87.447998046875,3.029006004333496
8051,CO,Gunnison County,17320,1578.0,0.0911,1761.0,3.0,11316.0,11031.0,285.0,2.5,88855.0,197.0,2101.0,2349.0,6761.0,1.726858345,18.41690042,20.59081346,59.26542777,1834.8918,4.947858,73.891845703125,1.9478578567504883
8053,CO,Hinsdale County,771,62.0,0.0804,87.0,0.0,424.0,413.0,11.0,2.6,70675.0,0.0,96.0,317.0,367.0,0.0,12.30769231,40.64102564,47.05128205,135.11096,2.7905524,48.1109619140625,2.7905523777008057
8055,CO,Huerfano County,7097,1356.0,0.1911,806.0,13.0,2445.0,2294.0,151.0,6.2,47968.0,375.0,1331.0,2151.0,1431.0,7.091527988,25.17019667,40.67700454,27.0612708,883.1703,12.529248,77.1702880859375,-0.4707517623901367
8057,CO,Jackson County,1314,175.0,0.1332,66.0,1.0,956.0,935.0,21.0,2.2,62439.0,170.0,303.0,319.0,301.0,15.55352242,27.72186642,29.18572736,27.53888381,24.12367,3.761169,-41.87632942199707,2.761168956756592
8059,CO,Jefferson County,575811,37513.0,0.0651,75683.0,413.0,342198.0,332572.0,9626.0,2.8,102413.0,19320.0,79120.0,111873.0,216684.0,4.524621953,18.52940419,26.19994988,50.74602398,75893.62,410.53186,210.6171875,-2.4681396484375
8061,CO,Kiowa County,1434,209.0,0.1457,110.0,2.0,885.0,868.0,17.0,1.9,55573.0,86.0,258.0,406.0,195.0,9.100529101,27.3015873,42.96296296,20.63492063,153.93166,3.0663466,43.93165588378906,1.0663466453552246
8063,CO,Kit Carson County,6983,786.0,0.1126,586.0,8.0,4087.0,4006.0,81.0,2.0,56720.0,520.0,1444.0,1885.0,870.0,11.01928375,30.59970333,39.94490358,18.43610935,586.02954,10.485388,0.029541015625,2.4853878021240234
8065,CO,Lake County,7346,798.0,0.1086,895.0,0.0,4772.0,4646.0,126.0,2.6,71326.0,418.0,1167.0,1213.0,2391.0,8.055502024,22.48988244,23.3763731,46.07824244,999.4599,1.5639033,104.45989990234375,1.5639033317565918
8067,CO,La Plata County,56553,6407.0,0.1133,7906.0,28.0,30534.0,29602.0,932.0,3.1,79358.0,1469.0,8584.0,11493.0,19307.0,3.595819156,21.01192079,28.13257288,47.25968717,7566.422,24.541574,-339.578125,-3.458425521850586
8069,CO,Larimer County,367577,39357.0,0.1071,56192.0,182.0,210007.0,204240.0,5767.0,2.7,88338.0,8186.0,41000.0,68481.0,126142.0,3.357546276,16.81644238,28.0879705,51.73804084,56267.113,182.05513,75.11328125,0.0551300048828125
8071,CO,Las Animas County,14311,2476.0,0.173,1925.0,18.0,6072.0,5787.0,285.0,4.7,49097.0,1106.0,3065.0,4641.0,1839.0,10.3840015,28.77664069,43.57337339,17.26598441,2054.0657,18.369501,129.065673828125,0.36950111389160156
8073,CO,Lincoln County,5510,745.0,0.1352,941.0,3.0,2197.0,2134.0,63.0,2.9,54345.0,500.0,1728.0,886.0,1078.0,11.92748092,41.22137405,21.13549618,25.71564885,906.0868,6.104946,-34.9132080078125,3.1049461364746094
8075,CO,Logan County,20792,2774.0,0.1334,3203.0,22.0,10105.0,9821.0,284.0,2.8,58976.0,1610.0,5723.0,4959.0,2866.0,10.62145402,37.75564059,32.71539781,18.90750759,2770.5803,22.111515,-432.419677734375,0.11151504516601562
8077,CO,Mesa County,158531,16577.0,0.1046,20365.0,154.0,76276.0,73644.0,2632.0,3.5,69578.0,8499.0,31632.0,36954.0,34032.0,7.648694619,28.46729123,33.25683739,30.62717676,20287.39,156.26143,-77.609375,2.2614288330078125
8079,CO,Mineral County,931,81.0,0.087,141.0,3.0,454.0,441.0,13.0,2.9,69794.0,15.0,104.0,192.0,373.0,2.192982456,15.20467836,28.07017544,54.53216374,472.94345,7.144719,331.9434509277344,4.144719123840332
8081,CO,Moffat County,13205,1302.0,0.0986,1373.0,10.0,6802.0,6584.0,218.0,3.2,69088.0,769.0,3421.0,2963.0,1902.0,8.492545555,37.78023192,32.7222529,21.00496963,1442.4427,10.825188,69.4427490234375,0.8251876831054688
8083,CO,Montezuma County,26467,3975.0,0.1502,3275.0,35.0,12213.0,11746.0,467.0,3.8,58345.0,1725.0,5508.0,5969.0,5880.0,9.039932921,28.86489886,31.28078818,30.81438004,3215.2183,33.069355,-59.78173828125,-1.9306449890136719
8085,CO,Montrose County,43807,5101.0,0.1164,3987.0,34.0,21117.0,20399.0,718.0,3.4,65736.0,2831.0,10520.0,9116.0,8853.0,9.038952746,33.58876117,29.10600255,28.26628352,4899.842,44.946026,912.841796875,10.946025848388672
8087,CO,Morgan County,29266,3311.0,0.1131,2560.0,20.0,15366.0,14864.0,502.0,3.3,65599.0,2933.0,6179.0,6591.0,3346.0,15.39713371,32.43739829,34.60024148,17.56522652,2762.198,26.437834,202.197998046875,6.437833786010742
8089,CO,Otero County,18311,4160.0,0.2272,1865.0,20.0,7766.0,7437.0,329.0,4.2,46607.0,1361.0,4034.0,4840.0,2370.0,10.79730266,32.00317334,38.39746132,18.80206267,2130.6228,18.76494,265.622802734375,-1.2350597381591797
8091,CO,Ouray County,5103,335.0,0.0656,488.0,0.0,2476.0,2398.0,78.0,3.2,90837.0,115.0,609.0,1251.0,2315.0,2.680652681,14.1958042,29.16083916,53.96270396,515.69025,1.1479139,27.69024658203125,1.147913932800293
8093,CO,Park County,17921,1460.0,0.0815,1483.0,11.0,11595.0,11293.0,302.0,2.6,88020.0,389.0,2900.0,5539.0,5603.0,2.695585891,20.09562747,38.38264847,38.82613817,1596.0623,11.000703,113.062255859375,0.0007028579711914062
8095,CO,Phillips County,4448,489.0,0.1099,460.0,4.0,2417.0,2366.0,51.0,2.1,68571.0,286.0,958.0,999.0,774.0,9.479615512,31.75339741,33.11236327,25.6546238,540.2542,5.8397098,80.25421142578125,1.839709758758545
8097,CO,Pitkin County,16847,1070.0,0.0635,3821.0,2.0,10553.0,10200.0,353.0,3.3,111291.0,402.0,1501.0,2924.0,8570.0,3.000671792,11.2040009,21.82578189,63.96954542,3790.3313,2.8442824,-30.668701171875,0.8442823886871338
8099,CO,Prowers County,11873,2145.0,0.1807,1152.0,9.0,6068.0,5893.0,175.0,2.9,48832.0,1158.0,2230.0,2764.0,1428.0,15.27704485,29.41952507,36.46437995,18.83905013,1508.1151,10.689431,356.1151123046875,1.6894311904907227
8101,CO,Pueblo County,169472,24790.0,0.1463,29316.0,201.0,75978.0,72567.0,3411.0,4.5,58314.0,11218.0,35305.0,41622.0,29409.0,9.542848393,30.03300611,35.40670671,25.01743879,28635.596,199.51074,-680.404296875,-1.4892578125
8103,CO,Rio Blanco County,6549,634.0,0.0968,900.0,5.0,2791.0,2684.0,107.0,3.8,71630.0,293.0,1324.0,1569.0,1154.0,6.751152074,30.50691244,36.15207373,26.58986175,886.2433,6.86341,-13.7567138671875,1.8634099960327148
8105,CO,Rio Grande County,11337,1579.0,0.1393,1543.0,7.0,5251.0,5025.0,226.0,4.3,56877.0,882.0,2234.0,2589.0,2576.0,10.65088757,26.97741819,31.26434006,31.10735418,1568.7339,8.783491,25.73388671875,1.7834911346435547
8107,CO,Routt County,25072,1489.0,0.0594,3364.0,10.0,15543.0,15144.0,399.0,2.6,104407.0,657.0,3346.0,5042.0,9847.0,3.477662503,17.71120051,26.68854542,52.12259157,3310.8445,12.268441,-53.155517578125,2.2684412002563477
8109,CO,Saguache County,6627,1487.0,0.2244,642.0,8.0,3333.0,3217.0,116.0,3.5,45048.0,594.0,1331.0,1581.0,1554.0,11.73913043,26.30434783,31.24505929,30.71146245,782.11334,7.0209002,140.11334228515625,-0.9790997505187988
8111,CO,San Juan County,806,99.0,0.1228,195.0,0.0,555.0,540.0,15.0,2.7,62732.0,0.0,161.0,134.0,264.0,0.0,28.80143113,23.97137746,47.22719141,247.8527,-0.15090871,52.85270690917969,-0.1509087085723877
8113,CO,San Miguel County,8008,562.0,0.0702,1007.0,1.0,5531.0,5355.0,176.0,3.2,94387.0,108.0,862.0,1230.0,4123.0,1.708049976,13.63276926,19.4527914,65.20638937,1050.2572,2.4639509,43.2572021484375,1.4639508724212646
8115,CO,Sedgwick County,2286,319.0,0.1395,206.0,7.0,1063.0,1034.0,29.0,2.7,46980.0,145.0,424.0,634.0,454.0,8.750754375,25.58841279,38.26191913,27.3989137,196.86911,5.508915,-9.130889892578125,-1.4910850524902344
8117,CO,Summit County,30636,2651.0,0.0865,4849.0,3.0,21528.0,21042.0,486.0,2.3,96984.0,1218.0,4095.0,6106.0,12604.0,5.070141115,17.04616409,25.41730841,52.46638638,3252.4297,11.31575,-1596.5703125,8.315750122070312
8119,CO,Teller County,24860,1928.0,0.0776,2303.0,14.0,13358.0,12954.0,404.0,3.0,81466.0,753.0,4372.0,7056.0,7412.0,3.843209309,22.31409177,36.01286174,37.82983719,2853.6975,26.48681,550.697509765625,12.486810684204102
8121,CO,Washington County,4847,569.0,0.1174,452.0,9.0,2728.0,2663.0,65.0,2.4,61492.0,353.0,964.0,1246.0,849.0,10.34583822,28.25322392,36.51817116,24.88276671,479.07126,7.1795397,27.071258544921875,-1.820460319519043
8123,CO,Weld County,350266,31318.0,0.0894,46629.0,180.0,168186.0,162674.0,5512.0,3.3,90770.0,25735.0,54520.0,71452.0,71248.0,11.54268799,24.45336503,32.04772263,31.95622435,46117.805,185.25208,-511.1953125,5.2520751953125
8125,CO,Yuma County,9895,1280.0,0.1294,824.0,5.0,5484.0,5371.0,113.0,2.1,56075.0,1072.0,1765.0,2055.0,1716.0,16.22276029,26.71004843,31.09866828,25.968523,868.4526,7.637666,44.45257568359375,2.6376662254333496
10001,DE,Kent County,187758,19204.0,0.1023,28093.0,212.0,80608.0,76631.0,3977.0,4.9,71866.0,12215.0,41922.0,37134.0,33311.0,9.804787208,33.65012602,29.80687419,26.73821258,27602.371,209.35555,-490.62890625,-2.6444549560546875
10003,DE,New Castle County,575254,56547.0,0.0983,78089.0,435.0,304425.0,291869.0,12556.0,4.1,85427.0,29527.0,108893.0,103810.0,156313.0,7.408736322,27.3227732,26.04737757,39.2211129,76997.92,433.76453,-1091.078125,-1.2354736328125
10005,DE,Sussex County,256447,24092.0,0.0939,31420.0,273.0,112168.0,107494.0,4674.0,4.2,81188.0,19402.0,55377.0,51536.0,61002.0,10.35784259,29.56325374,27.51271908,32.5661846,30899.004,271.45712,-520.99609375,-1.542877197265625
12001,FL,Alachua County,284041,50816.0,0.1789,42292.0,257.0,140531.0,136444.0,4087.0,2.9,58783.0,9925.0,34077.0,45956.0,81947.0,5.77353771,19.82315814,26.73337018,47.66993398,42081.164,256.8243,-210.8359375,-0.175689697265625
12003,FL,Baker County,27786,3338.0,0.1201,4258.0,29.0,12545.0,12186.0,359.0,2.9,67375.0,2811.0,8118.0,5142.0,2911.0,14.8087662,42.76683174,27.08882099,15.33558108,3843.3547,30.218729,-414.645263671875,1.218729019165039
12005,FL,Bay County,185210,21668.0,0.117,20700.0,182.0,86867.0,84437.0,2430.0,2.8,65521.0,11984.0,36152.0,45257.0,36394.0,9.233590421,27.8548699,34.87021042,28.04132925,20831.496,184.18034,131.49609375,2.1803436279296875
12007,FL,Bradford County,27296,4028.0,0.1476,3369.0,45.0,10954.0,10597.0,357.0,3.3,57664.0,3504.0,7627.0,6075.0,3035.0,17.31139766,37.68094462,30.01333926,14.99431846,3135.6445,41.91122,-233.35546875,-3.0887794494628906
12009,FL,Brevard County,630707,62175.0,0.0986,80179.0,659.0,296446.0,287747.0,8699.0,2.9,74899.0,31868.0,121113.0,155586.0,155722.0,6.863828348,26.08569232,33.51059362,33.53988572,80025.91,654.54724,-153.09375,-4.4527587890625
12011,FL,Broward County,1946889,257252.0,0.1321,306537.0,1587.0,1059496.0,1028099.0,31397.0,3.0,70834.0,135425.0,372019.0,386906.0,498695.0,9.721509355,26.7054546,27.77412072,35.79891533,306534.28,1584.89,-2.71875,-2.1099853515625
12013,FL,Calhoun County,13465,2635.0,0.1957,1664.0,22.0,4803.0,4640.0,163.0,3.4,46766.0,1810.0,4253.0,2580.0,1303.0,18.19827066,42.76090891,25.94007641,13.10074402,1459.3915,21.146265,-204.6085205078125,-0.8537349700927734
12015,FL,Charlotte County,202582,18138.0,0.0895,21406.0,295.0,76142.0,73427.0,2715.0,3.6,65040.0,12591.0,53509.0,55184.0,41100.0,7.753842743,32.95213814,33.98364371,25.31037541,23791.63,237.15712,2385.630859375,-57.84288024902344
12017,FL,Citrus County,162508,26985.0,0.1661,16358.0,272.0,49070.0,46969.0,2101.0,4.3,52534.0,11553.0,48134.0,41223.0,25862.0,9.113211119,37.96895213,32.51743287,20.40040387,19341.074,183.65321,2983.07421875,-88.34678649902344
12019,FL,Clay County,226634,19677.0,0.0868,28948.0,251.0,112112.0,109041.0,3071.0,2.7,84364.0,10344.0,42864.0,57334.0,44484.0,6.672429141,27.64955556,36.98347374,28.69454156,29085.543,244.47707,137.54296875,-6.5229339599609375
12021,FL,Collier County,397516,40381.0,0.1016,39191.0,250.0,186959.0,181535.0,5424.0,2.9,81821.0,30030.0,76067.0,75127.0,118525.0,10.01838205,25.37689867,25.06330296,39.54141632,40669.773,254.01212,1478.7734375,4.012115478515625
12023,FL,Columbia County,71870,12901.0,0.1795,9352.0,138.0,29366.0,28388.0,978.0,3.3,54060.0,7161.0,17525.0,16596.0,8066.0,14.51122639,35.5130907,33.63054227,16.34514063,9250.6455,130.5824,-101.3544921875,-7.4176025390625
12027,FL,DeSoto County,35320,8087.0,0.229,3906.0,31.0,13075.0,12608.0,467.0,3.6,47097.0,6913.0,9411.0,6461.0,2810.0,27.00918148,36.76890018,25.24321156,10.97870678,5477.7075,38.18756,1571.70751953125,7.18756103515625
12029,FL,Dixie County,17120,3411.0,0.1992,1745.0,33.0,5833.0,5636.0,197.0,3.4,40587.0,2265.0,6393.0,3129.0,1037.0,17.66219588,49.8518403,24.39956332,8.086400499,1808.169,32.00093,63.1689453125,-0.9990692138671875
12031,FL,Duval County,1017011,137467.0,0.1352,129677.0,883.0,508205.0,492202.0,16003.0,3.1,70203.0,62298.0,191595.0,209496.0,229175.0,8.995269751,27.66459129,30.24933436,33.0908046,129507.57,886.94244,-169.4296875,3.94244384765625
12033,FL,Escambia County,323860,50147.0,0.1548,34488.0,343.0,149271.0,144613.0,4658.0,3.1,61634.0,20945.0,60124.0,75520.0,63741.0,9.506195253,27.28815867,34.27585894,28.92978714,43526.176,274.67896,9038.17578125,-68.321044921875
12035,FL,Flagler County,126758,11424.0,0.0901,12381.0,144.0,49941.0,48188.0,1753.0,3.5,73336.0,6525.0,28201.0,30931.0,28731.0,6.912955037,29.8777387,32.77005552,30.43925075,13759.996,119.32803,1378.99609375,-24.671966552734375
12037,FL,Franklin County,12492,2050.0,0.1641,1181.0,11.0,4720.0,4583.0,137.0,2.9,52180.0,1678.0,3079.0,2648.0,2506.0,16.93068308,31.06649178,26.71778832,25.28503683,1333.3036,15.6144495,152.3035888671875,4.614449501037598
12039,FL,Gadsden County,43393,10947.0,0.2523,7374.0,78.0,18541.0,17789.0,752.0,4.1,45628.0,5725.0,10972.0,7753.0,6144.0,18.71281951,35.86324116,25.34157024,20.08236909,5668.8066,55.673885,-1705.193359375,-22.326114654541016
12041,FL,Gilchrist County,19002,2619.0,0.1378,2192.0,39.0,7309.0,7078.0,231.0,3.2,58178.0,1901.0,4979.0,4357.0,1909.0,14.46067245,37.87463867,33.14316142,14.52152746,1931.633,32.595314,-260.366943359375,-6.404685974121094
12043,FL,Glades County,12463,2100.0,0.1685,745.0,4.0,5202.0,5031.0,171.0,3.3,50559.0,2650.0,3124.0,2598.0,1219.0,27.63006986,32.57220311,27.0878949,12.70983213,1142.4622,9.25422,397.462158203125,5.254220008850098
12045,FL,Gulf County,15299,2425.0,0.1585,1825.0,22.0,5351.0,5200.0,151.0,2.8,55909.0,1552.0,3611.0,3675.0,2866.0,13.26042379,30.85269993,31.39952153,24.48735475,1572.8247,21.875753,-252.17529296875,-0.12424659729003906
12047,FL,Hamilton County,13194,2715.0,0.2058,1562.0,9.0,4108.0,3934.0,174.0,4.2,45484.0,2107.0,4032.0,2498.0,1090.0,21.66135499,41.45162948,25.68109386,11.20592166,1432.3767,11.07583,-129.623291015625,2.0758304595947266
12049,FL,Hardee County,25651,5867.0,0.2287,3743.0,34.0,8672.0,8321.0,351.0,4.0,48572.0,3620.0,7410.0,3656.0,2051.0,21.62872677,44.27316723,21.84381908,12.25428691,3507.0105,33.687122,-235.989501953125,-0.3128776550292969
12051,FL,Hendry County,41391,8590.0,0.2075,5019.0,28.0,15489.0,14732.0,757.0,4.9,55308.0,7993.0,9394.0,6010.0,2812.0,30.49715746,35.84264947,22.93105422,10.72913885,5037.474,28.39584,18.47412109375,0.3958396911621094
12053,FL,Hernando County,206935,24654.0,0.1191,22023.0,319.0,76437.0,73603.0,2834.0,3.7,60582.0,15003.0,49687.0,55354.0,30837.0,9.943597935,32.93125046,36.68719057,20.43796104,24141.475,263.52304,2118.474609375,-55.476959228515625
12055,FL,Highlands County,105649,16289.0,0.1542,12728.0,208.0,36311.0,34756.0,1555.0,4.3,51954.0,10976.0,27733.0,25906.0,15880.0,13.63562954,34.45307162,32.18336543,19.72793341,13135.564,158.64029,407.564453125,-49.359710693359375
12057,FL,Hillsborough County,1513473,191075.0,0.1262,195303.0,1148.0,800950.0,777996.0,22954.0,2.9,74091.0,107249.0,261666.0,278121.0,382542.0,10.41679212,25.41487872,27.01310634,37.15522282,195343.28,1148.2875,40.28125,0.2874755859375
12059,FL,Holmes County,19653,3513.0,0.1788,2214.0,33.0,6958.0,6736.0,222.0,3.2,50118.0,2255.0,6618.0,3643.0,1715.0,15.84568899,46.50411074,25.59904434,12.05115593,2408.014,31.490204,194.013916015625,-1.509796142578125
12061,FL,Indian River County,167267,19060.0,0.1139,17792.0,179.0,68086.0,65703.0,2383.0,3.5,69462.0,10293.0,35629.0,39593.0,42950.0,8.01229907,27.73440237,30.82006772,33.43323084,18141.736,179.56146,349.736328125,0.56146240234375
12063,FL,Jackson County,48255,7242.0,0.1501,6773.0,49.0,16850.0,16296.0,554.0,3.3,50625.0,5855.0,13489.0,10433.0,5109.0,16.78323683,38.66594049,29.90597948,14.6448432,6749.325,51.180305,-23.6748046875,2.1803054809570312
12065,FL,Jefferson County,15069,2203.0,0.1462,2177.0,33.0,5642.0,5453.0,189.0,3.3,56900.0,1342.0,4241.0,3311.0,2065.0,12.24564285,38.69878639,30.21261064,18.84296012,2156.5725,29.651663,-20.427490234375,-3.348337173461914
12067,FL,Lafayette County,7777,1463.0,0.1881,815.0,13.0,2823.0,2734.0,89.0,3.2,50775.0,1173.0,2844.0,1393.0,464.0,19.96935649,48.41675179,23.71467484,7.899216888,926.9851,12.285465,111.985107421875,-0.7145347595214844
12069,FL,Lake County,410090,39355.0,0.096,45463.0,500.0,171178.0,165847.0,5331.0,3.1,67637.0,26922.0,91845.0,98440.0,79453.0,9.075035394,30.95968449,33.18276815,26.78251197,45362.844,500.27023,-100.15625,0.270233154296875
12071,FL,Lee County,822391,89587.0,0.1089,97137.0,616.0,369688.0,357585.0,12103.0,3.3,71607.0,57719.0,179836.0,177869.0,184547.0,9.620298314,29.97411542,29.64626624,30.75932003,97327.87,617.64545,190.8671875,1.64544677734375
12073,FL,Leon County,297282,52424.0,0.1763,52016.0,238.0,157537.0,152653.0,4884.0,3.1,61560.0,11142.0,33338.0,46605.0,86063.0,6.289656107,18.81929234,26.3085104,48.58254115,51963.945,231.93138,-52.0546875,-6.0686187744140625
12075,FL,Levy County,45253,7151.0,0.158,5054.0,71.0,17095.0,16483.0,612.0,3.6,55147.0,3997.0,13677.0,9709.0,5284.0,12.23558943,41.86794012,29.72112529,16.17534515,5598.855,68.56496,544.85498046875,-2.4350433349609375
12077,FL,Liberty County,7613,1332.0,0.175,1017.0,11.0,2574.0,2488.0,86.0,3.3,49514.0,1155.0,2259.0,1219.0,867.0,21.0,41.07272727,22.16363636,15.76363636,1043.9565,9.990366,26.95654296875,-1.009634017944336
12079,FL,Madison County,18230,3537.0,0.194,2983.0,35.0,7965.0,7700.0,265.0,3.3,46141.0,2649.0,4964.0,4324.0,1705.0,19.4179739,36.38762645,31.69623222,12.49816742,2920.917,33.691017,-62.0830078125,-1.3089828491210938
12081,FL,Manatee County,429169,42580.0,0.0992,49069.0,455.0,185845.0,180356.0,5489.0,3.0,72176.0,28245.0,88949.0,89935.0,108347.0,8.953137481,28.19517174,28.50771533,34.34397545,49048.25,451.21155,-20.75,-3.7884521484375
12083,FL,Marion County,396437,60464.0,0.1525,42154.0,622.0,147268.0,142006.0,5262.0,3.6,54517.0,30065.0,100684.0,93970.0,64777.0,10.3852903,34.7790643,32.45986128,22.37578412,42854.957,432.08908,700.95703125,-189.91091918945312
12085,FL,Martin County,161987,15939.0,0.0984,16355.0,218.0,75433.0,73320.0,2113.0,2.8,80678.0,9073.0,29709.0,40204.0,45671.0,7.278371852,23.83259665,32.25169866,36.63733284,17408.252,207.65776,1053.251953125,-10.342239379882812
12086,FL,Miami-Dade County,2673056,381423.0,0.1427,639369.0,2753.0,1356496.0,1320709.0,35787.0,2.6,66952.0,326216.0,513099.0,446621.0,639297.0,16.9442348,26.65126766,23.19828301,33.20621452,639417.9,2753.764,48.875,0.763916015625
12087,FL,Monroe County,81618,10680.0,0.1309,9471.0,35.0,48583.0,47641.0,942.0,1.9,79459.0,4349.0,17836.0,17933.0,24381.0,6.742740198,27.65314191,27.80353184,37.80058606,9574.4375,37.940166,103.4375,2.940166473388672
12089,FL,Nassau County,97826,6603.0,0.0675,10601.0,91.0,44353.0,43179.0,1174.0,2.6,90808.0,5410.0,19210.0,21472.0,24296.0,7.685969199,27.29158379,30.50519975,34.51724726,10606.153,89.039734,5.1533203125,-1.96026611328125
12091,FL,Okaloosa County,216464,16979.0,0.0784,23775.0,168.0,101777.0,99183.0,2594.0,2.5,76663.0,9722.0,35728.0,51688.0,50536.0,6.583420236,24.19383236,35.00142205,34.22132535,23646.133,168.28119,-128.8671875,0.28118896484375
12093,FL,Okeechobee County,40373,7027.0,0.1741,4457.0,36.0,17574.0,17017.0,557.0,3.2,50176.0,5736.0,10095.0,8215.0,4615.0,20.01325843,35.22207878,28.66264262,16.10202017,4761.124,39.654552,304.1240234375,3.654552459716797
12095,FL,Orange County,1451761,178037.0,0.1226,199283.0,908.0,791669.0,768184.0,23485.0,3.0,72129.0,97866.0,234030.0,272536.0,376923.0,9.97253797,23.84763923,27.77139771,38.40842509,199014.45,914.41345,-268.546875,6.4134521484375
12097,FL,Osceola County,422543,54089.0,0.128,58151.0,308.0,196911.0,190025.0,6886.0,3.5,63782.0,31096.0,77465.0,87212.0,77102.0,11.395694,28.38845625,31.96042144,28.25542831,57049.426,275.76532,-1101.57421875,-32.23468017578125
12099,FL,Palm Beach County,1519867,165851.0,0.1091,192187.0,1496.0,757239.0,734400.0,22839.0,3.0,76713.0,120805.0,252952.0,298187.0,439656.0,10.86766823,22.75566751,26.82502699,39.55163728,192332.33,1491.168,145.328125,-4.83203125
12101,FL,Pasco County,609141,65148.0,0.107,68634.0,578.0,257288.0,249181.0,8107.0,3.2,65933.0,37505.0,140596.0,129112.0,119691.0,8.785347525,32.93386804,30.24380189,28.03698255,68663.695,578.9396,29.6953125,0.9395751953125
12103,FL,Pinellas County,961792,117299.0,0.122,119520.0,1151.0,508116.0,494211.0,13905.0,2.7,66427.0,55710.0,194732.0,229971.0,268418.0,7.43959585,26.00479948,30.71066769,35.84493698,119200.484,1151.9218,-319.515625,0.9217529296875
12105,FL,Polk County,788382,120353.0,0.1527,110132.0,825.0,336044.0,323912.0,12132.0,3.6,61941.0,65835.0,175366.0,166845.0,119424.0,12.48127856,33.24663014,31.63118282,22.64090849,109981.11,823.33154,-150.890625,-1.66845703125
12107,FL,Putnam County,74736,16484.0,0.2206,7567.0,76.0,27312.0,26165.0,1147.0,4.2,46459.0,9443.0,21575.0,14590.0,7483.0,17.78644215,40.63777288,27.48111733,14.09466765,7740.4976,75.59217,173.49755859375,-0.40782928466796875
12109,FL,St. Johns County,307072,17860.0,0.0582,31860.0,195.0,148051.0,144464.0,3587.0,2.4,103757.0,10179.0,40586.0,56729.0,101679.0,4.866306837,19.40307784,27.12061308,48.61000225,31972.678,193.39302,112.677734375,-1.6069793701171875
12111,FL,St. Lucie County,358886,47534.0,0.1324,40308.0,328.0,154276.0,148810.0,5466.0,3.5,64038.0,28857.0,77994.0,82498.0,64367.0,11.37374072,30.74067067,32.5158839,25.36970471,44345.98,302.50708,4037.98046875,-25.492919921875
12113,FL,Santa Rosa County,198199,18064.0,0.0911,23175.0,159.0,87584.0,85165.0,2419.0,2.8,82537.0,10065.0,36007.0,48244.0,42334.0,7.365532382,26.34979876,35.30479327,30.97987559,22861.348,157.58568,-313.65234375,-1.4143218994140625
12115,FL,Sarasota County,462552,38638.0,0.0835,55646.0,629.0,194996.0,189193.0,5803.0,3.0,78309.0,20312.0,93386.0,103976.0,143058.0,5.630772984,25.88791679,28.82361421,39.65769602,55427.902,625.51544,-218.09765625,-3.48455810546875
12117,FL,Seminole County,478623,52808.0,0.1103,56842.0,343.0,263731.0,256483.0,7248.0,2.7,80296.0,20685.0,71563.0,102657.0,143383.0,6.114612401,21.1544601,30.34603651,42.38489098,57467.91,341.88385,625.91015625,-1.11614990234375
12119,FL,Sumter County,144767,12830.0,0.0886,13311.0,201.0,37225.0,35663.0,1562.0,4.2,77851.0,8462.0,35269.0,36666.0,43417.0,6.834445216,28.48547014,29.6137755,35.06630914,13577.142,198.41179,266.1416015625,-2.5882110595703125
12121,FL,Suwannee County,45405,8054.0,0.1774,5795.0,86.0,17168.0,16583.0,585.0,3.4,51295.0,4866.0,12704.0,8686.0,5163.0,15.4874439,40.43413221,27.6456921,16.43273179,6473.7974,67.54309,678.79736328125,-18.4569091796875
12123,FL,Taylor County,21313,3831.0,0.1797,3114.0,33.0,8021.0,7743.0,278.0,3.5,48482.0,2158.0,7318.0,3818.0,2357.0,13.78825634,46.75739569,24.39460737,15.05974059,3055.3884,33.293957,-58.611572265625,0.2939567565917969
12125,FL,Union County,15514,2070.0,0.1334,1802.0,24.0,4483.0,4347.0,136.0,3.0,60749.0,2425.0,4432.0,3213.0,1119.0,21.67307177,39.61033158,28.71570292,10.00089373,929.99835,15.336044,-872.0016479492188,-8.663955688476562
12127,FL,Volusia County,579665,66107.0,0.114,62252.0,617.0,263761.0,255130.0,8631.0,3.3,64601.0,34137.0,130026.0,144240.0,115140.0,8.059866413,30.69959839,34.05557405,27.18496115,62522.855,621.2745,270.85546875,4.27447509765625
12129,FL,Wakulla County,35169,3771.0,0.1072,4943.0,35.0,15729.0,15315.0,414.0,2.6,63482.0,3144.0,9297.0,7336.0,5345.0,12.51492716,37.00740387,29.2014967,21.27617228,3885.5005,49.33808,-1057.49951171875,14.338081359863281
12131,FL,Walton County,83404,9000.0,0.1079,6613.0,54.0,34536.0,33616.0,920.0,2.7,78814.0,5025.0,16270.0,17170.0,20019.0,8.592093564,27.81957458,29.35845701,34.22987484,7135.087,62.206184,522.0869140625,8.206184387207031
12133,FL,Washington County,25405,4538.0,0.1786,2766.0,46.0,9614.0,9292.0,322.0,3.3,49233.0,3138.0,7915.0,5187.0,2317.0,16.91006089,42.65236838,27.95171633,12.48585439,3064.9104,40.253025,298.910400390625,-5.746974945068359
13001,GA,Appling County,18437,3644.0,0.1976,1601.0,27.0,9693.0,9346.0,347.0,3.6,51217.0,2330.0,5047.0,3684.0,1222.0,18.96930717,41.08931043,29.9926728,9.948709599,1885.7955,27.6939,284.7955322265625,0.6938991546630859
13003,GA,Atkinson County,8160,1717.0,0.2104,796.0,18.0,4316.0,4193.0,123.0,2.8,46060.0,1553.0,1827.0,1554.0,537.0,28.38603546,33.39426065,28.40431365,9.815390239,898.1219,12.2927265,102.12188720703125,-5.707273483276367
13005,GA,Bacon County,11173,2485.0,0.2224,1333.0,17.0,4848.0,4700.0,148.0,3.1,46044.0,1117.0,3020.0,2312.0,799.0,15.4111479,41.66666667,31.89845475,11.02373068,1360.226,17.115246,27.2259521484375,0.11524581909179688
13007,GA,Baker County,2792,599.0,0.2145,227.0,1.0,1116.0,1070.0,46.0,4.1,50129.0,194.0,855.0,655.0,346.0,9.463414634,41.70731707,31.95121951,16.87804878,360.91425,2.4805496,133.91424560546875,1.4805495738983154
13009,GA,Baldwin County,43633,9253.0,0.2121,3828.0,57.0,17648.0,16918.0,730.0,4.1,49883.0,4063.0,9249.0,7536.0,6630.0,14.78637455,33.659655,27.42557683,24.12839362,4231.485,56.665195,403.48486328125,-0.3348045349121094
13011,GA,Banks County,19342,2328.0,0.1204,1537.0,29.0,11183.0,10932.0,251.0,2.2,66928.0,2353.0,4555.0,4055.0,2300.0,17.74108422,34.34366282,30.57377667,17.34147629,1671.5007,28.601152,134.500732421875,-0.3988475799560547
13013,GA,Barrow County,89245,8282.0,0.0928,9112.0,77.0,42983.0,41863.0,1120.0,2.6,77583.0,7148.0,19719.0,18734.0,12138.0,12.37984724,34.15195968,32.44600703,21.02218604,8850.074,84.64458,-261.92578125,7.6445770263671875
13015,GA,Bartow County,112815,11545.0,0.1023,11649.0,100.0,52182.0,50633.0,1549.0,3.0,80017.0,8542.0,27737.0,21699.0,17258.0,11.35360732,36.86665958,28.84124621,22.93848689,11956.386,100.12053,307.3857421875,0.1205291748046875
13017,GA,Ben Hill County,17057,4489.0,0.2632,1605.0,12.0,5593.0,5343.0,250.0,4.5,41141.0,1800.0,5582.0,2679.0,1386.0,15.72464401,48.76386826,23.40351184,12.10797589,1786.976,14.2349205,181.9759521484375,2.2349205017089844
13019,GA,Berrien County,18215,3947.0,0.2167,2086.0,23.0,7752.0,7498.0,254.0,3.3,48725.0,2174.0,4787.0,4057.0,1617.0,17.20617333,37.88682232,32.10922042,12.79778393,1992.3441,25.587515,-93.6558837890625,2.587514877319336
13021,GA,Bibb County,156126,34064.0,0.2182,16070.0,145.0,65086.0,62563.0,2523.0,3.9,48539.0,13018.0,32203.0,31275.0,26859.0,12.59542354,31.15766049,30.25978424,25.98713173,16661.705,147.48991,591.705078125,2.4899139404296875
13023,GA,Bleckley County,12279,1862.0,0.1516,1343.0,22.0,4567.0,4366.0,201.0,4.4,56070.0,976.0,2717.0,2903.0,1476.0,12.09117939,33.65956392,35.96382557,18.28543112,1612.4246,23.132605,269.424560546875,1.1326045989990234
13025,GA,Brantley County,18210,2928.0,0.1608,1434.0,26.0,7388.0,7124.0,264.0,3.6,50370.0,2368.0,5500.0,3374.0,1375.0,18.76832845,43.59197908,26.74169771,10.89799477,1500.2998,26.606636,66.2998046875,0.6066360473632812
13027,GA,Brooks County,16284,4067.0,0.2498,1437.0,20.0,6651.0,6435.0,216.0,3.2,43353.0,1956.0,4462.0,3502.0,1557.0,17.04278121,38.87775551,30.51320031,13.56626296,1974.5125,21.6427,537.512451171875,1.6427001953125
13029,GA,Bryan County,48218,3864.0,0.0801,4273.0,32.0,20117.0,19579.0,538.0,2.7,93057.0,2102.0,7363.0,9725.0,10169.0,7.159644402,25.07919207,33.12442522,34.63673831,4764.717,43.307343,491.716796875,11.307342529296875
13031,GA,Bulloch County,83038,18278.0,0.2201,5849.0,55.0,38395.0,37053.0,1342.0,3.5,49471.0,4804.0,13254.0,13970.0,14256.0,10.37939677,28.63624579,30.18321666,30.80114078,6150.999,55.783554,301.9990234375,0.7835540771484375
13033,GA,Burke County,24434,5264.0,0.2154,2198.0,35.0,8999.0,8516.0,483.0,5.4,49431.0,2480.0,5844.0,5054.0,2225.0,15.89437929,37.4543357,32.39120682,14.26007819,2667.5923,32.73128,469.59228515625,-2.268718719482422
13035,GA,Butts County,26745,3119.0,0.1166,2325.0,50.0,11307.0,10983.0,324.0,2.9,62231.0,2970.0,7519.0,5247.0,2541.0,16.24993161,41.13913662,28.70821251,13.90271926,2550.0042,41.647446,225.004150390625,-8.352554321289062
13037,GA,Calhoun County,5474,1282.0,0.2342,669.0,3.0,2235.0,2163.0,72.0,3.2,39681.0,962.0,1758.0,977.0,511.0,22.86121673,41.77756654,23.21768061,12.14353612,630.7666,6.35215,-38.2333984375,3.3521499633789062
13039,GA,Camden County,56971,6772.0,0.1189,5094.0,38.0,21813.0,21139.0,674.0,3.1,67628.0,2728.0,11572.0,13849.0,8141.0,7.517222375,31.88757233,38.16202811,22.43317718,5287.862,42.35539,193.86181640625,4.355388641357422
13043,GA,Candler County,10962,1974.0,0.1801,904.0,17.0,6027.0,5876.0,151.0,2.5,44493.0,1523.0,2544.0,2216.0,992.0,20.9347079,34.96907216,30.4604811,13.63573883,1941.267,14.3055525,1037.2669677734375,-2.6944475173950195
13045,GA,Carroll County,124530,15981.0,0.1283,9177.0,122.0,57136.0,55328.0,1808.0,3.2,69924.0,11915.0,25898.0,22777.0,17521.0,15.2539335,33.15538144,29.15978543,22.43089962,9317.798,112.79482,140.7978515625,-9.205177307128906
13047,GA,Catoosa County,68836,7508.0,0.1091,6336.0,140.0,33434.0,32512.0,922.0,2.8,66918.0,4860.0,14692.0,16495.0,11679.0,10.18312869,30.784059,34.56187403,24.47093827,7464.9736,124.82538,1128.9736328125,-15.17462158203125
13049,GA,Charlton County,12788,2345.0,0.1834,1076.0,19.0,5051.0,4888.0,163.0,3.2,48147.0,1272.0,3770.0,2600.0,983.0,14.74782609,43.71014493,30.14492754,11.39710145,1279.1536,19.994654,203.153564453125,0.9946537017822266
13051,GA,Chatham County,301025,45884.0,0.1524,35729.0,267.0,144022.0,139525.0,4497.0,3.1,64029.0,17900.0,50287.0,61014.0,75082.0,8.762354185,24.61634106,29.86738985,36.75391491,36203.77,266.90204,474.76953125,-0.09796142578125
13053,GA,Chattahoochee County,8746,1029.0,0.1177,1489.0,1.0,1882.0,1793.0,89.0,4.7,57507.0,122.0,1114.0,1844.0,1173.0,2.868563367,26.19327534,43.35762991,27.58053139,1266.6301,3.2618048,-222.369873046875,2.2618048191070557
13055,GA,Chattooga County,24962,4271.0,0.1711,2539.0,36.0,9282.0,8881.0,401.0,4.3,50714.0,4514.0,6297.0,4835.0,1880.0,25.75601963,35.92947621,27.58758416,10.72692,2584.3416,33.85602,45.341552734375,-2.1439781188964844
13057,GA,Cherokee County,281194,15654.0,0.0557,24954.0,188.0,142420.0,138955.0,3465.0,2.4,99932.0,14774.0,43164.0,55909.0,74184.0,7.857215034,22.9557892,29.73392685,39.45306891,24977.496,186.102,23.49609375,-1.8979949951171875
13059,GA,Clarke County,129726,31580.0,0.2434,12230.0,64.0,57972.0,55998.0,1974.0,3.4,49832.0,7452.0,13191.0,17473.0,36142.0,10.03528239,17.76374263,23.5301247,48.67085028,12298.661,64.62739,68.6611328125,0.6273880004882812
13061,GA,Clay County,2853,700.0,0.2454,279.0,9.0,828.0,771.0,57.0,6.9,37961.0,287.0,610.0,624.0,443.0,14.61303462,31.05906314,31.77189409,22.55600815,579.8467,7.1817026,300.8466796875,-1.8182973861694336
13063,GA,Clayton County,298399,42575.0,0.1427,28954.0,270.0,139968.0,134296.0,5672.0,4.1,57625.0,28646.0,61405.0,58202.0,40227.0,15.19842954,32.57905348,30.87966893,21.34284805,29037.037,270.03284,83.037109375,0.0328369140625
13065,GA,Clinch County,6679,1410.0,0.2111,875.0,9.0,3034.0,2948.0,86.0,2.8,45595.0,877.0,2079.0,1099.0,607.0,18.81166881,44.59459459,23.57357357,13.02016302,773.08813,9.579629,-101.911865234375,0.5796289443969727
13067,GA,Cobb County,771840,61108.0,0.0792,80943.0,563.0,430506.0,419024.0,11482.0,2.7,96798.0,37746.0,92571.0,129534.0,263860.0,7.207410194,17.67597014,24.7338704,50.38274926,81566.234,557.8047,623.234375,-5.1953125
13069,GA,Coffee County,43247,7959.0,0.184,3454.0,55.0,18560.0,17875.0,685.0,3.7,48792.0,5851.0,11445.0,7566.0,3883.0,20.35484432,39.81562011,26.32109932,13.50843625,4023.4043,54.92024,569.404296875,-0.07976150512695312
13071,GA,Colquitt County,45830,10128.0,0.221,5219.0,70.0,21895.0,21252.0,643.0,2.9,49214.0,6118.0,11122.0,8191.0,4735.0,20.28111118,36.86932308,27.15308626,15.69647948,5157.038,66.47794,-61.9619140625,-3.5220565795898438
13073,GA,Columbia County,162471,11298.0,0.0695,15528.0,102.0,75689.0,73484.0,2205.0,2.9,94224.0,7398.0,23683.0,35444.0,40490.0,6.913049572,22.13054245,33.12059057,37.83581741,19170.404,97.65962,3642.404296875,-4.3403778076171875
13075,GA,Cook County,17409,3527.0,0.2026,1849.0,15.0,8226.0,7963.0,263.0,3.2,44476.0,1898.0,4240.0,3346.0,1908.0,16.66081461,37.21910112,29.37148876,16.74859551,2067.2048,18.040693,218.204833984375,3.0406932830810547
13077,GA,Coweta County,152879,11387.0,0.0745,15170.0,120.0,77557.0,75424.0,2133.0,2.8,87618.0,8362.0,26392.0,32352.0,35594.0,8.142161636,25.69814995,31.50146056,34.65822785,17715.88,125.06091,2545.880859375,5.0609130859375
13079,GA,Crawford County,12169,2034.0,0.1671,935.0,17.0,5340.0,5167.0,173.0,3.2,60295.0,1405.0,3799.0,2155.0,1199.0,16.41738724,44.3912129,25.18111708,14.01028278,1465.255,10.519499,530.2550048828125,-6.480501174926758
13081,GA,Crisp County,19729,4833.0,0.245,2108.0,25.0,9731.0,9305.0,426.0,4.4,43884.0,2185.0,5135.0,4355.0,2144.0,15.81156379,37.15898401,31.51458137,15.51487083,2816.8638,24.090675,708.86376953125,-0.9093246459960938
13083,GA,Dade County,16090,1745.0,0.1085,1511.0,33.0,8038.0,7822.0,216.0,2.7,59708.0,1323.0,4308.0,3619.0,2171.0,11.58392435,37.71998949,31.6872428,19.00884336,1758.6561,25.656216,247.6561279296875,-7.343784332275391
13085,GA,Dawson County,30189,2398.0,0.0794,2991.0,27.0,13388.0,13047.0,341.0,2.5,84551.0,2204.0,4794.0,6268.0,7383.0,10.67364037,23.21662066,30.35498087,35.7547581,1952.6803,25.398563,-1038.3197021484375,-1.6014366149902344
13087,GA,Decatur County,29019,6363.0,0.2193,3373.0,28.0,11716.0,11322.0,394.0,3.4,46455.0,3267.0,6503.0,6770.0,2836.0,16.86106524,33.56213873,34.94013212,14.63666391,3544.6355,30.049688,171.635498046875,2.0496883392333984
13089,GA,DeKalb County,761779,101463.0,0.1332,79542.0,500.0,404413.0,391314.0,13099.0,3.2,76736.0,48040.0,104852.0,125415.0,244312.0,9.192164847,20.06279909,23.99740538,46.74763068,94495.29,544.8794,14953.2890625,44.87939453125
13091,GA,Dodge County,19873,4391.0,0.221,2025.0,31.0,6854.0,6588.0,266.0,3.9,43783.0,2000.0,6031.0,4125.0,2185.0,13.94602887,42.05425005,28.76368454,15.23603654,2531.9634,33.796993,506.96337890625,2.7969932556152344
13093,GA,Dooly County,10585,2155.0,0.2036,1016.0,12.0,4726.0,4531.0,195.0,4.1,46191.0,1456.0,3617.0,2324.0,1143.0,17.04918033,42.35362998,27.21311475,13.38407494,1306.2384,13.402726,290.2384033203125,1.402726173400879
13095,GA,Dougherty County,82895,22306.0,0.2691,10354.0,122.0,36387.0,34767.0,1620.0,4.5,42629.0,8036.0,16928.0,17159.0,12752.0,14.64419134,30.84829157,31.26924829,23.23826879,10617.231,120.697235,263.2314453125,-1.302764892578125
13097,GA,Douglas County,147453,14898.0,0.101,15637.0,140.0,74978.0,72462.0,2516.0,3.4,79242.0,8187.0,29005.0,28684.0,29327.0,8.599518923,30.4664769,30.12930265,30.80470153,19755.111,126.178276,4118.111328125,-13.821723937988281
13099,GA,Early County,10560,2461.0,0.233,1140.0,7.0,4252.0,4088.0,164.0,3.9,43417.0,1332.0,2690.0,1854.0,1128.0,19.01770417,38.40662479,26.47058824,16.10508281,1092.6813,11.292279,-47.3187255859375,4.292279243469238
13101,GA,Echols County,3686,774.0,0.21,297.0,1.0,1857.0,1810.0,47.0,2.5,47195.0,426.0,968.0,578.0,332.0,18.48958333,42.01388889,25.08680556,14.40972222,492.95273,2.5645251,195.95272827148438,1.5645251274108887
13103,GA,Effingham County,69034,5859.0,0.0849,6753.0,35.0,33627.0,32741.0,886.0,2.6,88111.0,4085.0,14415.0,13840.0,11839.0,9.246474569,32.62862446,31.32710111,26.79779986,7652.2236,66.41995,899.2236328125,31.419952392578125
13105,GA,Elbert County,19873,3171.0,0.1596,1671.0,26.0,7844.0,7543.0,301.0,3.8,49220.0,2111.0,5630.0,4171.0,2079.0,15.08827103,40.24015438,29.81202201,14.85955257,2172.0483,27.546371,501.04833984375,1.5463714599609375
13107,GA,Emanuel County,22946,4490.0,0.1957,2095.0,21.0,8684.0,8318.0,366.0,4.2,46975.0,3156.0,6347.0,3840.0,1966.0,20.61532432,41.45927232,25.08328434,12.84211901,2769.9143,23.341803,674.914306640625,2.3418025970458984
13109,GA,Evans County,10659,2186.0,0.2051,1079.0,14.0,5032.0,4880.0,152.0,3.0,45163.0,1234.0,2830.0,1888.0,1058.0,17.60342368,40.37089872,26.93295292,15.09272468,1097.5397,13.516092,18.5396728515625,-0.48390769958496094
13111,GA,Fannin County,25733,2932.0,0.1139,1592.0,62.0,11927.0,11599.0,328.0,2.8,60604.0,2343.0,6975.0,6164.0,4520.0,11.71382862,34.87151285,30.81691831,22.59774023,2022.1304,52.33859,430.13037109375,-9.66141128540039
13113,GA,Fayette County,121981,7155.0,0.0587,12627.0,117.0,59436.0,57837.0,1599.0,2.7,109358.0,4169.0,16340.0,22558.0,39899.0,5.02494998,19.69481474,27.1894511,48.09078418,12635.065,114.556854,8.0654296875,-2.443145751953125
13115,GA,Floyd County,99437,14366.0,0.1445,11221.0,146.0,44672.0,43261.0,1411.0,3.2,56651.0,9937.0,20235.0,19284.0,16438.0,15.08028045,30.70841048,29.26518348,24.9461256,11700.155,138.84267,479.1552734375,-7.1573333740234375
13117,GA,Forsyth County,267312,10836.0,0.0405,26997.0,144.0,129933.0,126811.0,3122.0,2.4,130909.0,10184.0,24876.0,39338.0,97038.0,5.940409249,14.51037122,22.94617233,56.6030472,26063.201,126.8584,-933.798828125,-17.1416015625
13119,GA,Franklin County,24146,3731.0,0.1545,1912.0,29.0,9983.0,9656.0,327.0,3.3,49940.0,2904.0,5317.0,5202.0,2735.0,17.97252135,32.90630028,32.19457854,16.92659983,2322.912,30.667908,410.912109375,1.66790771484375
13121,GA,Fulton County,1073698,133088.0,0.124,108073.0,706.0,574466.0,555616.0,18850.0,3.3,89798.0,47040.0,113908.0,149436.0,428540.0,6.366013284,15.41538778,20.22346006,57.99513888,132371.17,429.91922,24298.171875,-276.0807800292969
13123,GA,Gilmer County,32403,4480.0,0.1383,2988.0,50.0,12505.0,12113.0,392.0,3.1,68294.0,3392.0,8359.0,6780.0,5452.0,14.14335154,34.85385481,28.2700246,22.73276904,4585.292,39.339005,1597.2919921875,-10.660995483398438
13125,GA,Glascock County,2928,400.0,0.1366,265.0,8.0,1248.0,1208.0,40.0,3.2,55539.0,317.0,785.0,571.0,292.0,16.13231552,39.94910941,29.05852417,14.86005089,252.67566,7.5435686,-12.3243408203125,-0.45643138885498047
13127,GA,Glynn County,85145,11354.0,0.1333,10564.0,87.0,39564.0,38360.0,1204.0,3.0,63532.0,6274.0,17208.0,18648.0,18438.0,10.3586052,28.41104213,30.7885352,30.44181746,10491.514,85.164825,-72.486328125,-1.835174560546875
13129,GA,Gordon County,58855,6721.0,0.1142,7206.0,88.0,28906.0,28062.0,844.0,2.9,63946.0,8148.0,13738.0,10821.0,7011.0,20.51462813,34.5888514,27.24457425,17.65194622,6981.637,58.861694,-224.36279296875,-29.1383056640625
13131,GA,Grady County,25994,5587.0,0.2149,2899.0,19.0,10878.0,10540.0,338.0,3.1,48548.0,3464.0,6284.0,5200.0,2699.0,19.62939876,35.60945203,29.46676489,15.29438431,2736.3596,23.124699,-162.640380859375,4.124698638916016
13133,GA,Greene County,20111,2716.0,0.1351,1609.0,16.0,7353.0,7113.0,240.0,3.3,74488.0,1434.0,3992.0,3830.0,5303.0,9.849577581,27.41946562,26.30675184,36.42420496,2400.9524,13.134233,791.952392578125,-2.8657665252685547
13135,GA,Gwinnett County,976173,86107.0,0.0882,98084.0,480.0,500085.0,486171.0,13914.0,2.8,83918.0,75022.0,141624.0,164195.0,240720.0,12.0699336,22.78521336,26.41655445,38.72829859,111511.3,890.03217,13427.296875,410.03216552734375
13137,GA,Habersham County,47465,6213.0,0.1309,3380.0,63.0,18689.0,18094.0,595.0,3.2,62428.0,5670.0,10465.0,8167.0,7778.0,17.67456359,32.62157107,25.45822943,24.24563591,3607.5645,56.897408,227.564453125,-6.102592468261719
13139,GA,Hall County,212621,24679.0,0.1161,21384.0,210.0,107053.0,104415.0,2638.0,2.5,76789.0,25932.0,38499.0,37376.0,37144.0,18.66269404,27.70688948,26.89869091,26.73172557,21626.283,210.07037,242.283203125,0.07037353515625
13141,GA,Hancock County,8417,1912.0,0.2272,639.0,8.0,2499.0,2372.0,127.0,5.1,38570.0,1722.0,2598.0,1727.0,552.0,26.09486286,39.36960145,26.17063191,8.364903773,1064.3291,10.26851,425.3291015625,2.268509864807129
13143,GA,Haralson County,31355,4682.0,0.1493,2014.0,53.0,12994.0,12588.0,406.0,3.1,57912.0,3262.0,8348.0,5848.0,3684.0,15.42900388,39.48538454,27.66058083,17.42503074,4041.137,41.54853,2027.136962890625,-11.451469421386719
13145,GA,Harris County,36257,3235.0,0.0892,2781.0,26.0,16571.0,16098.0,473.0,2.9,90636.0,1765.0,6242.0,8296.0,8645.0,7.074715408,25.02004169,33.25316659,34.65207632,3281.911,24.356796,500.910888671875,-1.6432037353515625
13147,GA,Hart County,26886,3711.0,0.138,1776.0,36.0,12097.0,11721.0,376.0,3.1,56137.0,2895.0,6821.0,6134.0,3499.0,14.96201354,35.25246783,31.70189674,18.08362189,2562.4292,35.746944,786.42919921875,-0.2530555725097656
13149,GA,Heard County,11716,1727.0,0.1474,883.0,18.0,5316.0,5152.0,164.0,3.1,56724.0,1124.0,3496.0,2453.0,907.0,14.08521303,43.80952381,30.73934837,11.36591479,1267.5461,18.811739,384.546142578125,0.8117389678955078
13151,GA,Henry County,248472,19857.0,0.0799,24812.0,201.0,120416.0,116498.0,3918.0,3.3,82379.0,12113.0,48523.0,54681.0,44927.0,7.559097377,30.28069694,34.12358653,28.03661916,25436.496,201.32335,624.49609375,0.3233489990234375
13153,GA,Houston County,169775,17991.0,0.106,20507.0,106.0,70326.0,68062.0,2264.0,3.2,71237.0,7470.0,29858.0,37113.0,35447.0,6.797830518,27.17130169,33.77347845,32.25738934,21047.293,114.285774,540.29296875,8.285774230957031
13155,GA,Irwin County,9114,1676.0,0.1839,667.0,13.0,3528.0,3384.0,144.0,4.1,49224.0,1053.0,2313.0,1999.0,1070.0,16.36363636,35.94405594,31.06449106,16.62781663,1046.4706,13.461069,379.4705810546875,0.46106910705566406
13157,GA,Jackson County,84009,6088.0,0.0725,8187.0,75.0,48197.0,47224.0,973.0,2.0,82138.0,6751.0,17160.0,15572.0,14833.0,12.42911849,31.5929008,28.66926872,27.30871198,9817.571,67.811485,1630.5712890625,-7.188514709472656
13159,GA,Jasper County,15979,2038.0,0.1275,1263.0,20.0,7186.0,6993.0,193.0,2.7,63718.0,1157.0,4683.0,2614.0,2094.0,10.96890406,44.39704209,24.78194918,19.85210466,1731.6022,20.282915,468.6021728515625,0.2829151153564453
13161,GA,Jeff Davis County,14891,2995.0,0.2011,1261.0,13.0,6148.0,5919.0,229.0,3.7,46143.0,2114.0,3633.0,2769.0,1102.0,21.97962154,37.77292576,28.78976918,11.45768351,1367.6244,16.919786,106.6243896484375,3.9197864532470703
13163,GA,Jefferson County,15294,3511.0,0.2296,1288.0,24.0,6556.0,6283.0,273.0,4.2,44459.0,1959.0,4499.0,2897.0,1178.0,18.59868983,42.71337701,27.50403494,11.18389822,1749.989,22.3006,461.989013671875,-1.6993999481201172
13165,GA,Jenkins County,8655,2070.0,0.2392,501.0,5.0,3286.0,3141.0,145.0,4.4,41830.0,1244.0,2895.0,1934.0,515.0,18.88281724,43.9435337,29.35640559,7.817243473,1022.90765,9.356633,521.9076538085938,4.356633186340332
13167,GA,Johnson County,9211,2033.0,0.2207,936.0,20.0,4023.0,3904.0,119.0,3.0,42603.0,1684.0,2968.0,1556.0,623.0,24.6523203,43.44898258,22.77850974,9.120187381,1039.6583,17.535538,103.6583251953125,-2.4644622802734375
13169,GA,Jones County,28512,3243.0,0.1137,2141.0,27.0,13245.0,12842.0,403.0,3.0,65515.0,1649.0,8279.0,6267.0,3653.0,8.308141878,41.71201129,31.57496977,18.40487707,2604.9844,29.035248,463.984375,2.035247802734375
13171,GA,Lamar County,19473,2442.0,0.1254,1901.0,25.0,8370.0,8087.0,283.0,3.4,61542.0,1321.0,4513.0,4489.0,2503.0,10.29939186,35.18634025,34.99922033,19.51504756,2453.608,20.809858,552.60791015625,-4.190141677856445
13173,GA,Lanier County,10177,1878.0,0.1845,1079.0,13.0,3753.0,3620.0,133.0,3.5,50671.0,705.0,2702.0,2025.0,1279.0,10.50514081,40.262256,30.17434063,19.05826255,1223.8591,14.534185,144.859130859375,1.5341854095458984
13175,GA,Laurens County,49710,10450.0,0.2102,6018.0,63.0,19257.0,18496.0,761.0,4.0,47918.0,4639.0,13396.0,9380.0,5942.0,13.90712594,40.15948676,28.12003478,17.81335252,6333.7627,63.079742,315.7626953125,0.079742431640625
13177,GA,Lee County,33678,3360.0,0.0998,3547.0,27.0,15010.0,14563.0,447.0,3.0,84260.0,1834.0,5792.0,6821.0,7280.0,8.441110139,26.65807521,31.39411792,33.50669674,3909.4734,27.769472,362.473388671875,0.7694721221923828
13179,GA,Liberty County,67919,9160.0,0.1349,7449.0,28.0,26025.0,25141.0,884.0,3.4,59807.0,3083.0,12266.0,15617.0,7685.0,7.976507723,31.73527205,40.40516416,19.88305607,7613.4536,32.767857,164.45361328125,4.767856597900391
13181,GA,Lincoln County,7859,1201.0,0.1528,520.0,5.0,3500.0,3374.0,126.0,3.6,69776.0,762.0,2494.0,1604.0,936.0,13.14699793,43.02967564,27.67425811,16.14906832,716.3931,5.5627556,196.39312744140625,0.5627555847167969
13183,GA,Long County,18395,2550.0,0.1386,1577.0,7.0,8428.0,8157.0,271.0,3.2,71285.0,1556.0,4957.0,3066.0,1409.0,14.1609028,45.11285038,27.90316709,12.82307972,2440.3057,17.301975,863.3056640625,10.30197525024414
13185,GA,Lowndes County,119499,17678.0,0.1479,13488.0,100.0,50175.0,48471.0,1704.0,3.4,52623.0,7238.0,22176.0,22409.0,19289.0,10.17831027,31.18461019,31.51226235,27.12481719,13474.265,102.28295,-13.7353515625,2.2829513549804688
13187,GA,Lumpkin County,34706,3740.0,0.1078,3403.0,25.0,17974.0,17510.0,464.0,2.6,71486.0,2333.0,6515.0,5795.0,6732.0,10.91461988,30.47953216,27.11111111,31.49473684,3305.571,27.987902,-97.428955078125,2.9879016876220703
13189,GA,McDuffie County,21690,3798.0,0.1751,2229.0,31.0,8389.0,8005.0,384.0,4.6,50593.0,2125.0,5948.0,4019.0,2626.0,14.438103,40.41309961,27.30669928,17.84209811,2982.197,30.301266,753.197021484375,-0.6987342834472656
13191,GA,McIntosh County,11183,1893.0,0.1693,1020.0,7.0,6192.0,5994.0,198.0,3.2,51411.0,1626.0,2970.0,2587.0,1645.0,18.41866787,33.64295424,29.30448573,18.63389216,1562.188,9.547376,542.18798828125,2.5473756790161133
13193,GA,Macon County,11777,2365.0,0.2008,1126.0,7.0,4523.0,4328.0,195.0,4.3,40089.0,2067.0,3427.0,2243.0,956.0,23.77775221,39.42252387,25.80236972,10.99735419,1422.1342,9.72528,296.1341552734375,2.7252798080444336
13195,GA,Madison County,31450,3809.0,0.1211,2516.0,35.0,13371.0,12973.0,398.0,3.0,58789.0,3858.0,7195.0,5991.0,4310.0,18.06687272,33.69392151,28.0556336,20.18357216,2607.534,32.907078,91.533935546875,-2.0929222106933594
13197,GA,Marion County,7436,1423.0,0.1914,785.0,14.0,3201.0,3083.0,118.0,3.7,47174.0,1299.0,1851.0,1565.0,744.0,23.79556695,33.90730903,28.66825426,13.62886976,770.8868,12.550427,-14.11322021484375,-1.4495725631713867
13199,GA,Meriwether County,20890,3435.0,0.1644,2015.0,36.0,8969.0,8616.0,353.0,3.9,53019.0,2621.0,6374.0,3839.0,1924.0,17.75985906,43.19013416,26.01300989,13.03699688,3037.7358,28.005632,1022.73583984375,-7.994367599487305
13201,GA,Miller County,5774,1292.0,0.2238,695.0,8.0,2854.0,2776.0,78.0,2.7,45201.0,660.0,1134.0,1349.0,882.0,16.39751553,28.17391304,33.51552795,21.91304348,577.4952,8.09753,-117.50482177734375,0.09753036499023438
13205,GA,Mitchell County,21192,4470.0,0.2109,2515.0,23.0,8231.0,7894.0,337.0,4.1,45296.0,2247.0,5376.0,5001.0,1863.0,15.51045765,37.10913233,34.52060468,12.85980534,2564.4846,26.187681,49.484619140625,3.187681198120117
13207,GA,Monroe County,29469,3208.0,0.1089,2278.0,30.0,12721.0,12350.0,371.0,2.9,76428.0,1858.0,7123.0,5418.0,5791.0,9.202575532,35.27984151,26.83506686,28.6825161,2729.0217,31.964617,451.021728515625,1.9646167755126953
13209,GA,Montgomery County,8643,1602.0,0.1854,708.0,11.0,3820.0,3668.0,152.0,4.0,48356.0,847.0,2147.0,1595.0,1164.0,14.72275335,37.31965931,27.72466539,20.23292195,860.3855,11.557785,152.385498046875,0.5577850341796875
13211,GA,Morgan County,21024,2337.0,0.1112,1798.0,19.0,9673.0,9404.0,269.0,2.8,74340.0,1284.0,5724.0,3288.0,4441.0,8.712763792,38.84101242,22.31118952,30.13503427,1833.5984,19.19195,35.598388671875,0.19194984436035156
13213,GA,Murray County,40410,5332.0,0.1319,5102.0,52.0,15366.0,14735.0,631.0,4.1,62109.0,5782.0,9502.0,8109.0,3705.0,21.33736807,35.06531847,29.92471769,13.67259576,5074.0054,47.385563,-27.99462890625,-4.614437103271484
13215,GA,Muscogee County,202432,35163.0,0.1737,17870.0,225.0,74408.0,71202.0,3206.0,4.3,53740.0,14869.0,36101.0,43695.0,40067.0,11.03598254,26.79467387,32.4310483,29.73829528,24529.98,195.12546,6659.98046875,-29.874542236328125
13217,GA,Newton County,117752,14313.0,0.1216,10539.0,118.0,54193.0,52281.0,1912.0,3.5,72128.0,7863.0,23784.0,25673.0,17683.0,10.48358066,31.71073157,34.22929749,23.57639028,15255.162,91.56313,4716.162109375,-26.436866760253906
13219,GA,Oconee County,43624,2583.0,0.0592,3871.0,32.0,19998.0,19524.0,474.0,2.4,114758.0,1048.0,4421.0,7102.0,15278.0,3.76315128,15.87489676,25.50181335,54.8601386,3828.9312,30.24042,-42.06884765625,-1.7595806121826172
13221,GA,Oglethorpe County,15531,1954.0,0.1258,1282.0,19.0,6913.0,6719.0,194.0,2.8,62504.0,1330.0,3864.0,2880.0,2627.0,12.42874498,36.10877488,26.91337258,24.54910756,1734.753,20.893972,452.7530517578125,1.893972396850586
13223,GA,Paulding County,178753,14003.0,0.0783,15665.0,114.0,91217.0,88756.0,2461.0,2.7,87459.0,9907.0,33378.0,40084.0,31505.0,8.624231767,29.0561833,34.89388373,27.4257012,15894.006,114.75585,229.005859375,0.7558517456054688
13225,GA,Peach County,28486,5008.0,0.1758,3170.0,33.0,11789.0,11325.0,464.0,3.9,58471.0,2260.0,5872.0,5740.0,4457.0,12.33018714,32.03666321,31.31649299,24.31665666,3570.7708,34.364647,400.770751953125,1.3646469116210938
13227,GA,Pickens County,34825,3684.0,0.1058,3669.0,58.0,15881.0,15460.0,421.0,2.7,71955.0,2558.0,8712.0,7780.0,6310.0,10.08675079,34.3533123,30.67823344,24.88170347,3646.7124,55.85526,-22.28759765625,-2.1447410583496094
13229,GA,Pierce County,20190,3338.0,0.1653,1860.0,37.0,8675.0,8424.0,251.0,2.9,52695.0,1786.0,5532.0,3690.0,2458.0,13.26303282,41.08124165,27.40234665,18.25337888,2580.2502,26.185898,720.250244140625,-10.814102172851562
13231,GA,Pike County,19955,1709.0,0.0856,2150.0,34.0,9181.0,8926.0,255.0,2.8,80626.0,1329.0,5005.0,4128.0,2851.0,9.982723654,37.59483212,31.00728611,21.41515812,2227.82,20.572697,77.820068359375,-13.427303314208984
13233,GA,Polk County,43669,6441.0,0.1475,4368.0,46.0,18596.0,18008.0,588.0,3.2,54894.0,5159.0,11662.0,7864.0,4176.0,17.8753335,40.40747029,27.24784311,14.46935311,4551.6777,47.101074,183.677734375,1.10107421875
13235,GA,Pulaski County,9963,1693.0,0.1699,1003.0,16.0,3980.0,3844.0,136.0,3.4,46975.0,1515.0,2672.0,2515.0,914.0,19.89233193,35.08403361,33.02258403,12.00105042,1046.7231,15.199844,43.72314453125,-0.8001556396484375
13237,GA,Putnam County,22933,3027.0,0.132,1599.0,23.0,8752.0,8439.0,313.0,3.6,62241.0,2012.0,4914.0,4957.0,4685.0,12.14389184,29.65958474,29.9191212,28.27740222,2385.757,26.893648,786.757080078125,3.893648147583008
13239,GA,Quitman County,2259,501.0,0.2218,264.0,12.0,728.0,691.0,37.0,5.1,41516.0,280.0,775.0,379.0,141.0,17.77777778,49.20634921,24.06349206,8.952380952,355.1406,9.769743,91.14059448242188,-2.230257034301758
13241,GA,Rabun County,17267,2160.0,0.1251,1293.0,26.0,7799.0,7566.0,233.0,3.0,63387.0,1300.0,3866.0,4072.0,3947.0,9.859689041,29.32119833,30.88357983,29.9355328,1484.058,25.642834,191.0579833984375,-0.3571662902832031
13243,GA,Randolph County,6126,1635.0,0.2669,679.0,5.0,2374.0,2265.0,109.0,4.6,39188.0,706.0,1342.0,1558.0,637.0,16.6391704,31.62856469,36.71930238,15.01296253,667.7352,8.120107,-11.2647705078125,3.1201066970825195
13245,GA,Richmond County,206344,35823.0,0.1736,21082.0,192.0,82486.0,78895.0,3591.0,4.4,50079.0,16545.0,43342.0,43495.0,32755.0,12.15319862,31.8370465,31.94943329,24.06032159,21702.422,194.007,620.421875,2.0070037841796875
13247,GA,Rockdale County,94945,10561.0,0.1112,9012.0,78.0,45162.0,43544.0,1618.0,3.6,71984.0,6332.0,17866.0,20713.0,18436.0,9.995737762,28.20338769,32.69768103,29.10319352,9462.482,78.58916,450.482421875,0.5891571044921875
13249,GA,Schley County,4497,693.0,0.1541,622.0,4.0,2141.0,2058.0,83.0,3.9,57510.0,477.0,1036.0,1022.0,596.0,15.23474928,33.08847014,32.64132865,19.03545193,651.31635,5.2079263,29.31634521484375,1.2079262733459473
13251,GA,Screven County,13970,2572.0,0.1841,1211.0,13.0,4997.0,4772.0,225.0,4.5,52713.0,1605.0,4223.0,3071.0,1539.0,15.37650891,40.45794213,29.42134509,14.74420387,1731.8711,17.994373,520.87109375,4.994373321533203
13253,GA,Seminole County,9144,2090.0,0.2286,850.0,21.0,3095.0,2982.0,113.0,3.7,45223.0,718.0,2797.0,2154.0,1065.0,10.66231066,41.53549154,31.98693199,15.81526582,1014.23364,15.873464,164.233642578125,-5.1265363693237305
13255,GA,Spalding County,69008,13102.0,0.1899,6751.0,101.0,29289.0,28282.0,1007.0,3.4,55086.0,6863.0,19067.0,12592.0,8380.0,14.63263827,40.65285062,26.84746919,17.86704192,7947.3906,102.28102,1196.390625,1.2810211181640625
13257,GA,Stephens County,26746,3587.0,0.1341,2135.0,53.0,10559.0,10169.0,390.0,3.7,51980.0,2972.0,7507.0,5156.0,2733.0,16.18031359,40.86999129,28.07055749,14.87913763,3032.8198,47.349518,897.81982421875,-5.650482177734375
13259,GA,Stewart County,4604,1010.0,0.2194,1473.0,6.0,2592.0,2494.0,98.0,3.8,41158.0,1074.0,1542.0,855.0,488.0,27.12806264,38.9492296,21.59636272,12.32634504,1165.4928,6.634918,-307.5072021484375,0.634918212890625
13261,GA,Sumter County,28864,6101.0,0.2114,3742.0,38.0,12162.0,11645.0,517.0,4.3,44677.0,2894.0,6589.0,5028.0,3923.0,15.69925138,35.7437344,27.27568623,21.28132798,4198.3237,41.768875,456.32373046875,3.7688751220703125
13263,GA,Talbot County,5757,1192.0,0.2071,508.0,4.0,2786.0,2680.0,106.0,3.8,45163.0,748.0,1832.0,1135.0,658.0,17.10496227,41.893437,25.95472216,15.04687857,800.41473,5.3322697,292.41473388671875,1.3322696685791016
13265,GA,Taliaferro County,1608,315.0,0.1959,155.0,1.0,542.0,519.0,23.0,4.2,42138.0,213.0,573.0,376.0,128.0,16.51162791,44.41860465,29.14728682,9.92248062,233.45996,2.4299462,78.4599609375,1.4299461841583252
13267,GA,Tattnall County,23988,4732.0,0.1973,1718.0,26.0,9373.0,9080.0,293.0,3.1,47401.0,3270.0,6734.0,4505.0,2489.0,19.23755736,39.61642546,26.50311801,14.64289916,2100.0735,28.625631,382.073486328125,2.625631332397461
13269,GA,Taylor County,7762,1708.0,0.22,960.0,9.0,2591.0,2457.0,134.0,5.2,44035.0,1244.0,2126.0,1203.0,1014.0,22.26597458,38.05262216,21.53212815,18.1492751,962.621,9.370214,2.6209716796875,0.37021446228027344
13271,GA,Telfair County,12378,2834.0,0.229,1094.0,13.0,3575.0,3364.0,211.0,5.9,41547.0,1808.0,3907.0,1837.0,846.0,21.52893546,46.52298166,21.87425578,10.0738271,2387.8037,18.165623,1293.8037109375,5.165622711181641
13273,GA,Terrell County,8792,2462.0,0.28,1109.0,12.0,3477.0,3315.0,162.0,4.7,53281.0,1369.0,2203.0,1891.0,712.0,22.17004049,35.67611336,30.62348178,11.53036437,621.2571,7.10689,-487.742919921875,-4.8931097984313965
13275,GA,Thomas County,45551,8921.0,0.1958,5624.0,49.0,17042.0,16421.0,621.0,3.6,52236.0,3738.0,10272.0,9815.0,7375.0,11.98076923,32.92307692,31.45833333,23.63782051,5926.655,49.36038,302.65478515625,0.3603782653808594
13277,GA,Tift County,41335,6697.0,0.162,4703.0,49.0,21063.0,20461.0,602.0,2.9,52962.0,3889.0,9200.0,8574.0,5481.0,14.32729148,33.89330976,31.58709107,20.19230769,5307.361,49.76739,604.36083984375,0.7673912048339844
13279,GA,Toombs County,26813,5593.0,0.2086,2267.0,36.0,12003.0,11529.0,474.0,3.9,45125.0,2766.0,6144.0,4947.0,3351.0,16.07391911,35.70432357,28.74825662,19.4735007,2856.3245,36.13634,589.324462890625,0.13634109497070312
13281,GA,Towns County,12961,1597.0,0.1232,1108.0,35.0,4047.0,3876.0,171.0,4.2,59273.0,683.0,2548.0,3336.0,3212.0,6.984354228,26.05583393,34.11391758,32.84589426,1011.74774,20.996967,-96.25225830078125,-14.003032684326172
13283,GA,Treutlen County,6359,1297.0,0.204,565.0,14.0,2618.0,2511.0,107.0,4.1,43533.0,1059.0,1859.0,740.0,538.0,25.23832221,44.30409914,17.63584366,12.82173499,762.70685,13.408785,197.70684814453125,-0.5912151336669922
13285,GA,Troup County,70247,12263.0,0.1746,6107.0,87.0,36794.0,35671.0,1123.0,3.1,55852.0,5642.0,16680.0,13834.0,10481.0,12.09769067,35.76559384,29.663143,22.47357249,6793.4624,85.61,686.46240234375,-1.3899993896484375
13287,GA,Turner County,8836,2218.0,0.251,1217.0,15.0,3169.0,3036.0,133.0,4.2,40865.0,1183.0,2282.0,1966.0,677.0,19.36804191,37.36083824,32.18729535,11.08382449,1162.9194,12.716962,-54.08056640625,-2.2830381393432617
13289,GA,Twiggs County,7676,1605.0,0.2091,610.0,11.0,2712.0,2582.0,130.0,4.8,48772.0,1329.0,2545.0,1466.0,654.0,22.17217217,42.45912579,24.45779112,10.91091091,796.4005,10.3258915,186.4005126953125,-0.6741085052490234
13291,GA,Union County,26390,2665.0,0.101,2192.0,45.0,11401.0,11086.0,315.0,2.8,64588.0,2251.0,6481.0,6262.0,5191.0,11.15184543,32.10800099,31.02303691,25.71711667,2455.5916,37.535175,263.591552734375,-7.464824676513672
13293,GA,Upson County,28093,5780.0,0.2057,3318.0,62.0,11644.0,11261.0,383.0,3.3,48061.0,2784.0,7726.0,5852.0,2849.0,14.49169746,40.21654261,30.46171464,14.83004529,3461.3044,56.98059,143.304443359375,-5.0194091796875
13295,GA,Walker County,68965,9937.0,0.1441,7111.0,124.0,31259.0,30289.0,970.0,3.1,53407.0,7130.0,17168.0,14383.0,9714.0,14.73292696,35.47473913,29.7200124,20.07232152,7502.3784,116.76833,391.37841796875,-7.231666564941406
13297,GA,Walton County,103064,11458.0,0.1112,8589.0,108.0,47915.0,46539.0,1376.0,2.9,83037.0,8607.0,22014.0,20128.0,16846.0,12.73319032,32.5674976,29.7773504,24.92196168,8691.374,103.29017,102.3740234375,-4.709831237792969
13299,GA,Ware County,35597,5943.0,0.167,3457.0,49.0,15454.0,14968.0,486.0,3.1,48245.0,4481.0,9588.0,6550.0,3643.0,18.46921111,39.51858874,26.99694996,15.01525019,3534.118,49.032845,77.117919921875,0.03284454345703125
13301,GA,Warren County,5157,1189.0,0.2306,460.0,10.0,2693.0,2587.0,106.0,3.9,44367.0,829.0,1418.0,1019.0,474.0,22.1657754,37.9144385,27.2459893,12.67379679,693.40674,9.038346,233.40673828125,-0.9616537094116211
13303,GA,Washington County,19765,3949.0,0.1998,1675.0,15.0,6927.0,6646.0,281.0,4.1,48462.0,2142.0,6193.0,3232.0,2449.0,15.28253425,44.18521689,23.05936073,17.47288813,2397.8276,20.631073,722.82763671875,5.631072998046875
13305,GA,Wayne County,30737,5136.0,0.1671,2752.0,41.0,11847.0,11465.0,382.0,3.2,51102.0,2813.0,9085.0,5753.0,2876.0,13.70390218,44.25878112,28.02650168,14.01081502,2970.2288,43.380985,218.228759765625,2.3809852600097656
13307,GA,Webster County,2337,421.0,0.1801,232.0,3.0,986.0,948.0,38.0,3.9,45987.0,275.0,610.0,648.0,196.0,15.90514748,35.28050896,37.47831116,11.33603239,248.53049,3.889672,16.530487060546875,0.889672040939331
13309,GA,Wheeler County,7310,1565.0,0.2141,539.0,3.0,1629.0,1543.0,86.0,5.3,35952.0,1202.0,2306.0,1021.0,630.0,23.29908897,44.698585,19.7906571,12.21166893,657.2467,5.187683,118.2467041015625,2.18768310546875
13311,GA,White County,28804,3391.0,0.1177,2998.0,43.0,16922.0,16504.0,418.0,2.5,62100.0,3144.0,6222.0,5899.0,4893.0,15.5967854,30.86615736,29.26381585,24.27324139,2817.322,39.833908,-180.677978515625,-3.1660919189453125
13313,GA,Whitfield County,103095,13161.0,0.1277,14091.0,118.0,43138.0,41447.0,1691.0,3.9,61680.0,16574.0,20876.0,16864.0,13029.0,24.61131818,30.99950997,25.04194942,19.34722243,13808.337,85.67109,-282.6630859375,-32.32891082763672
13315,GA,Wilcox County,8751,1790.0,0.2045,996.0,10.0,2660.0,2558.0,102.0,3.8,44905.0,1345.0,2483.0,1646.0,897.0,21.11128551,38.97347355,25.83581855,14.07942238,1305.1034,9.143993,309.1033935546875,-0.8560066223144531
13317,GA,Wilkes County,9565,1766.0,0.1846,951.0,16.0,3710.0,3556.0,154.0,4.2,47377.0,1270.0,2934.0,1746.0,1112.0,17.98357406,41.54630416,24.72387426,15.74624752,1075.552,14.087067,124.552001953125,-1.912933349609375
13319,GA,Wilkinson County,8677,1456.0,0.1678,1000.0,17.0,3485.0,3353.0,132.0,3.8,49648.0,639.0,2894.0,1842.0,781.0,10.38011696,47.01104613,29.92202729,12.68680962,926.93756,15.793552,-73.06243896484375,-1.2064476013183594
13321,GA,Worth County,20431,4499.0,0.2202,2145.0,30.0,8736.0,8455.0,281.0,3.2,48956.0,1958.0,6497.0,4411.0,1638.0,13.49972421,44.79453944,30.41230006,11.29343629,2212.3162,30.774414,67.316162109375,0.7744140625
15001,HI,Hawaii County,206348,29609.0,0.1435,28249.0,72.0,93707.0,90508.0,3199.0,3.4,71143.0,10214.0,43808.0,48093.0,45673.0,6.911251252,29.64246082,32.54188432,30.90440361,27245.38,227.58566,-1003.619140625,155.58566284179688
15003,HI,Honolulu County,994828,89980.0,0.0904,176235.0,500.0,455432.0,440638.0,14794.0,3.2,96304.0,50287.0,178467.0,211872.0,266900.0,7.107441988,25.2240907,29.94547197,37.72299534,125291.375,735.6554,-50943.625,235.6553955078125
15005,HI,Kalawao County,81,,,0.0,0.0,,,,,,11.0,11.0,7.0,14.0,25.58139535,25.58139535,16.27906977,32.55813953,-47.97217,0.22078523,-47.972171783447266,0.2207852303981781
15007,HI,Kauai County,73783,6620.0,0.0897,14632.0,28.0,36491.0,35256.0,1235.0,3.4,81939.0,3865.0,15718.0,17445.0,16048.0,7.282010702,29.61413822,32.86796292,30.23588816,9512.25,76.163284,-5119.75,48.16328430175781
15009,HI,Maui County,164359,14663.0,0.0892,31789.0,64.0,87098.0,84270.0,2828.0,3.2,89794.0,8573.0,35808.0,38774.0,35763.0,7.209169344,30.11150541,32.60566104,30.07366421,30599.064,75.00626,-1189.935546875,11.006263732910156
16001,ID,Ada County,519004,40623.0,0.0783,68197.0,250.0,280810.0,274032.0,6778.0,2.4,87748.0,17238.0,68395.0,110333.0,153355.0,4.934716207,19.57941263,31.58498916,43.900882,68290.78,253.00099,93.78125,3.0009918212890625
16003,ID,Adams County,4791,579.0,0.1209,230.0,2.0,1882.0,1778.0,104.0,5.5,56374.0,255.0,1265.0,1306.0,765.0,7.101086048,35.22695628,36.36869953,21.30325815,420.5812,6.1448274,190.58120727539062,4.144827365875244
16005,ID,Bannock County,89625,11147.0,0.1244,9476.0,55.0,43563.0,42289.0,1274.0,2.9,62120.0,3543.0,14560.0,21464.0,17124.0,6.24966926,25.68308903,37.86138893,30.20585278,9704.412,59.79278,228.412109375,4.792781829833984
16007,ID,Bear Lake County,6730,641.0,0.0952,375.0,4.0,2882.0,2795.0,87.0,3.0,66006.0,299.0,1556.0,1550.0,869.0,6.995788489,36.40617688,36.26579317,20.33224146,430.73288,6.9789934,55.732879638671875,2.9789934158325195
16009,ID,Benewah County,10291,1483.0,0.1441,918.0,14.0,4290.0,4103.0,187.0,4.4,56188.0,1100.0,2321.0,2244.0,1399.0,15.57191393,32.85673839,31.76670442,19.80464326,928.39606,14.356005,10.39605712890625,0.3560047149658203
16011,ID,Bingham County,49973,5825.0,0.1166,3634.0,37.0,23582.0,22910.0,672.0,2.8,70052.0,3250.0,9618.0,10960.0,6253.0,10.8041621,31.97367109,36.43495894,20.78720787,4210.968,40.71753,576.9677734375,3.717529296875
16013,ID,Blaine County,24901,1700.0,0.0683,3568.0,5.0,13489.0,13136.0,353.0,2.6,98707.0,1581.0,3886.0,4297.0,8161.0,8.820083682,21.67921897,23.972106,45.52859135,5303.475,21.807774,1735.47509765625,16.80777359008789
16015,ID,Boise County,8360,808.0,0.0967,428.0,4.0,4016.0,3859.0,157.0,3.9,74121.0,282.0,1758.0,2425.0,1909.0,4.424223408,27.58079699,38.04518356,29.94979605,974.5704,5.15163,546.5703735351562,1.15162992477417
16017,ID,Bonner County,51407,6258.0,0.1217,3384.0,51.0,22144.0,21296.0,848.0,3.8,64860.0,3110.0,10789.0,12477.0,10737.0,8.379813004,29.07067604,33.61894754,28.93056341,3553.2454,48.32203,169.245361328125,-2.6779708862304688
16019,ID,Bonneville County,129543,13653.0,0.1054,12489.0,55.0,63378.0,61809.0,1569.0,2.5,74505.0,6188.0,19028.0,27610.0,25104.0,7.940459387,24.41678429,35.42923136,32.21352496,13977.439,57.87099,1488.439453125,2.870990753173828
16021,ID,Boundary County,13272,1644.0,0.1239,638.0,19.0,5555.0,5328.0,227.0,4.1,62801.0,1120.0,2856.0,3078.0,1717.0,12.76935355,32.56185156,35.09291985,19.57587504,1399.4194,19.809618,761.41943359375,0.8096179962158203
16023,ID,Butte County,2698,399.0,0.1479,158.0,5.0,1168.0,1123.0,45.0,3.9,57085.0,220.0,502.0,806.0,245.0,12.40834743,28.31359278,45.45967287,13.81838691,324.45935,3.033668,166.4593505859375,-1.966331958770752
16025,ID,Camas County,1169,108.0,0.0924,69.0,1.0,552.0,533.0,19.0,3.4,73311.0,103.0,208.0,224.0,202.0,13.97557666,28.22252374,30.39348711,27.40841248,57.077534,-0.08360827,-11.922466278076172,-1.0836082696914673
16027,ID,Canyon County,250892,25965.0,0.1035,24178.0,113.0,114743.0,111203.0,3540.0,3.1,70594.0,18896.0,46127.0,53680.0,35118.0,12.2844085,29.98745295,34.89770577,22.83043278,24296.797,116.95751,118.796875,3.9575119018554688
16029,ID,Caribou County,7200,689.0,0.0957,572.0,12.0,3625.0,3509.0,116.0,3.2,70354.0,433.0,1628.0,1808.0,711.0,9.454148472,35.54585153,39.47598253,15.52401747,726.84784,9.637492,154.84783935546875,-2.3625078201293945
16031,ID,Cassia County,25644,2926.0,0.1141,1429.0,11.0,12113.0,11795.0,318.0,2.6,68170.0,2190.0,4060.0,5597.0,3130.0,14.62242105,27.10823262,37.37063497,20.89871136,1883.9163,17.110865,454.916259765625,6.110864639282227
16033,ID,Clark County,810,116.0,0.1432,24.0,1.0,481.0,466.0,15.0,3.1,53366.0,115.0,143.0,134.0,82.0,24.26160338,30.16877637,28.27004219,17.29957806,-55.77493,2.1325018,-79.77492904663086,1.1325018405914307
16035,ID,Clearwater County,9035,1208.0,0.1337,848.0,11.0,3404.0,3231.0,173.0,5.1,57081.0,630.0,2539.0,2542.0,1379.0,8.885754584,35.81100141,35.85331453,19.44992948,778.54785,11.321385,-69.4521484375,0.32138538360595703
16037,ID,Custer County,4518,575.0,0.1273,279.0,7.0,2142.0,2065.0,77.0,3.6,57405.0,236.0,1063.0,1462.0,930.0,6.393931184,28.79978326,39.60986183,25.19642373,733.3759,6.895975,454.37591552734375,-0.10402488708496094
16039,ID,Elmore County,29391,3004.0,0.1022,4345.0,20.0,12285.0,11904.0,381.0,3.1,63009.0,2195.0,5616.0,6746.0,3917.0,11.88156328,30.39948035,36.51618491,21.20277146,3541.9834,23.176168,-803.0166015625,3.176168441772461
16041,ID,Franklin County,15170,1203.0,0.0793,724.0,4.0,7123.0,6946.0,177.0,2.5,71669.0,526.0,3773.0,2634.0,1896.0,5.957639597,42.73417148,29.83350323,21.47468569,1267.3145,17.178041,543.314453125,13.178041458129883
16043,ID,Fremont County,14017,1580.0,0.1127,646.0,11.0,7870.0,7657.0,213.0,2.7,61115.0,867.0,2955.0,3447.0,2021.0,9.332615716,31.80839612,37.10441335,21.75457481,1462.8983,12.778578,816.8983154296875,1.7785778045654297
16045,ID,Gem County,20454,2589.0,0.1266,1230.0,13.0,8600.0,8332.0,268.0,3.1,60771.0,1529.0,4547.0,4769.0,3109.0,10.95743156,32.58563853,34.17658019,22.28034972,1812.5874,20.5053,582.58740234375,7.505300521850586
16047,ID,Gooding County,15879,2083.0,0.1312,1409.0,16.0,8102.0,7873.0,229.0,2.8,59838.0,2046.0,3081.0,3270.0,1726.0,20.21139978,30.43564161,32.30267707,17.05028154,1615.2861,17.664534,206.2861328125,1.6645336151123047
16049,ID,Idaho County,17637,2161.0,0.1225,1137.0,18.0,7308.0,7027.0,281.0,3.8,60907.0,1037.0,4331.0,4546.0,2796.0,8.158929976,34.07553108,35.76711251,21.99842644,1595.4044,19.041931,458.4044189453125,1.04193115234375
16051,ID,Jefferson County,33336,2774.0,0.0832,2154.0,16.0,15142.0,14782.0,360.0,2.4,76474.0,1261.0,5003.0,7375.0,5091.0,6.732514682,26.71115857,39.37533369,27.18099306,2559.6768,18.837816,405.6767578125,2.8378162384033203
16053,ID,Jerome County,25244,2924.0,0.1158,2502.0,11.0,11916.0,11560.0,356.0,3.0,61509.0,4052.0,4137.0,5008.0,2035.0,26.60189076,27.15992647,32.87815126,13.36003151,2531.6035,12.070761,29.603515625,1.070760726928711
16055,ID,Kootenai County,183290,18165.0,0.0991,14273.0,161.0,85447.0,82545.0,2902.0,3.4,75583.0,7029.0,33149.0,48693.0,35877.0,5.634559271,26.57277071,39.03309071,28.75957931,19979.967,196.29054,5706.966796875,35.29054260253906
16057,ID,Latah County,40924,6179.0,0.151,2722.0,14.0,20273.0,19742.0,531.0,2.6,60108.0,724.0,5084.0,7232.0,10626.0,3.059241105,21.48229528,30.55860728,44.89985633,3761.6802,20.131168,1039.68017578125,6.131168365478516
16059,ID,Lemhi County,8284,1146.0,0.1383,707.0,5.0,4066.0,3913.0,153.0,3.8,55554.0,442.0,1944.0,2265.0,1383.0,7.325157441,32.21743454,37.5372887,22.92011932,684.1261,7.3238235,-22.8739013671875,2.3238234519958496
16061,ID,Lewis County,3725,592.0,0.1589,502.0,7.0,1656.0,1587.0,69.0,4.2,55128.0,245.0,850.0,1031.0,531.0,9.220925856,31.99096726,38.80316146,19.98494543,471.50055,7.3391643,-30.49945068359375,0.33916425704956055
16063,ID,Lincoln County,5385,569.0,0.1057,496.0,1.0,2465.0,2363.0,102.0,4.1,61658.0,612.0,1287.0,1195.0,407.0,17.48071979,36.76092545,34.13310483,11.62524993,735.07117,3.4210398,239.0711669921875,2.4210398197174072
16065,ID,Madison County,54958,8668.0,0.1577,4306.0,14.0,23873.0,23408.0,465.0,1.9,52224.0,535.0,2703.0,7527.0,7273.0,2.96596075,14.9850316,41.72857301,40.32043464,4334.151,12.0903015,28.15087890625,-1.909698486328125
16067,ID,Minidoka County,22208,2727.0,0.1228,1410.0,15.0,11749.0,11436.0,313.0,2.7,60834.0,2442.0,4723.0,4162.0,2293.0,17.92951542,34.67694567,30.55800294,16.83553598,2004.8967,17.469337,594.896728515625,2.4693374633789062
16069,ID,Nez Perce County,42909,4444.0,0.1036,3830.0,47.0,21501.0,20917.0,584.0,2.7,65558.0,2102.0,8538.0,11135.0,7955.0,7.070299361,28.7184662,37.45375042,26.75748402,3731.1035,45.069557,-98.896484375,-1.9304428100585938
16071,ID,Oneida County,4740,506.0,0.1068,334.0,2.0,2376.0,2307.0,69.0,2.9,66175.0,175.0,1085.0,979.0,794.0,5.76986482,35.77316189,32.27827234,26.17870096,575.5585,3.1860542,241.5584716796875,1.1860542297363281
16073,ID,Owyhee County,12645,1632.0,0.1291,807.0,13.0,5539.0,5342.0,197.0,3.6,57142.0,1830.0,3103.0,2160.0,1124.0,22.27090179,37.76317391,26.28696605,13.67895826,1086.1218,12.594334,279.121826171875,-0.4056663513183594
16075,ID,Payette County,26929,3132.0,0.1163,2221.0,18.0,11485.0,11099.0,386.0,3.4,61725.0,2334.0,5795.0,5967.0,3443.0,13.30748617,33.04065226,34.02132391,19.63053766,2303.1082,27.445147,82.108154296875,9.445146560668945
16077,ID,Power County,8136,1112.0,0.1367,528.0,6.0,3933.0,3802.0,131.0,3.3,57426.0,600.0,1702.0,1871.0,835.0,11.98083067,33.985623,37.36022364,16.67332268,808.54846,10.071958,280.5484619140625,4.071957588195801
16079,ID,Shoshone County,13935,1834.0,0.1316,857.0,13.0,5668.0,5393.0,275.0,4.9,47005.0,1104.0,3834.0,3756.0,1133.0,11.23435433,39.01495879,38.22122723,11.52945965,985.02954,15.474716,128.029541015625,2.4747161865234375
16081,ID,Teton County,12519,919.0,0.0734,1049.0,1.0,7645.0,7477.0,168.0,2.2,95580.0,628.0,1397.0,2363.0,4092.0,7.405660377,16.4740566,27.86556604,48.25471698,1113.4132,5.927917,64.4132080078125,4.927917003631592
16083,ID,Twin Falls County,93821,10192.0,0.1086,11113.0,65.0,44202.0,42962.0,1240.0,2.8,63860.0,6756.0,17201.0,21885.0,13696.0,11.34737479,28.89079244,36.75803688,23.0037959,11183.83,69.47125,70.830078125,4.47125244140625
16085,ID,Valley County,12450,946.0,0.076,1426.0,5.0,6232.0,5996.0,236.0,3.8,74166.0,851.0,2125.0,3127.0,3338.0,9.013875649,22.50820888,33.12149137,35.35642411,1525.7083,7.625274,99.708251953125,2.625274181365967
16087,ID,Washington County,11147,1548.0,0.1389,658.0,13.0,4646.0,4477.0,169.0,3.6,55072.0,859.0,2308.0,3004.0,1451.0,11.27000787,30.2807662,39.41222776,19.03699816,1043.9711,12.530569,385.9710693359375,-0.46943092346191406
17001,IL,Adams County,64556,8475.0,0.1313,11098.0,59.0,30667.0,29599.0,1068.0,3.5,61747.0,2958.0,15753.0,14281.0,12176.0,6.548884166,34.87646121,31.61751683,26.9571378,7254.4707,65.97217,-3843.529296875,6.97216796875
17003,IL,Alexander County,4841,1120.0,0.2314,647.0,19.0,1798.0,1679.0,119.0,6.6,41378.0,475.0,1456.0,1182.0,447.0,13.34269663,40.8988764,33.20224719,12.55617978,934.36414,8.056798,287.3641357421875,-10.943202018737793
17005,IL,Bond County,16536,1701.0,0.1029,2147.0,19.0,7451.0,7155.0,296.0,4.0,66071.0,1220.0,3663.0,4105.0,2424.0,10.69050123,32.0977918,35.97090782,21.24079916,2018.0713,18.855227,-128.9287109375,-0.1447734832763672
17007,IL,Boone County,53068,4790.0,0.0903,7188.0,34.0,24845.0,23183.0,1662.0,6.7,83695.0,5100.0,10764.0,11333.0,8232.0,14.39498716,30.38189054,31.9879195,23.2352028,7001.638,34.72426,-186.36181640625,0.7242584228515625
17009,IL,Brown County,6316,637.0,0.1009,1608.0,4.0,3058.0,2986.0,72.0,2.4,78081.0,964.0,1905.0,1146.0,713.0,20.3891709,40.29187817,24.23857868,15.08037225,1139.7269,6.342862,-468.2730712890625,2.342862129211426
17011,IL,Bureau County,32827,4064.0,0.1238,4341.0,26.0,16074.0,15327.0,747.0,4.6,63042.0,2128.0,8165.0,8213.0,5044.0,9.036093418,34.67091295,34.87473461,21.41825902,4157.708,28.48516,-183.2919921875,2.4851608276367188
17013,IL,Calhoun County,4353,445.0,0.1022,881.0,9.0,2168.0,2078.0,90.0,4.2,68525.0,207.0,1044.0,1308.0,576.0,6.602870813,33.30143541,41.72248804,18.37320574,716.75586,7.1107173,-164.244140625,-1.8892827033996582
17015,IL,Carroll County,15579,1828.0,0.1173,1945.0,15.0,7319.0,7023.0,296.0,4.0,64157.0,1415.0,4115.0,3880.0,2088.0,12.30648808,35.78883284,33.74499913,18.15967994,1961.2084,16.513906,16.2083740234375,1.513906478881836
17017,IL,Cass County,12638,1474.0,0.1166,2376.0,7.0,5702.0,5452.0,250.0,4.4,62129.0,1152.0,3685.0,2117.0,1736.0,13.2566168,42.40506329,24.36133487,19.97698504,2122.1199,9.280791,-253.880126953125,2.2807912826538086
17019,IL,Champaign County,206169,36364.0,0.1764,46340.0,85.0,109288.0,104979.0,4309.0,3.9,61205.0,5861.0,26928.0,31622.0,56112.0,4.862972213,22.3426234,26.2373157,46.55708869,45925.32,87.941,-414.6796875,2.9410018920898438
17021,IL,Christian County,33390,4747.0,0.1422,5959.0,28.0,13396.0,12755.0,641.0,4.8,56888.0,2216.0,10753.0,7379.0,4035.0,9.088299225,44.10039782,30.26288808,16.54841488,5711.23,30.67537,-247.77001953125,2.6753692626953125
17023,IL,Clark County,15160,1703.0,0.1123,2511.0,9.0,7290.0,6971.0,319.0,4.4,63655.0,859.0,3805.0,3507.0,2619.0,7.96107507,35.26413346,32.50231696,24.27247451,1858.3202,13.108928,-652.6798095703125,4.1089277267456055
17025,IL,Clay County,13077,1737.0,0.1328,2419.0,18.0,5696.0,5417.0,279.0,4.9,55282.0,1133.0,3374.0,3275.0,1436.0,12.29116945,36.60229985,35.52831417,15.57821653,1639.5853,16.396233,-779.4146728515625,-1.6037673950195312
17027,IL,Clinton County,36937,2901.0,0.0785,5656.0,10.0,19860.0,19245.0,615.0,3.1,79612.0,2101.0,8466.0,9365.0,6449.0,7.964065047,32.09127781,35.4990334,24.44562374,3909.7866,30.331251,-1746.21337890625,20.33125114440918
17029,IL,Coles County,46346,7657.0,0.1652,8883.0,39.0,22640.0,21639.0,1001.0,4.4,57712.0,2577.0,9308.0,10191.0,8225.0,8.504669813,30.71845814,33.63255338,27.14431867,8422.397,39.16432,-460.6025390625,0.1643218994140625
17031,IL,Cook County,5111566,688627.0,0.1347,665770.0,3056.0,2659157.0,2528507.0,130650.0,4.9,76614.0,423440.0,805456.0,878997.0,1523193.0,11.66152495,22.18223419,24.20755113,41.94868973,672668.2,2054.4229,6898.1875,-1001.5771484375
17033,IL,Crawford County,18495,2050.0,0.1108,3817.0,22.0,8288.0,7933.0,355.0,4.3,66333.0,1604.0,3988.0,5167.0,2798.0,11.83152615,29.41653758,38.11315188,20.63878439,3264.8936,22.441757,-552.1064453125,0.4417572021484375
17035,IL,Cumberland County,10308,958.0,0.0929,1607.0,9.0,5930.0,5719.0,211.0,3.6,79140.0,444.0,2798.0,2652.0,1347.0,6.131749758,38.64107168,36.62477558,18.60240298,1342.9587,9.348924,-264.041259765625,0.3489236831665039
17037,IL,DeKalb County,100223,12554.0,0.1253,15606.0,53.0,53769.0,51381.0,2388.0,4.4,71882.0,4610.0,15602.0,20398.0,19705.0,7.643206499,25.86752881,33.81911631,32.67014839,11747.799,80.38891,-3858.201171875,27.38890838623047
17039,IL,De Witt County,15365,1631.0,0.1062,2171.0,14.0,7304.0,6999.0,305.0,4.2,64262.0,800.0,4417.0,3463.0,2359.0,7.247033246,40.01268231,31.37059516,21.36968928,1769.3538,14.146814,-401.646240234375,0.14681434631347656
17041,IL,Douglas County,19667,1697.0,0.0863,3624.0,23.0,10107.0,9759.0,348.0,3.4,67796.0,1848.0,4377.0,4360.0,2679.0,13.93244873,32.9990953,32.87092883,20.19752714,2054.1777,14.623941,-1569.822265625,-8.376058578491211
17043,IL,DuPage County,921664,61619.0,0.0669,138846.0,386.0,518658.0,500306.0,18352.0,3.5,102383.0,43772.0,116324.0,151992.0,330688.0,6.809837331,18.0971287,23.64618467,51.44684929,130075.164,504.65408,-8770.8359375,118.65408325195312
17045,IL,Edgar County,16385,2277.0,0.139,2935.0,21.0,9072.0,8746.0,326.0,3.6,63430.0,1217.0,5092.0,3486.0,2471.0,9.921734877,41.51312571,28.42002283,20.14511658,2231.2788,18.477533,-703.72119140625,-2.5224666595458984
17047,IL,Edwards County,6058,675.0,0.1114,837.0,15.0,2425.0,2315.0,110.0,4.5,58387.0,351.0,1564.0,1802.0,601.0,8.128763316,36.22047244,41.73228346,13.91848078,825.1494,12.742202,-11.8505859375,-2.257798194885254
17049,IL,Effingham County,34300,3133.0,0.0913,4700.0,33.0,19655.0,19042.0,613.0,3.1,74800.0,1622.0,7501.0,8426.0,6166.0,6.839553026,31.62977019,35.53025511,26.00042167,4354.482,24.877697,-345.51806640625,-8.122303009033203
17051,IL,Fayette County,21270,2513.0,0.1181,3294.0,28.0,9730.0,9296.0,434.0,4.5,57729.0,1918.0,6125.0,4559.0,2511.0,12.69106068,40.52802223,30.16608218,16.61483491,3141.001,27.717512,-152.9990234375,-0.2824878692626953
17053,IL,Ford County,13256,1516.0,0.1144,2258.0,11.0,6282.0,6018.0,264.0,4.2,67135.0,753.0,3355.0,3381.0,1807.0,8.100258176,36.09079174,36.37048193,19.43846816,1912.7361,9.966942,-345.263916015625,-1.0330581665039062
17055,IL,Franklin County,37215,7166.0,0.1926,6483.0,50.0,15794.0,14942.0,852.0,5.4,49108.0,2863.0,8584.0,10551.0,4545.0,10.78627133,32.33997664,39.75059338,17.12315865,6634.2046,50.080406,151.20458984375,0.08040618896484375
17057,IL,Fulton County,32935,3997.0,0.1214,5735.0,45.0,14564.0,13827.0,737.0,5.1,57362.0,2211.0,9148.0,8644.0,4284.0,9.10363569,37.6662412,35.59105694,17.63906617,5372.0605,40.365437,-362.939453125,-4.634563446044922
17059,IL,Gallatin County,4823,905.0,0.1876,889.0,13.0,2003.0,1898.0,105.0,5.2,51367.0,489.0,1267.0,1287.0,550.0,13.60979683,35.26301141,35.81964932,15.30754244,1007.1294,8.66575,118.12939453125,-4.334250450134277
17061,IL,Greene County,11640,1528.0,0.1313,1630.0,8.0,5837.0,5584.0,253.0,4.3,58196.0,810.0,3722.0,2533.0,1379.0,9.592610137,44.07863572,29.99763145,16.33112269,1477.1747,16.85747,-152.8253173828125,8.85746955871582
17063,IL,Grundy County,53149,3677.0,0.0692,6067.0,48.0,26209.0,24957.0,1252.0,4.8,93882.0,2045.0,11963.0,12679.0,8531.0,5.806689761,33.96842524,36.00147652,24.22340848,3736.8484,44.91805,-2330.151611328125,-3.081951141357422
17065,IL,Hamilton County,7981,1058.0,0.1326,1080.0,10.0,4260.0,4106.0,154.0,3.6,56984.0,618.0,1797.0,2174.0,1041.0,10.97690941,31.91829485,38.61456483,18.49023091,872.49854,9.875055,-207.50146484375,-0.12494468688964844
17067,IL,Hancock County,17254,2091.0,0.1212,1856.0,26.0,7941.0,7617.0,324.0,4.1,63324.0,752.0,4251.0,4535.0,3043.0,5.977267308,33.78904698,36.0464192,24.18726651,1918.077,20.665934,62.0770263671875,-5.334066390991211
17069,IL,Hardin County,3572,637.0,0.1783,655.0,12.0,1434.0,1357.0,77.0,5.4,46568.0,344.0,1214.0,1059.0,363.0,11.54362416,40.73825503,35.53691275,12.18120805,430.22076,7.55559,-224.77923583984375,-4.4444098472595215
17071,IL,Henderson County,6168,732.0,0.1187,623.0,4.0,3501.0,3355.0,146.0,4.2,61892.0,375.0,2053.0,1388.0,909.0,7.936507937,43.44973545,29.37566138,19.23809524,781.7553,4.99885,158.75531005859375,0.9988498687744141
17073,IL,Henry County,48596,4131.0,0.085,6954.0,33.0,23568.0,22525.0,1043.0,4.4,70517.0,2762.0,11749.0,11853.0,8482.0,7.92630431,33.7169259,34.01538197,24.34138782,6522.5156,35.0042,-431.484375,2.004199981689453
17075,IL,Iroquois County,26493,3119.0,0.1177,3248.0,40.0,12688.0,12103.0,585.0,4.6,65181.0,2052.0,7527.0,6158.0,3162.0,10.85771734,39.8275041,32.58373459,16.73104397,3101.5396,36.111073,-146.46044921875,-3.888927459716797
17077,IL,Jackson County,52477,11569.0,0.2205,10196.0,56.0,26949.0,25771.0,1178.0,4.4,44756.0,2521.0,7280.0,10855.0,11148.0,7.92667589,22.89020249,34.13092693,35.05219469,9703.856,57.33099,-492.1435546875,1.3309898376464844
17079,IL,Jasper County,9172,966.0,0.1053,1229.0,11.0,4797.0,4612.0,185.0,3.9,66290.0,450.0,2233.0,2473.0,1335.0,6.932676013,34.40147897,38.09890618,20.56693884,1149.4725,11.028603,-79.5274658203125,0.02860260009765625
17081,IL,Jefferson County,36419,5096.0,0.1399,5714.0,31.0,16307.0,15513.0,794.0,4.9,58623.0,2228.0,8453.0,10413.0,4748.0,8.621623713,32.71031654,40.29486882,18.37319093,5131.71,30.319492,-582.2900390625,-0.6805076599121094
17083,IL,Jersey County,21191,2057.0,0.0971,3404.0,21.0,10559.0,10172.0,387.0,3.7,72363.0,942.0,5602.0,5360.0,3071.0,6.29048414,37.40901503,35.79298831,20.50751252,3050.8303,19.612753,-353.169677734375,-1.387247085571289
17085,IL,Jo Daviess County,21845,1828.0,0.0837,2171.0,17.0,10481.0,10078.0,403.0,3.8,67217.0,1088.0,5238.0,5479.0,4766.0,6.565687044,31.60943818,33.06378613,28.76108865,2345.3857,17.457006,174.3857421875,0.45700645446777344
17087,IL,Johnson County,13391,1692.0,0.1264,2772.0,17.0,4071.0,3843.0,228.0,5.6,59794.0,1363.0,3167.0,3337.0,1823.0,14.06604747,32.68317853,34.4375645,18.81320949,2145.6426,19.670748,-626.357421875,2.670747756958008
17089,IL,Kane County,514139,41027.0,0.0798,75460.0,246.0,263858.0,251431.0,12427.0,4.7,93475.0,44681.0,78150.0,92139.0,128867.0,12.99482022,22.728793,26.79729058,37.4790962,75304.73,246.28273,-155.2734375,0.2827301025390625
17091,IL,Kankakee County,105998,13994.0,0.132,13341.0,90.0,51704.0,48849.0,2855.0,5.5,70494.0,6491.0,25708.0,24971.0,14636.0,9.039634571,35.80202212,34.77564549,20.38269782,13491.235,90.13182,150.2353515625,0.1318206787109375
17093,IL,Kendall County,137494,7862.0,0.0572,18861.0,43.0,72451.0,69607.0,2844.0,3.9,102509.0,5545.0,20404.0,29184.0,31615.0,6.392078204,23.52100337,33.64227417,36.44464426,18766.162,47.28416,-94.837890625,4.284160614013672
17095,IL,Knox County,48620,6788.0,0.1396,6937.0,54.0,19876.0,18800.0,1076.0,5.4,57666.0,3689.0,12055.0,11781.0,7009.0,10.68222621,34.90762727,34.11420629,20.29594023,7235.1777,53.815815,298.177734375,-0.18418502807617188
17097,IL,Lake County,709899,56275.0,0.0793,102982.0,360.0,362741.0,346849.0,15892.0,4.4,101621.0,44377.0,92684.0,113030.0,221369.0,9.412675519,19.65893183,23.97446231,46.95393034,103055.47,357.96857,73.46875,-2.03143310546875
17099,IL,LaSalle County,108181,15239.0,0.1409,16978.0,90.0,51828.0,49181.0,2647.0,5.1,64711.0,6662.0,27783.0,28328.0,14483.0,8.623278451,35.96225536,36.66770218,18.74676401,16711.64,93.20522,-266.359375,3.2052230834960938
17101,IL,Lawrence County,14891,2109.0,0.1416,2780.0,12.0,5114.0,4817.0,297.0,5.8,57460.0,1643.0,3868.0,3926.0,1613.0,14.86877828,35.00452489,35.52941176,14.59728507,2352.7668,13.062876,-427.233154296875,1.062875747680664
17103,IL,Lee County,33938,3757.0,0.1107,5325.0,20.0,16636.0,15948.0,688.0,4.1,67371.0,2381.0,9321.0,8479.0,4843.0,9.514865729,37.24824169,33.88347187,19.35342072,5224.9204,26.041126,-100.07958984375,6.041126251220703
17105,IL,Livingston County,35517,4054.0,0.1141,5556.0,27.0,15570.0,14931.0,639.0,4.1,74418.0,2445.0,10160.0,7915.0,4649.0,9.714331122,40.36711828,31.44741547,18.47113513,5133.5547,28.123474,-422.4453125,1.12347412109375
17107,IL,Logan County,27666,3303.0,0.1194,5934.0,19.0,11561.0,11053.0,508.0,4.4,53775.0,1666.0,7911.0,6124.0,3893.0,8.502602838,40.37460447,31.25446565,19.86832704,5156.548,24.820532,-777.4521484375,5.820531845092773
17109,IL,McDonough County,26914,4971.0,0.1847,4066.0,36.0,12697.0,12147.0,550.0,4.3,52812.0,958.0,5474.0,4971.0,5318.0,5.729322409,32.73727648,29.72908319,31.80431792,4031.6313,35.588943,-34.36865234375,-0.4110565185546875
17111,IL,McHenry County,311558,18106.0,0.0581,49050.0,146.0,169534.0,162925.0,6609.0,3.9,99128.0,13465.0,57623.0,67855.0,75446.0,6.280639398,26.87777824,31.65041117,35.19117119,48945.8,146.66002,-104.19921875,0.6600189208984375
17113,IL,McLean County,170918,18099.0,0.1059,32520.0,86.0,88311.0,85015.0,3296.0,3.7,71825.0,4436.0,24078.0,27636.0,49542.0,4.19710101,22.78128903,26.14767437,46.87393559,31735.77,88.39256,-784.23046875,2.3925628662109375
17115,IL,Macon County,101333,14579.0,0.1439,19491.0,92.0,45550.0,42920.0,2630.0,5.8,60648.0,4916.0,26551.0,22196.0,17064.0,6.950669476,37.54011905,31.38264029,24.12657118,19176.861,96.23293,-314.138671875,4.232933044433594
17117,IL,Macoupin County,44123,5241.0,0.1188,7135.0,26.0,22044.0,21181.0,863.0,3.9,69880.0,2930.0,12754.0,10270.0,6000.0,9.169431057,39.91362584,32.13995118,18.77699193,6542.0903,30.112888,-592.90966796875,4.112888336181641
17119,IL,Madison County,263572,31585.0,0.1198,37239.0,195.0,130805.0,125657.0,5148.0,3.9,67441.0,11623.0,52249.0,63821.0,56792.0,6.300241212,28.32154376,34.59414045,30.78407459,36672.19,204.08437,-566.80859375,9.084365844726562
17121,IL,Marion County,36905,5518.0,0.1495,5767.0,56.0,16733.0,15928.0,805.0,4.8,58489.0,2496.0,9332.0,9546.0,4468.0,9.658695147,36.11175606,36.93986534,17.28968346,5575.097,51.508495,-191.90283203125,-4.491504669189453
17123,IL,Marshall County,11671,1345.0,0.1152,1487.0,11.0,5083.0,4836.0,247.0,4.9,69593.0,764.0,3179.0,2965.0,1591.0,8.989292858,37.40440052,34.88645723,18.71984939,1211.2482,9.798245,-275.7518310546875,-1.2017545700073242
17125,IL,Mason County,12699,1598.0,0.1258,1961.0,13.0,5896.0,5617.0,279.0,4.7,60784.0,740.0,3558.0,3451.0,1595.0,7.919520548,38.07791096,36.9327911,17.0697774,1388.6647,14.814688,-572.3353271484375,1.814687728881836
17127,IL,Massac County,13827,2076.0,0.1501,1912.0,14.0,5350.0,5081.0,269.0,5.0,52880.0,1085.0,3459.0,3910.0,1643.0,10.74576607,34.25770031,38.72437358,16.27216005,1761.215,14.3886175,-150.7850341796875,0.38861751556396484
17129,IL,Menard County,12072,1034.0,0.0857,2211.0,19.0,6216.0,5983.0,233.0,3.7,78115.0,502.0,2881.0,2945.0,2277.0,5.833817548,33.48053457,34.2242882,26.46135967,1681.381,13.65144,-529.6190185546875,-5.348560333251953
17131,IL,Mercer County,15533,1318.0,0.0849,2078.0,13.0,7517.0,7193.0,324.0,4.3,70430.0,746.0,4483.0,3812.0,2111.0,6.68938307,40.19906743,34.18220947,18.92934003,1886.405,14.462551,-191.594970703125,1.4625511169433594
17133,IL,Monroe County,35001,2115.0,0.0604,4843.0,27.0,18614.0,18066.0,548.0,2.9,100487.0,1052.0,6032.0,8294.0,9518.0,4.225578406,24.22879177,33.31458869,38.23104113,4849.8433,23.891733,6.84326171875,-3.108266830444336
17135,IL,Montgomery County,27901,3862.0,0.1384,5746.0,27.0,11262.0,10731.0,531.0,4.7,56381.0,2053.0,8412.0,6247.0,3719.0,10.04845578,41.17272772,30.57608536,18.20273114,4874.688,31.775986,-871.31201171875,4.7759857177734375
17137,IL,Morgan County,32298,3606.0,0.1116,5907.0,28.0,15623.0,14970.0,653.0,4.2,64842.0,2390.0,9089.0,6202.0,5359.0,10.37326389,39.44878472,26.91840278,23.25954861,4694.4893,32.601215,-1212.5107421875,4.601215362548828
17139,IL,Moultrie County,14375,1428.0,0.0993,1906.0,12.0,7316.0,7069.0,247.0,3.4,75505.0,1392.0,3369.0,3138.0,1827.0,14.31215299,34.63911166,32.26403455,18.7847008,1724.8324,12.882839,-181.1676025390625,0.8828392028808594
17141,IL,Ogle County,51345,4320.0,0.0841,7095.0,28.0,23788.0,22594.0,1194.0,5.0,78577.0,3220.0,11811.0,12267.0,8640.0,8.959875341,32.86493405,34.13378596,24.04140464,5407.7686,49.004745,-1687.2314453125,21.004745483398438
17143,IL,Peoria County,178000,23909.0,0.1343,24135.0,135.0,81717.0,77416.0,4301.0,5.3,65421.0,8049.0,33509.0,37791.0,41733.0,6.647561157,27.67463372,31.21108009,34.46672503,24170.908,140.33139,35.908203125,5.331390380859375
17145,IL,Perry County,20512,2720.0,0.1326,4043.0,16.0,7801.0,7397.0,404.0,5.2,53051.0,2211.0,5100.0,5928.0,1850.0,14.65305852,33.79945656,39.28689774,12.26058718,3628.108,20.713295,-414.89208984375,4.713294982910156
17147,IL,Piatt County,16675,1211.0,0.0726,2481.0,7.0,8590.0,8282.0,308.0,3.6,85430.0,472.0,3954.0,3686.0,3797.0,3.963389034,33.20178017,30.95138131,31.88344949,1812.2205,19.654837,-668.779541015625,12.654836654663086
17149,IL,Pike County,14499,2345.0,0.1617,2436.0,30.0,6746.0,6453.0,293.0,4.3,54244.0,838.0,4325.0,3122.0,1923.0,8.209247649,42.36873041,30.5838558,18.83816614,2078.921,25.368286,-357.0791015625,-4.6317138671875
17151,IL,Pope County,3746,589.0,0.1572,546.0,12.0,1752.0,1669.0,83.0,4.7,54878.0,237.0,1093.0,1054.0,483.0,8.266480642,38.12347401,36.76316707,16.84687827,386.45682,8.13604,-159.54318237304688,-3.8639602661132812
17153,IL,Pulaski County,4950,1188.0,0.24,817.0,15.0,1645.0,1525.0,120.0,7.3,44873.0,447.0,1502.0,1177.0,423.0,12.59509721,42.32178078,33.16427163,11.91885038,885.46564,12.461448,68.46563720703125,-2.5385522842407227
17155,IL,Putnam County,5553,419.0,0.0755,600.0,4.0,2958.0,2812.0,146.0,4.9,83029.0,265.0,1441.0,1411.0,1015.0,6.413359148,34.87415295,34.14811229,24.56437561,599.21454,3.7649136,-0.78546142578125,-0.23508644104003906
17157,IL,Randolph County,30026,3999.0,0.1332,6287.0,26.0,13378.0,12874.0,504.0,3.8,62575.0,2643.0,8635.0,7431.0,3099.0,12.11940572,39.59556126,34.0746515,14.21038151,5455.2866,29.779068,-831.71337890625,3.7790679931640625
17159,IL,Richland County,15555,2208.0,0.1419,2658.0,10.0,7158.0,6878.0,280.0,3.9,56831.0,883.0,3610.0,4368.0,2060.0,8.08534017,33.05558099,39.99633733,18.86274151,2152.7546,11.82818,-505.245361328125,1.8281803131103516
17161,IL,Rock Island County,141559,20347.0,0.1437,17282.0,105.0,67025.0,64009.0,3016.0,4.5,62652.0,9599.0,30159.0,34818.0,23633.0,9.774053295,30.70899816,35.45296256,24.06398599,17428.273,108.259995,146.2734375,3.2599945068359375
17163,IL,St. Clair County,252265,39066.0,0.1549,38301.0,144.0,122897.0,117355.0,5542.0,4.5,67185.0,12677.0,47198.0,61139.0,53719.0,7.255069163,27.01149754,34.9899561,30.74347719,38033.082,144.6444,-267.91796875,0.6443939208984375
17165,IL,Saline County,23052,4253.0,0.1845,5125.0,35.0,9304.0,8815.0,489.0,5.3,50979.0,1914.0,5208.0,6462.0,3446.0,11.23899002,30.58132707,37.94480329,20.23487962,4877.3184,35.299446,-247.681640625,0.29944610595703125
17167,IL,Sangamon County,194151,21500.0,0.1107,40835.0,121.0,98051.0,93886.0,4165.0,4.2,73684.0,8605.0,38575.0,41552.0,48031.0,6.291906437,28.20572816,30.38248649,35.11987891,39736.996,127.47814,-1098.00390625,6.478141784667969
17169,IL,Schuyler County,6753,971.0,0.1438,1116.0,3.0,3104.0,2971.0,133.0,4.3,62968.0,421.0,2114.0,1748.0,1000.0,7.968957032,40.01514291,33.08726103,18.92863903,1053.5332,5.511255,-62.466796875,2.5112547874450684
17171,IL,Scott County,4771,542.0,0.1136,608.0,7.0,2295.0,2180.0,115.0,5.0,64853.0,234.0,1560.0,876.0,763.0,6.816195747,45.44130498,25.51704049,22.22545878,459.93765,6.9953985,-148.06234741210938,-0.004601478576660156
17173,IL,Shelby County,20710,2327.0,0.1124,3062.0,45.0,9945.0,9523.0,422.0,4.2,65396.0,830.0,6408.0,5181.0,2651.0,5.507631055,42.52156603,34.37956204,17.59124088,2828.6484,36.652756,-233.3515625,-8.347244262695312
17175,IL,Stark County,5313,595.0,0.112,842.0,10.0,2370.0,2249.0,121.0,5.1,59234.0,314.0,1443.0,1301.0,730.0,8.289334741,38.09398099,34.34530095,19.27138332,551.4253,9.9942255,-290.57470703125,-0.005774497985839844
17177,IL,Stephenson County,43556,6005.0,0.1379,6270.0,78.0,20630.0,19656.0,974.0,4.7,60988.0,2677.0,10039.0,11864.0,6825.0,8.524120363,31.96624741,37.77742398,21.73220825,5966.2896,70.20361,-303.71044921875,-7.79638671875
17179,IL,Tazewell County,129610,11269.0,0.0869,18344.0,125.0,61433.0,58802.0,2631.0,4.3,73285.0,5515.0,27876.0,32467.0,26063.0,5.999717148,30.32604084,35.32054699,28.35369502,14472.148,115.645874,-3871.8515625,-9.3541259765625
17181,IL,Union County,16772,3383.0,0.2017,3066.0,15.0,7057.0,6683.0,374.0,5.3,51116.0,1584.0,4261.0,3820.0,2553.0,12.96447864,34.87477492,31.26534621,20.89540023,2709.6255,17.157894,-356.37451171875,2.1578941345214844
17183,IL,Vermilion County,72103,12043.0,0.167,15257.0,72.0,31697.0,30031.0,1666.0,5.3,52083.0,4657.0,20848.0,16598.0,8159.0,9.265449047,41.47865186,33.02295969,16.2329394,14538.916,75.61482,-718.083984375,3.6148223876953125
17185,IL,Wabash County,11040,1497.0,0.1356,2205.0,18.0,5684.0,5484.0,200.0,3.5,63777.0,560.0,2520.0,3258.0,1458.0,7.183170857,32.32426886,41.79066188,18.70189841,1780.0386,15.441615,-424.96142578125,-2.558384895324707
17187,IL,Warren County,16360,2410.0,0.1473,1970.0,15.0,7786.0,7469.0,317.0,4.1,57357.0,1455.0,3724.0,3269.0,2387.0,13.42870328,34.37009691,30.17074296,22.03045685,2098.8923,16.789639,128.892333984375,1.7896385192871094
17189,IL,Washington County,13623,1082.0,0.0794,1590.0,11.0,9707.0,9461.0,246.0,2.5,71958.0,671.0,3127.0,3643.0,2402.0,6.817027329,31.76876968,37.01107386,24.40312913,1648.2703,9.911446,58.270263671875,-1.0885543823242188
17191,IL,Wayne County,15843,2158.0,0.1362,2889.0,25.0,6892.0,6611.0,281.0,4.1,53359.0,1111.0,3798.0,4546.0,1829.0,9.845799362,33.65827721,40.28713222,16.20879121,2045.4445,18.491245,-843.5555419921875,-6.508754730224609
17193,IL,White County,13595,1972.0,0.1451,2185.0,29.0,5993.0,5749.0,244.0,4.1,54611.0,1329.0,3393.0,3681.0,1474.0,13.45550268,34.3525362,37.26840134,14.92355979,2139.7,27.52895,-45.300048828125,-1.4710502624511719
17195,IL,Whiteside County,54555,6944.0,0.1273,8458.0,46.0,27280.0,26121.0,1159.0,4.2,62038.0,3489.0,14688.0,12851.0,7792.0,8.98763524,37.83616692,33.10407007,20.07212777,5060.826,61.942875,-3397.173828125,15.942874908447266
17197,IL,Will County,698046,48828.0,0.0699,91446.0,420.0,367649.0,351136.0,16513.0,4.5,97076.0,39727.0,120047.0,137321.0,170466.0,8.496645358,25.67515255,29.36964375,36.45855835,84792.63,316.24875,-6653.3671875,-103.75125122070312
17199,IL,Williamson County,66544,8195.0,0.1232,13826.0,70.0,30848.0,29471.0,1377.0,4.5,64152.0,3633.0,13489.0,17721.0,13188.0,7.563865004,28.08394579,36.89492203,27.45726718,9352.58,76.399155,-4473.419921875,6.3991546630859375
17201,IL,Winnebago County,281542,42830.0,0.1521,44478.0,218.0,131982.0,123942.0,8040.0,6.1,62557.0,21922.0,59470.0,64205.0,47492.0,11.35331376,30.79926873,33.25150578,24.59591173,44042.473,215.88957,-435.52734375,-2.1104278564453125
17203,IL,Woodford County,38177,2572.0,0.0674,4886.0,20.0,18080.0,17430.0,650.0,3.6,85892.0,1348.0,7023.0,8187.0,9346.0,5.203829524,27.11164299,31.6051575,36.07936998,3830.5159,29.024048,-1055.484130859375,9.0240478515625
18001,IN,Adams County,36151,4070.0,0.1126,2533.0,25.0,17014.0,16632.0,382.0,2.2,60620.0,2808.0,9838.0,5619.0,3282.0,13.03197661,45.65832831,26.07787627,15.23181881,2499.321,31.30321,-33.678955078125,6.30320930480957
18003,IN,Allen County,391644,44410.0,0.1134,46654.0,279.0,188044.0,182543.0,5501.0,2.9,65967.0,24616.0,71260.0,79412.0,79250.0,9.670854646,27.99581988,31.1984851,31.13484038,46309.375,280.14185,-344.625,1.141845703125
18005,IN,Bartholomew County,83394,10442.0,0.1252,11288.0,60.0,43791.0,42729.0,1062.0,2.4,68910.0,4402.0,17586.0,14228.0,19829.0,7.854402712,31.37835668,25.3867428,35.38049781,8884.242,74.417885,-2403.7578125,14.417884826660156
18007,IN,Benton County,8672,872.0,0.1006,1058.0,7.0,4378.0,4269.0,109.0,2.5,62248.0,613.0,2392.0,1775.0,1107.0,10.41277391,40.6319008,30.15118057,18.80414473,1001.7267,7.815383,-56.2733154296875,0.8153829574584961
18009,IN,Blackford County,11919,1492.0,0.1252,1177.0,23.0,4753.0,4585.0,168.0,3.5,54825.0,881.0,4159.0,2231.0,1134.0,10.48185604,49.48245092,26.54372397,13.49196907,1193.2059,21.934626,16.2059326171875,-1.0653743743896484
18011,IN,Boone County,74309,3825.0,0.0515,6140.0,64.0,37946.0,37162.0,784.0,2.1,102805.0,2432.0,9414.0,12209.0,24528.0,5.00586625,19.37714839,25.13018957,50.48679579,6106.968,60.24729,-33.0322265625,-3.7527084350585938
18013,IN,Brown County,15587,1489.0,0.0955,966.0,11.0,7850.0,7572.0,278.0,3.5,74161.0,775.0,4726.0,3431.0,3135.0,6.422474517,39.16466396,28.43291622,25.97994531,1632.3582,11.855147,666.358154296875,0.8551473617553711
18015,IN,Carroll County,20514,2106.0,0.1027,1545.0,26.0,9905.0,9614.0,291.0,2.9,64731.0,1482.0,6398.0,4314.0,2232.0,10.27311798,44.3504783,29.90433939,15.47206433,1969.9248,25.580164,424.9248046875,-0.41983604431152344
18017,IN,Cass County,37537,4823.0,0.1285,4859.0,39.0,17251.0,16681.0,570.0,3.3,60452.0,3702.0,11259.0,7002.0,4072.0,14.21932015,43.24563088,26.89456501,15.64048396,3866.4973,44.73421,-992.502685546875,5.734210968017578
18019,IN,Clark County,124222,11755.0,0.0946,17801.0,113.0,62544.0,60809.0,1735.0,2.8,68493.0,7943.0,28418.0,27643.0,21863.0,9.250352289,33.09536842,32.19280981,25.46146948,17709.691,116.98188,-91.30859375,3.9818801879882812
18021,IN,Clay County,26410,3302.0,0.125,2936.0,29.0,11570.0,11175.0,395.0,3.4,59057.0,1697.0,7777.0,5814.0,3133.0,9.212312035,42.21812062,31.56180446,17.00776288,3344.439,30.159237,408.43896484375,1.1592369079589844
18023,IN,Clinton County,32769,3592.0,0.1096,3477.0,52.0,17091.0,16647.0,444.0,2.6,60916.0,2906.0,9293.0,5537.0,3559.0,13.64639587,43.63935196,26.00140878,16.71284339,3353.3794,47.184353,-123.62060546875,-4.815647125244141
18025,IN,Crawford County,10517,1879.0,0.1787,1144.0,14.0,4793.0,4622.0,171.0,3.6,53547.0,1089.0,3542.0,2082.0,842.0,14.41429517,46.88285903,27.55790867,11.14493713,1040.729,16.52788,-103.27099609375,2.5278797149658203
18027,IN,Daviess County,33496,3498.0,0.1044,3307.0,36.0,16608.0,16219.0,389.0,2.3,63777.0,4761.0,7047.0,5900.0,3152.0,22.82358581,33.78235858,28.28379674,15.11025887,3210.764,37.83671,-96.236083984375,1.8367118835449219
18029,IN,Dearborn County,50900,5353.0,0.1052,5903.0,64.0,25802.0,25112.0,690.0,2.7,77621.0,3119.0,13537.0,9708.0,9281.0,8.75017534,37.97727592,27.23523636,26.03731239,5877.174,61.97683,-25.826171875,-2.0231704711914062
18031,IN,Decatur County,26454,2828.0,0.1069,3083.0,35.0,14478.0,14099.0,379.0,2.6,65847.0,1708.0,7952.0,4775.0,3626.0,9.456840706,44.02856985,26.43818172,20.07640773,2869.8901,33.24469,-213.10986328125,-1.75531005859375
18033,IN,DeKalb County,43813,3956.0,0.0903,4575.0,36.0,22316.0,21713.0,603.0,2.7,72910.0,2277.0,12482.0,8837.0,5951.0,7.706366129,42.24455952,29.90828172,20.14079264,4474.0933,37.754627,-100.90673828125,1.7546272277832031
18035,IN,Delaware County,112163,19758.0,0.1762,10873.0,137.0,50967.0,49121.0,1846.0,3.6,54059.0,6356.0,23978.0,21835.0,18036.0,9.053486219,34.15426252,31.10177338,25.69047789,14204.161,130.2231,3331.1611328125,-6.7769012451171875
18037,IN,Dubois County,43492,3606.0,0.0829,5113.0,22.0,21833.0,21335.0,498.0,2.3,71171.0,3199.0,11120.0,8172.0,7224.0,10.7656066,37.42217735,27.50126199,24.31095406,4798.008,24.837374,-314.9921875,2.837373733520508
18039,IN,Elkhart County,206873,26704.0,0.1291,16852.0,158.0,117325.0,114309.0,3016.0,2.6,63777.0,23281.0,48280.0,33429.0,25809.0,17.79906574,36.91159718,25.55753484,19.73180223,17554.623,160.20049,702.623046875,2.2004852294921875
18041,IN,Fayette County,23389,3290.0,0.1407,2833.0,46.0,8316.0,7942.0,374.0,4.5,54892.0,2304.0,6902.0,4425.0,2682.0,14.12370502,42.30981426,27.12560535,16.44087538,2976.709,43.207798,143.708984375,-2.7922019958496094
18043,IN,Floyd County,80621,7971.0,0.0989,10289.0,74.0,42122.0,41057.0,1065.0,2.5,74264.0,4157.0,17026.0,17123.0,17459.0,7.454496548,30.53169551,30.70563974,31.30816821,10096.534,72.672226,-192.4658203125,-1.3277740478515625
18045,IN,Fountain County,16620,2026.0,0.1219,2103.0,33.0,7958.0,7734.0,224.0,2.8,63973.0,1204.0,5121.0,3725.0,1592.0,10.34186566,43.98728741,31.99622058,13.67462635,1934.4562,29.813492,-168.5438232421875,-3.1865081787109375
18047,IN,Franklin County,23083,2091.0,0.0906,1803.0,30.0,11275.0,10968.0,307.0,2.7,74779.0,1807.0,6538.0,4558.0,3123.0,11.27542743,40.79620616,28.44128292,19.48708349,2119.0676,27.675493,316.067626953125,-2.3245067596435547
18049,IN,Fulton County,20368,2779.0,0.1364,1717.0,25.0,9494.0,9199.0,295.0,3.1,62412.0,1791.0,5881.0,4139.0,2290.0,12.70122686,41.70626197,29.35252819,16.23998298,2187.2166,26.724606,470.216552734375,1.7246055603027344
18051,IN,Gibson County,33002,3139.0,0.0951,6166.0,33.0,19762.0,19307.0,455.0,2.3,66247.0,2089.0,9064.0,7088.0,4275.0,9.277846864,40.25581808,31.47983656,18.98649849,5800.6763,34.960884,-365.32373046875,1.9608840942382812
18053,IN,Grant County,65993,11806.0,0.1789,6802.0,95.0,31378.0,30332.0,1046.0,3.3,51053.0,4907.0,16284.0,13580.0,8901.0,11.23603224,37.28704891,31.09543873,20.38148012,7769.653,91.98436,967.65283203125,-3.0156402587890625
18055,IN,Greene County,31071,3888.0,0.1251,3610.0,39.0,13508.0,12983.0,525.0,3.9,61663.0,2604.0,8720.0,7421.0,3214.0,11.8584635,39.71036932,33.7947994,14.63636778,3863.9404,34.630653,253.9404296875,-4.369346618652344
18057,IN,Hamilton County,365463,16387.0,0.0448,37150.0,171.0,193855.0,189632.0,4223.0,2.2,117068.0,6411.0,33607.0,50302.0,146333.0,2.709029676,14.2009609,21.25559363,61.83441579,37085.76,169.21239,-64.23828125,-1.7876129150390625
18059,IN,Hancock County,83117,4103.0,0.0494,9472.0,88.0,42473.0,41356.0,1117.0,2.6,87845.0,3699.0,16682.0,17021.0,19437.0,6.507855522,29.34956632,29.94598779,34.19659037,9602.837,83.56872,130.8369140625,-4.431282043457031
18061,IN,Harrison County,39790,3020.0,0.0759,5318.0,46.0,20406.0,19886.0,520.0,2.5,72259.0,2313.0,11185.0,8452.0,6194.0,8.218447982,39.74204093,30.03126777,22.00824332,4939.2915,44.736446,-378.70849609375,-1.2635536193847656
18063,IN,Hendricks County,183119,9627.0,0.0526,17610.0,160.0,94458.0,92134.0,2324.0,2.5,94760.0,7881.0,32022.0,33208.0,47902.0,6.512523448,26.46161983,27.44167982,39.58417691,17376.791,153.58127,-233.208984375,-6.418731689453125
18065,IN,Henry County,48815,6269.0,0.1284,5806.0,63.0,22073.0,21361.0,712.0,3.2,54714.0,3277.0,15022.0,10843.0,5841.0,9.367407026,42.94085699,30.99505474,16.69668125,6317.6816,64.31478,511.681640625,1.3147811889648438
18067,IN,Howard County,83546,12517.0,0.1498,11096.0,120.0,33950.0,32246.0,1704.0,5.0,56960.0,4591.0,22099.0,19621.0,11563.0,7.932750458,38.18467706,33.90296161,19.97961088,11057.29,119.66186,-38.7099609375,-0.33814239501953125
18069,IN,Huntington County,36800,4554.0,0.1237,5418.0,46.0,18285.0,17791.0,494.0,2.7,59491.0,1767.0,10879.0,6863.0,5865.0,6.963821234,42.87459604,27.04737132,23.1142114,5106.2056,43.54797,-311.79443359375,-2.4520301818847656
18071,IN,Jackson County,46230,5032.0,0.1088,6084.0,40.0,23405.0,22749.0,656.0,2.8,66082.0,3355.0,12244.0,9096.0,6280.0,10.83131558,39.52865214,29.36561743,20.27441485,4697.4663,40.17303,-1386.53369140625,0.17303085327148438
18073,IN,Jasper County,33345,3108.0,0.0932,3804.0,51.0,15859.0,15322.0,537.0,3.4,75738.0,1588.0,10325.0,6851.0,4142.0,6.932681394,45.07552606,29.9091941,18.08259845,3845.2983,47.40416,41.29833984375,-3.5958404541015625
18075,IN,Jay County,20118,2728.0,0.1356,1979.0,24.0,8840.0,8598.0,242.0,2.7,57690.0,1763.0,6307.0,3651.0,1703.0,13.13319428,46.98301549,27.19755662,12.68623361,2024.5309,25.635294,45.5308837890625,1.635293960571289
18077,IN,Jefferson County,32936,3640.0,0.1105,4235.0,59.0,15000.0,14573.0,427.0,2.8,64214.0,2640.0,9017.0,7362.0,4204.0,11.3680403,38.82788615,31.70133058,18.10274297,4558.282,54.638847,323.2822265625,-4.361152648925781
18079,IN,Jennings County,27484,3307.0,0.1203,2988.0,44.0,13534.0,13083.0,451.0,3.3,63597.0,2364.0,8171.0,5934.0,2598.0,12.39838464,42.85414591,31.12183353,13.62563592,3138.2422,41.33995,150.2421875,-2.6600494384765625
18081,IN,Johnson County,165686,12267.0,0.074,18995.0,143.0,86284.0,84183.0,2101.0,2.4,83036.0,8008.0,34035.0,31567.0,36774.0,7.254674591,30.83327294,28.59744166,33.31461081,19346.215,139.64119,351.21484375,-3.3588104248046875
18083,IN,Knox County,35876,4988.0,0.139,6018.0,42.0,17983.0,17494.0,489.0,2.7,58238.0,2401.0,8727.0,8802.0,4312.0,9.904298325,35.99950499,36.30888541,17.78731128,5676.7393,42.92462,-341.2607421875,0.92462158203125
18085,IN,Kosciusko County,80564,8459.0,0.105,6710.0,63.0,40564.0,39520.0,1044.0,2.6,71611.0,6475.0,19443.0,14865.0,13323.0,11.96724947,35.93501645,27.47384763,24.62388645,7513.9834,69.18479,803.9833984375,6.184791564941406
18087,IN,LaGrange County,40854,3154.0,0.0772,1746.0,19.0,21442.0,20970.0,472.0,2.2,81010.0,9391.0,6999.0,4785.0,2642.0,39.42981904,29.38657262,20.09069152,11.09291682,1792.2084,19.639854,46.2083740234375,0.6398544311523438
18089,IN,Lake County,499657,72873.0,0.1458,45749.0,552.0,226746.0,216160.0,10586.0,4.7,66169.0,33335.0,118149.0,104589.0,84885.0,9.776864013,34.65206858,30.67503915,24.89602825,54815.93,432.80286,9066.9296875,-119.1971435546875
18091,IN,LaPorte County,111822,16055.0,0.1436,11792.0,107.0,46784.0,45021.0,1763.0,3.8,66336.0,7527.0,31110.0,23356.0,17189.0,9.505948322,39.2892324,29.49660276,21.70821651,12050.573,107.38677,258.5732421875,0.38677215576171875
18093,IN,Lawrence County,45231,5525.0,0.1222,5265.0,73.0,20524.0,19820.0,704.0,3.4,60141.0,3090.0,12306.0,10073.0,6555.0,9.64901324,38.42742943,31.4545341,20.46902323,5857.5215,56.984013,592.521484375,-16.015987396240234
18095,IN,Madison County,131383,18875.0,0.1437,15001.0,165.0,59833.0,57800.0,2033.0,3.4,58926.0,8751.0,36250.0,28499.0,18433.0,9.518888756,39.43088989,30.99974982,20.05047154,15319.803,163.55602,318.802734375,-1.4439849853515625
18097,IN,Marion County,969223,149846.0,0.1546,99284.0,732.0,504140.0,487842.0,16298.0,3.2,62776.0,78327.0,172358.0,169140.0,216864.0,12.30223861,27.07098756,26.56556027,34.06121356,99849.14,730.5276,565.140625,-1.472412109375
18099,IN,Marshall County,46378,4719.0,0.1018,3746.0,42.0,22943.0,22342.0,601.0,2.6,70938.0,4305.0,11818.0,8548.0,6342.0,13.88127559,38.10660046,27.56263502,20.44948892,4103.0073,41.042812,357.00732421875,-0.9571876525878906
18101,IN,Martin County,9827,1232.0,0.1254,931.0,9.0,5425.0,5274.0,151.0,2.8,64216.0,774.0,2790.0,2391.0,902.0,11.28773516,40.68834767,34.86947645,13.15444072,834.192,11.324487,-96.8079833984375,2.32448673248291
18103,IN,Miami County,35546,4366.0,0.1228,3448.0,46.0,14358.0,13762.0,596.0,4.2,60835.0,3156.0,10282.0,7663.0,4053.0,12.54671225,40.87620259,30.46433967,16.11274549,3984.2734,46.00852,536.2734375,0.008518218994140625
18105,IN,Monroe County,139621,23312.0,0.167,15514.0,74.0,70162.0,68140.0,2022.0,2.9,64299.0,4299.0,17806.0,20178.0,40821.0,5.173036196,21.42616481,24.28041972,49.12037928,15639.623,71.41727,125.623046875,-2.582733154296875
18107,IN,Montgomery County,38319,4082.0,0.1065,4107.0,35.0,18819.0,18338.0,481.0,2.6,66283.0,2873.0,10673.0,7358.0,5076.0,11.05850654,41.08160123,28.32178599,19.53810624,3926.1555,44.390232,-180.844482421875,9.39023208618164
18109,IN,Morgan County,72260,6594.0,0.0913,7558.0,82.0,37147.0,36091.0,1056.0,2.8,75542.0,4833.0,19946.0,15378.0,10394.0,9.560641728,39.45718186,30.42076319,20.56141323,7782.7593,82.225,224.75927734375,0.22499847412109375
18111,IN,Newton County,13839,1703.0,0.1231,1004.0,16.0,6735.0,6487.0,248.0,3.7,66837.0,1161.0,4802.0,2646.0,1363.0,11.64259928,48.15483353,26.53429603,13.66827116,1276.7708,17.39999,272.770751953125,1.3999900817871094
18113,IN,Noble County,47234,4571.0,0.0968,5262.0,30.0,21792.0,21163.0,629.0,2.9,69567.0,5551.0,12605.0,8123.0,5682.0,17.3680423,39.4386909,25.41534996,17.77791684,5103.532,32.30684,-158.4677734375,2.3068389892578125
18115,IN,Ohio County,6097,553.0,0.0907,709.0,12.0,3187.0,3116.0,71.0,2.2,70618.0,287.0,1889.0,1390.0,834.0,6.522727273,42.93181818,31.59090909,18.95454545,618.03,9.134041,-90.969970703125,-2.8659591674804688
18117,IN,Orange County,19601,2809.0,0.1433,2112.0,22.0,8194.0,7909.0,285.0,3.5,54128.0,1961.0,5932.0,3778.0,2091.0,14.24938236,43.10419997,27.45240517,15.1940125,2317.2952,25.511057,205.295166015625,3.511056900024414
18119,IN,Owen County,21487,2964.0,0.1379,2806.0,48.0,9265.0,8962.0,303.0,3.3,62460.0,2027.0,6750.0,4205.0,2658.0,12.96035806,43.15856777,26.88618926,16.99488491,2597.622,39.1566,-208.3779296875,-8.843399047851562
18121,IN,Parke County,16367,2213.0,0.1352,1537.0,21.0,7062.0,6844.0,218.0,3.1,64700.0,1839.0,4582.0,3478.0,1640.0,15.93725626,39.70881359,30.14126007,14.21267008,1710.1968,20.274422,173.19677734375,-0.7255783081054688
18123,IN,Perry County,19207,2903.0,0.1511,2510.0,13.0,8760.0,8485.0,275.0,3.1,55503.0,1213.0,6377.0,3913.0,2270.0,8.807086328,46.30073332,28.41065853,16.48152182,1778.4326,32.432636,-731.5673828125,19.432636260986328
18125,IN,Pike County,12143,1410.0,0.1161,1612.0,7.0,5873.0,5683.0,190.0,3.2,63487.0,837.0,4121.0,2267.0,1348.0,9.763210078,48.06952059,26.44348536,15.72378397,1623.7332,9.703262,11.733154296875,2.7032623291015625
18127,IN,Porter County,174848,15180.0,0.0868,17382.0,166.0,85433.0,82584.0,2849.0,3.3,84352.0,7506.0,41408.0,35863.0,36473.0,6.190515464,34.15092784,29.57773196,30.08082474,17528.887,166.8115,146.88671875,0.811492919921875
18129,IN,Posey County,25098,2416.0,0.0963,3235.0,15.0,12948.0,12635.0,313.0,2.4,75907.0,1207.0,6320.0,5865.0,4530.0,6.734739426,35.26392144,32.72514228,25.27619685,2765.7104,20.075087,-469.28955078125,5.07508659362793
18131,IN,Pulaski County,12449,1660.0,0.1333,1130.0,21.0,6543.0,6371.0,172.0,2.6,60487.0,913.0,4070.0,2549.0,1191.0,10.4665826,46.65825977,29.22159807,13.65355956,1230.0681,19.143948,100.068115234375,-1.8560523986816406
18133,IN,Putnam County,37294,3125.0,0.0838,3899.0,42.0,16819.0,16289.0,530.0,3.2,68301.0,2327.0,9778.0,8208.0,5041.0,9.178038968,38.56590676,32.37358997,19.88246431,3899.8218,37.52058,0.82177734375,-4.479419708251953
18135,IN,Randolph County,24350,3714.0,0.1525,2328.0,40.0,11624.0,11274.0,350.0,3.0,56920.0,1595.0,7500.0,5479.0,2453.0,9.367475186,44.04768896,32.17830504,14.4065308,2746.5413,36.619682,418.541259765625,-3.3803176879882812
18137,IN,Ripley County,29030,3410.0,0.1175,3524.0,54.0,12808.0,12411.0,397.0,3.1,63571.0,1860.0,8374.0,5763.0,3840.0,9.376417805,42.21404446,29.05177194,19.35776579,3533.1775,43.586414,9.177490234375,-10.413585662841797
18139,IN,Rush County,16672,2003.0,0.1201,2383.0,24.0,8869.0,8646.0,223.0,2.5,61653.0,1079.0,5278.0,3447.0,1974.0,9.161147903,44.81236203,29.26642894,16.76006113,2103.1929,25.336246,-279.80712890625,1.3362464904785156
18141,IN,St. Joseph County,272282,34388.0,0.1263,27704.0,230.0,132073.0,127495.0,4578.0,3.5,61028.0,15678.0,52878.0,51409.0,58089.0,8.80519393,29.69773215,28.87270154,32.62437238,28354.469,231.41388,650.46875,1.41387939453125
18143,IN,Scott County,24500,3720.0,0.1518,3759.0,30.0,10531.0,10170.0,361.0,3.4,57837.0,2716.0,7301.0,4894.0,2104.0,15.96238613,42.90919777,28.7628563,12.3655598,3530.8914,33.488495,-228.108642578125,3.488494873046875
18145,IN,Shelby County,45189,6233.0,0.1379,6008.0,31.0,23545.0,22948.0,597.0,2.5,66045.0,3047.0,13065.0,9368.0,6140.0,9.636306135,41.31878558,29.62681847,19.41808982,5658.153,56.984837,-349.84716796875,25.98483657836914
18147,IN,Spencer County,19849,1850.0,0.0932,2024.0,6.0,10483.0,10201.0,282.0,2.7,70440.0,980.0,5430.0,4741.0,3008.0,6.921392754,38.35016597,33.48400311,21.24443817,2316.2178,23.624086,292.2177734375,17.624086380004883
18149,IN,Starke County,23203,2907.0,0.1253,1523.0,28.0,9530.0,9164.0,366.0,3.8,58523.0,2307.0,7104.0,4843.0,2047.0,14.15250598,43.58014846,29.70983375,12.55751181,2234.925,29.637804,711.925048828125,1.6378040313720703
18151,IN,Steuben County,34772,3078.0,0.0885,3786.0,24.0,20697.0,20244.0,453.0,2.2,73250.0,1871.0,8861.0,7169.0,5864.0,7.872922365,37.28592468,30.16621081,24.67494214,3901.8755,23.742695,115.87548828125,-0.2573051452636719
18153,IN,Sullivan County,20671,2339.0,0.1132,2460.0,19.0,7931.0,7625.0,306.0,3.9,55497.0,1802.0,6374.0,4798.0,2163.0,11.90460461,42.10874017,31.69716588,14.28948933,2010.5358,30.19118,-449.4642333984375,11.191179275512695
18155,IN,Switzerland County,10009,1340.0,0.1339,943.0,16.0,4716.0,4582.0,134.0,2.8,63246.0,1203.0,3213.0,1734.0,683.0,17.60573687,47.02180594,25.37684765,9.995609542,971.0559,15.3311205,28.055908203125,-0.668879508972168
18157,IN,Tippecanoe County,188237,33200.0,0.1764,25153.0,142.0,96898.0,94095.0,2803.0,2.9,56088.0,8429.0,28465.0,25869.0,41954.0,8.049313865,27.18278789,24.70372528,40.06417296,29589.94,174.63931,4436.939453125,32.639312744140625
18159,IN,Tipton County,15325,1527.0,0.0996,1201.0,19.0,8981.0,8722.0,259.0,2.9,65025.0,912.0,4098.0,3277.0,2745.0,8.266860044,37.14648296,29.70449601,24.88216099,1411.8656,18.203537,210.8656005859375,-0.7964630126953125
18161,IN,Union County,6967,782.0,0.1122,858.0,10.0,3567.0,3478.0,89.0,2.5,61171.0,510.0,1811.0,1673.0,1035.0,10.14118115,36.01113541,33.2670511,20.58063233,780.9627,8.917363,-77.03729248046875,-1.082636833190918
18163,IN,Vanderburgh County,179563,26687.0,0.1486,31139.0,147.0,91922.0,89072.0,2850.0,3.1,57997.0,10657.0,40204.0,39204.0,33451.0,8.628031996,32.5496292,31.74001749,27.08232132,26388.285,178.88867,-4750.71484375,31.888671875
18165,IN,Vermillion County,15433,2130.0,0.138,1711.0,21.0,6534.0,6291.0,243.0,3.7,58280.0,802.0,4686.0,3494.0,1865.0,7.393749424,43.20088504,32.21167143,17.19369411,1707.7172,20.734732,-3.2828369140625,-0.26526832580566406
18167,IN,Vigo County,106082,17975.0,0.1694,13365.0,107.0,45594.0,43935.0,1659.0,3.6,52286.0,6560.0,22963.0,21195.0,17701.0,9.587979947,33.56231456,30.97823704,25.87146845,13512.665,110.40489,147.6650390625,3.4048919677734375
18169,IN,Wabash County,30842,3400.0,0.1102,3306.0,36.0,14524.0,14120.0,404.0,2.8,64025.0,1771.0,9081.0,6108.0,4673.0,8.186566819,41.97753432,28.23464152,21.60125734,3631.8164,38.59654,325.81640625,2.596538543701172
18171,IN,Warren County,8488,803.0,0.0946,816.0,8.0,4102.0,3995.0,107.0,2.6,73539.0,482.0,2568.0,1949.0,1041.0,7.98013245,42.51655629,32.26821192,17.23509934,855.6362,7.330391,39.63623046875,-0.6696090698242188
18173,IN,Warrick County,65231,4762.0,0.073,10874.0,44.0,32210.0,31359.0,851.0,2.6,84567.0,2017.0,12924.0,13934.0,15894.0,4.505349684,28.86819004,31.12421542,35.50224486,10213.436,47.384735,-660.564453125,3.384735107421875
18175,IN,Washington County,28171,3504.0,0.1244,2783.0,40.0,13746.0,13374.0,372.0,2.7,65342.0,2343.0,8424.0,6163.0,2715.0,11.92669891,42.88114024,31.37185034,13.82031051,2830.465,41.18412,47.465087890625,1.1841201782226562
18177,IN,Wayne County,66216,11373.0,0.1718,9139.0,68.0,29783.0,28843.0,940.0,3.2,51622.0,5281.0,16620.0,14250.0,9160.0,11.65500651,36.67983492,31.44931694,20.21584163,8973.83,75.557594,-165.169921875,7.557594299316406
18179,IN,Wells County,28298,2525.0,0.0892,2119.0,23.0,14240.0,13905.0,335.0,2.4,68879.0,1276.0,8384.0,5815.0,3597.0,6.690436242,43.95973154,30.48972315,18.86010906,2470.6182,33.26811,351.6181640625,10.268108367919922
18181,IN,White County,24660,2295.0,0.0931,2802.0,25.0,13273.0,12934.0,339.0,2.6,66167.0,1648.0,6997.0,5228.0,3111.0,9.703250118,41.19759774,30.78191239,18.31723976,2412.2766,25.689245,-389.723388671875,0.6892452239990234
18183,IN,Whitley County,34577,3085.0,0.0892,3858.0,21.0,17738.0,17301.0,437.0,2.5,72448.0,1892.0,8731.0,7856.0,5450.0,7.906724059,36.48710769,32.83045677,22.77571148,3845.0466,25.710674,-12.953369140625,4.710674285888672
19001,IA,Adair County,7457,666.0,0.0893,459.0,8.0,4317.0,4223.0,94.0,2.2,66997.0,287.0,2130.0,1788.0,1052.0,5.459387483,40.51740536,34.0117938,20.01141335,826.2947,8.435399,367.294677734375,0.43539905548095703
19003,IA,Adams County,3601,362.0,0.1005,285.0,3.0,2101.0,2058.0,43.0,2.0,58973.0,197.0,913.0,894.0,649.0,7.425555974,34.41387109,33.69770072,24.46287222,237.35857,4.338368,-47.64143371582031,1.3383679389953613
19005,IA,Allamakee County,14018,1591.0,0.1135,878.0,7.0,7092.0,6818.0,274.0,3.9,60743.0,721.0,3987.0,3042.0,1920.0,7.456049638,41.23061013,31.45811789,19.85522234,1201.9735,11.619832,323.9735107421875,4.6198320388793945
19007,IA,Appanoose County,12141,1703.0,0.1403,1080.0,19.0,5973.0,5795.0,178.0,3.0,53589.0,907.0,3225.0,2962.0,1701.0,10.31267766,36.66856168,33.67822626,19.34053439,1388.7809,19.03851,308.7808837890625,0.038509368896484375
19009,IA,Audubon County,5575,635.0,0.1139,443.0,5.0,3085.0,3014.0,71.0,2.3,60504.0,322.0,1464.0,1420.0,833.0,7.972270364,36.24659569,35.15721713,20.62391681,406.12088,7.902802,-36.879119873046875,2.902801990509033
19011,IA,Benton County,25742,1897.0,0.0737,2469.0,19.0,13104.0,12698.0,406.0,3.1,82762.0,951.0,5959.0,6565.0,4475.0,5.298050139,33.19777159,36.57381616,24.93036212,2553.0496,18.965527,84.049560546875,-0.034473419189453125
19013,IA,Black Hawk County,130052,20825.0,0.1601,13894.0,117.0,67499.0,65462.0,2037.0,3.0,62020.0,5607.0,25585.0,26862.0,25043.0,6.747536012,30.78931851,32.32607675,30.13706873,14330.223,118.31777,436.22265625,1.3177719116210938
19015,IA,Boone County,26579,2232.0,0.084,2086.0,23.0,14840.0,14494.0,346.0,2.3,74896.0,816.0,6020.0,6777.0,5489.0,4.271804,31.5150246,35.47796042,28.73521097,2510.3142,22.28318,424.314208984375,-0.7168197631835938
19017,IA,Bremer County,25254,1582.0,0.0626,1907.0,12.0,13930.0,13598.0,332.0,2.4,83797.0,686.0,5056.0,4995.0,5839.0,4.138513514,30.5019305,30.13392857,35.22562741,2099.1416,14.555464,192.1416015625,2.5554637908935547
19019,IA,Buchanan County,20689,1962.0,0.0948,1904.0,22.0,11250.0,10927.0,323.0,2.9,70498.0,744.0,5008.0,5023.0,3096.0,5.363708456,36.10410208,36.21224137,22.31994809,2141.5396,16.79707,237.53955078125,-5.202930450439453
19021,IA,Buena Vista County,20644,2019.0,0.0978,1678.0,15.0,11905.0,11621.0,284.0,2.4,67552.0,2543.0,4151.0,3493.0,2885.0,19.45379437,31.75489596,26.72123623,22.07007344,1967.252,15.544035,289.251953125,0.5440349578857422
19023,IA,Butler County,14246,1351.0,0.0948,1179.0,12.0,8189.0,7954.0,235.0,2.9,67233.0,651.0,3738.0,3664.0,2069.0,6.43153527,36.92946058,36.19837977,20.44062438,1498.6261,12.086435,319.6260986328125,0.08643531799316406
19025,IA,Calhoun County,9725,779.0,0.0801,902.0,6.0,4147.0,4038.0,109.0,2.6,64634.0,444.0,2512.0,2588.0,1518.0,6.287170773,35.57065987,36.64684225,21.4953271,852.0631,8.354044,-49.9368896484375,2.354043960571289
19027,IA,Carroll County,20541,1721.0,0.0838,1696.0,25.0,10700.0,10482.0,218.0,2.0,73643.0,700.0,5422.0,4640.0,3287.0,4.982561036,38.5934942,33.02726173,23.39668304,1899.3082,23.227102,203.3082275390625,-1.772897720336914
19029,IA,Cass County,13137,1763.0,0.1342,769.0,14.0,6826.0,6651.0,175.0,2.6,61204.0,643.0,3450.0,3126.0,1985.0,6.986093003,37.48370274,33.96349413,21.56671013,1313.0514,11.316256,544.0513916015625,-2.683744430541992
19031,IA,Cedar County,18353,1408.0,0.0767,1944.0,18.0,10483.0,10196.0,287.0,2.7,71563.0,560.0,5424.0,4405.0,2842.0,4.232484317,40.99463381,33.29302396,21.47985791,1942.7178,19.72727,-1.2822265625,1.7272701263427734
19033,IA,Cerro Gordo County,42426,4844.0,0.1142,3712.0,43.0,22259.0,21620.0,639.0,2.9,63279.0,1693.0,10989.0,10521.0,7434.0,5.525997976,35.86839443,34.34082972,24.26477788,3901.4607,45.31426,189.460693359375,2.314258575439453
19035,IA,Cherokee County,11490,1200.0,0.1044,1188.0,23.0,6112.0,5968.0,144.0,2.4,65985.0,577.0,3286.0,2662.0,1801.0,6.930098487,39.46673072,31.97213548,21.63103531,1323.1301,18.303883,135.130126953125,-4.696117401123047
19037,IA,Chickasaw County,11728,958.0,0.0817,1049.0,13.0,6545.0,6375.0,170.0,2.6,74077.0,557.0,3468.0,2597.0,1562.0,6.805962854,42.37536657,31.73264907,19.08602151,1198.0369,11.917918,149.036865234375,-1.0820817947387695
19039,IA,Clarke County,9643,1108.0,0.1149,851.0,11.0,4958.0,4809.0,149.0,3.0,65129.0,892.0,2755.0,1743.0,1028.0,13.89841072,42.92614522,27.15799314,16.01745092,948.1004,11.872721,97.10040283203125,0.8727207183837891
19041,IA,Clay County,16507,1499.0,0.0908,1602.0,14.0,8538.0,8301.0,237.0,2.8,68542.0,581.0,3723.0,4118.0,2965.0,5.102309651,32.69517871,36.16404672,26.03846492,1541.3876,14.937025,-60.6124267578125,0.9370250701904297
19043,IA,Clayton County,17057,1929.0,0.1131,1191.0,15.0,9546.0,9171.0,375.0,3.9,64486.0,1123.0,5356.0,3814.0,1923.0,9.192861821,43.84413883,31.22134905,15.74165029,1588.2295,15.728225,397.2294921875,0.7282247543334961
19045,IA,Clinton County,46255,6077.0,0.1314,4630.0,44.0,22148.0,21352.0,796.0,3.6,61136.0,2364.0,11668.0,11073.0,7122.0,7.335464052,36.20566606,34.35938809,22.0994818,4798.0073,44.9734,168.00732421875,0.9734001159667969
19047,IA,Crawford County,16129,1876.0,0.1163,1231.0,7.0,7793.0,7467.0,326.0,4.2,67363.0,1701.0,3790.0,3195.0,1941.0,16.0063988,35.66387504,30.06492895,18.26479721,1899.1752,16.071123,668.1751708984375,9.071123123168945
19049,IA,Dallas County,108146,5214.0,0.0482,9545.0,35.0,53951.0,52836.0,1115.0,2.1,109138.0,2687.0,12355.0,18121.0,35393.0,3.919423537,18.02176323,26.43240562,51.62640761,9785.164,38.601936,240.1640625,3.6019363403320312
19051,IA,Davis County,9147,1047.0,0.1145,428.0,9.0,4289.0,4182.0,107.0,2.5,65201.0,1124.0,1819.0,1759.0,1006.0,19.69166083,31.86755431,30.81639804,17.62438683,698.315,9.8426485,270.31500244140625,0.8426485061645508
19053,IA,Decatur County,7695,1285.0,0.167,648.0,11.0,4376.0,4268.0,108.0,2.5,51749.0,523.0,1790.0,1299.0,1157.0,10.96665968,37.53407423,27.23841476,24.26085133,787.08484,17.09823,139.0848388671875,6.098230361938477
19055,IA,Delaware County,17607,1471.0,0.0835,1390.0,10.0,10491.0,10242.0,249.0,2.4,74017.0,953.0,5307.0,3515.0,2404.0,7.824944577,43.57500616,28.86115445,19.73889482,1605.9215,11.191955,215.9215087890625,1.1919546127319336
19057,IA,Des Moines County,38242,5593.0,0.1463,3477.0,47.0,18370.0,17583.0,787.0,4.3,59688.0,1627.0,9773.0,9130.0,6425.0,6.035985902,36.25672417,33.87126693,23.836023,3647.4045,47.088375,170.404541015625,0.08837509155273438
19059,IA,Dickinson County,18048,1240.0,0.0687,1259.0,17.0,10739.0,10433.0,306.0,2.8,75406.0,358.0,3640.0,5021.0,4305.0,2.686880817,27.31912339,37.68387872,32.31011708,1445.511,16.311142,186.510986328125,-0.6888580322265625
19061,IA,Dubuque County,98715,10067.0,0.102,9813.0,62.0,56127.0,54482.0,1645.0,2.9,73492.0,3944.0,21649.0,19093.0,21875.0,5.925391746,32.52505221,28.68496567,32.86459038,10050.812,64.96678,237.8115234375,2.9667816162109375
19063,IA,Emmet County,9214,1014.0,0.11,695.0,8.0,4907.0,4762.0,145.0,3.0,56834.0,813.0,2272.0,2476.0,1032.0,12.33126043,34.46079175,37.55498256,15.65296527,810.8963,9.762121,115.89630126953125,1.7621212005615234
19065,IA,Fayette County,19266,2389.0,0.124,1713.0,28.0,10448.0,10113.0,335.0,3.2,56599.0,891.0,5911.0,4294.0,2467.0,6.569343066,43.58180344,31.65966232,18.18919118,1941.9124,27.484913,228.912353515625,-0.5150871276855469
19067,IA,Floyd County,15348,1778.0,0.1158,1352.0,14.0,8310.0,8059.0,251.0,3.0,64553.0,576.0,4648.0,3610.0,2005.0,5.314143371,42.8821847,33.3056555,18.49801642,1571.3738,15.55682,219.373779296875,1.5568199157714844
19069,IA,Franklin County,9946,1147.0,0.1153,887.0,13.0,5599.0,5452.0,147.0,2.6,63775.0,570.0,2575.0,2425.0,1242.0,8.367586612,37.80093952,35.59894304,18.23253083,839.9994,12.70829,-47.0006103515625,-0.29170989990234375
19071,IA,Fremont County,6475,670.0,0.1035,539.0,12.0,3717.0,3625.0,92.0,2.5,69018.0,237.0,1656.0,1817.0,995.0,5.037194474,35.19659936,38.61849097,21.1477152,736.79816,8.640066,197.79815673828125,-3.359933853149414
19073,IA,Greene County,8710,900.0,0.1033,661.0,10.0,5377.0,5262.0,115.0,2.1,63562.0,436.0,1989.0,2573.0,1234.0,6.996148909,31.91591784,41.28690629,19.80102696,850.49536,9.466674,189.495361328125,-0.5333261489868164
19075,IA,Grundy County,12355,872.0,0.0706,981.0,12.0,6371.0,6206.0,165.0,2.6,79386.0,240.0,2969.0,3259.0,2121.0,2.794271743,34.56747002,37.94388171,24.69437653,1267.1665,10.894677,286.16650390625,-1.1053228378295898
19077,IA,Guthrie County,10681,1060.0,0.0992,890.0,7.0,5639.0,5476.0,163.0,2.9,72701.0,392.0,2530.0,2895.0,1864.0,5.103502148,32.93841948,37.6904049,24.26767348,924.9739,6.335409,34.973876953125,-0.6645908355712891
19079,IA,Hamilton County,14803,1339.0,0.0905,1153.0,26.0,6950.0,6752.0,198.0,2.8,68795.0,778.0,3339.0,4045.0,2298.0,7.437858509,31.92160612,38.67112811,21.96940727,1465.687,21.621986,312.68701171875,-4.378013610839844
19081,IA,Hancock County,10651,807.0,0.0758,836.0,8.0,5728.0,5592.0,136.0,2.4,67498.0,649.0,2685.0,2712.0,1644.0,8.43953186,34.91547464,35.26657997,21.37841352,978.1336,7.6159344,142.13360595703125,-0.3840656280517578
19083,IA,Hardin County,16614,1701.0,0.1024,1805.0,14.0,7819.0,7580.0,239.0,3.1,59622.0,770.0,4103.0,4751.0,2588.0,6.305273501,33.59810023,38.90435637,21.1922699,1831.3319,14.381264,26.3319091796875,0.38126373291015625
19085,IA,Harrison County,14680,1323.0,0.0901,1097.0,17.0,7114.0,6918.0,196.0,2.8,73457.0,662.0,3967.0,3408.0,2166.0,6.488287759,38.88072136,33.40194061,21.22905028,1541.6365,14.834334,444.636474609375,-2.165665626525879
19087,IA,Henry County,20253,2187.0,0.108,1902.0,25.0,9593.0,9309.0,284.0,3.0,63702.0,1184.0,4631.0,4899.0,3116.0,8.56109906,33.48517715,35.42299349,22.5307303,2153.9827,21.42636,251.982666015625,-3.573640823364258
19089,IA,Howard County,9509,856.0,0.09,627.0,13.0,5242.0,5074.0,168.0,3.2,66979.0,521.0,2607.0,2037.0,1189.0,8.199559333,41.0292729,32.0585458,18.71262197,788.9261,10.809156,161.92608642578125,-2.1908435821533203
19091,IA,Humboldt County,9521,735.0,0.0772,915.0,8.0,4927.0,4803.0,124.0,2.5,71521.0,427.0,2357.0,2584.0,1281.0,6.422018349,35.44893969,38.86298692,19.26605505,855.8642,8.114678,-59.13580322265625,0.11467838287353516
19093,IA,Ida County,6905,650.0,0.0941,636.0,9.0,3972.0,3881.0,91.0,2.3,67696.0,313.0,1800.0,1627.0,976.0,6.636980492,38.16793893,34.49957591,20.69550466,834.89294,8.670719,198.8929443359375,-0.3292808532714844
19095,IA,Iowa County,16497,1194.0,0.0724,1664.0,17.0,9787.0,9535.0,252.0,2.6,72948.0,610.0,4024.0,4157.0,2814.0,5.256355019,34.67470918,35.82076691,24.24816889,1620.1656,17.435717,-43.8343505859375,0.4357166290283203
19097,IA,Jackson County,19346,1960.0,0.1013,1749.0,21.0,10673.0,10321.0,352.0,3.3,64792.0,850.0,5735.0,4667.0,2530.0,6.167464809,41.61224786,33.86300972,18.35727761,1823.9459,20.07876,74.9459228515625,-0.9212398529052734
19099,IA,Jasper County,37949,3182.0,0.0838,3347.0,31.0,18561.0,17983.0,578.0,3.1,69047.0,1766.0,10629.0,8936.0,5304.0,6.630373569,39.90613854,33.54984044,19.91364746,3457.2485,32.281216,110.24853515625,1.2812156677246094
19101,IA,Jefferson County,15668,2031.0,0.1296,1719.0,14.0,10365.0,10109.0,256.0,2.5,59603.0,543.0,2777.0,3546.0,4897.0,4.616169345,23.60792315,30.14537108,41.63053643,1587.4896,11.686829,-131.5103759765625,-2.31317138671875
19103,IA,Johnson County,156915,22481.0,0.1433,21615.0,54.0,86408.0,84386.0,2022.0,2.3,74909.0,3466.0,14587.0,23878.0,50364.0,3.755349694,15.80475649,25.87139065,54.56850317,21705.385,52.274353,90.384765625,-1.72564697265625
19105,IA,Jones County,20949,2076.0,0.0991,1919.0,14.0,10385.0,10044.0,341.0,3.3,70671.0,842.0,5911.0,5157.0,3118.0,5.602874634,39.33324461,34.31594357,20.74793718,2049.7874,18.554352,130.787353515625,4.554351806640625
19107,IA,Keokuk County,9883,1155.0,0.1169,795.0,12.0,5192.0,5031.0,161.0,3.1,65653.0,397.0,3089.0,2381.0,1108.0,5.691756272,44.28673835,34.13620072,15.88530466,837.1417,12.833413,42.1417236328125,0.8334131240844727
19109,IA,Kossuth County,14465,1236.0,0.0854,1066.0,15.0,8289.0,8093.0,196.0,2.4,65510.0,552.0,3439.0,4090.0,2300.0,5.317406801,33.12782969,39.39890184,22.15586167,1522.9678,12.570008,456.9677734375,-2.4299917221069336
19111,IA,Lee County,32829,4255.0,0.1296,2632.0,39.0,14890.0,14193.0,697.0,4.7,59017.0,1386.0,8924.0,8440.0,4996.0,5.836772509,37.58106628,35.54282827,21.03933294,2996.1074,40.750885,364.107421875,1.750885009765625
19113,IA,Linn County,228940,20251.0,0.0885,26207.0,201.0,120784.0,116971.0,3813.0,3.2,74134.0,7392.0,40829.0,53839.0,54553.0,4.719914694,26.06999419,34.37709513,34.83299598,26373.922,196.32867,166.921875,-4.67132568359375
19115,IA,Louisa County,10617,1149.0,0.1082,909.0,11.0,5901.0,5713.0,188.0,3.2,70953.0,930.0,2958.0,2380.0,1235.0,12.39504198,39.42423031,31.72064508,16.46008263,1091.7139,11.076903,182.7138671875,0.0769033432006836
19117,IA,Lucas County,8702,1391.0,0.1598,753.0,4.0,4630.0,4527.0,103.0,2.2,60245.0,455.0,2886.0,1875.0,883.0,7.460239384,47.31923266,30.74274471,14.47778324,821.43097,5.8772087,68.43096923828125,1.8772087097167969
19119,IA,Lyon County,12177,802.0,0.0659,880.0,11.0,7078.0,6946.0,132.0,1.9,74061.0,356.0,3161.0,2610.0,1606.0,4.603646709,40.87676193,33.7514548,20.76813656,1120.9355,12.486247,240.935546875,1.4862470626831055
19121,IA,Madison County,17040,1132.0,0.0664,1061.0,20.0,8767.0,8486.0,281.0,3.2,80887.0,537.0,3846.0,4121.0,2910.0,4.704748554,33.69546171,36.1047836,25.49500613,1462.645,17.70252,401.64501953125,-2.2974796295166016
19123,IA,Mahaska County,21971,2192.0,0.0998,1644.0,24.0,12327.0,12020.0,307.0,2.5,68759.0,873.0,5663.0,4723.0,3363.0,5.970455478,38.729312,32.30064287,22.99958966,1950.5062,20.05665,306.5062255859375,-3.943349838256836
19125,IA,Marion County,33630,2597.0,0.0772,2638.0,27.0,19129.0,18720.0,409.0,2.1,73451.0,1211.0,7305.0,6441.0,7389.0,5.419314419,32.69041439,28.8239506,33.06632059,3162.003,27.388435,524.0029296875,0.38843536376953125
19127,IA,Marshall County,39821,4283.0,0.1076,3967.0,33.0,17356.0,16420.0,936.0,5.4,69818.0,3440.0,9162.0,8231.0,5688.0,12.97085329,34.54620866,31.03578296,21.44715508,4242.075,33.827885,275.0751953125,0.8278846740722656
19129,IA,Mills County,14535,1283.0,0.0883,1448.0,16.0,7091.0,6922.0,169.0,2.4,75835.0,447.0,2796.0,3699.0,3274.0,4.375489428,27.3688332,36.20790916,32.04776821,1242.4825,12.60616,-205.5174560546875,-3.3938398361206055
19131,IA,Mitchell County,10544,1186.0,0.1125,794.0,3.0,5858.0,5733.0,125.0,2.1,65132.0,512.0,2461.0,2618.0,1643.0,7.077688692,34.019906,36.19021288,22.71219242,1127.7871,7.618513,333.787109375,4.618513107299805
19133,IA,Monona County,8506,941.0,0.1106,697.0,12.0,4432.0,4302.0,130.0,2.9,60237.0,394.0,2424.0,2180.0,1153.0,6.405462526,39.4082263,35.44139164,18.74491953,973.5033,9.882083,276.5032958984375,-2.117917060852051
19135,IA,Monroe County,7530,729.0,0.0968,615.0,9.0,4067.0,3951.0,116.0,2.9,66176.0,282.0,2151.0,1735.0,1041.0,5.413707045,41.29391438,33.30773661,19.98464197,761.3946,9.275722,146.39459228515625,0.27572154998779297
19137,IA,Montgomery County,10210,1119.0,0.1096,827.0,10.0,4995.0,4869.0,126.0,2.5,58895.0,533.0,2569.0,2775.0,1354.0,7.37104135,35.52758955,38.37643479,18.72493431,900.5209,9.608462,73.5208740234375,-0.3915376663208008
19139,IA,Muscatine County,42395,5116.0,0.1207,3835.0,21.0,20985.0,20341.0,644.0,3.1,69096.0,2747.0,10147.0,9413.0,6556.0,9.517375186,35.15573572,32.61268752,22.71420157,4564.2495,32.35215,729.24951171875,11.352149963378906
19141,IA,O'Brien County,14085,1186.0,0.0842,1142.0,6.0,8152.0,7971.0,181.0,2.2,67470.0,937.0,3436.0,3108.0,2167.0,9.71185738,35.61359867,32.21393035,22.4606136,1509.0522,9.7041,367.05224609375,3.704099655151367
19143,IA,Osceola County,6072,646.0,0.1064,413.0,4.0,3610.0,3544.0,66.0,1.8,64993.0,621.0,1560.0,1463.0,661.0,14.42508711,36.2369338,33.98373984,15.35423926,470.4099,6.8801646,57.409912109375,2.880164623260498
19145,IA,Page County,15176,1738.0,0.1145,893.0,13.0,6459.0,6296.0,163.0,2.5,60567.0,771.0,4730.0,3680.0,2127.0,6.818181818,41.82879377,32.54333215,18.80969225,1220.6547,13.660491,327.6546630859375,0.6604909896850586
19147,IA,Palo Alto County,8790,950.0,0.1081,723.0,8.0,4512.0,4395.0,117.0,2.6,65438.0,370.0,1961.0,2500.0,1248.0,6.086527389,32.25859516,41.12518506,20.52969238,849.592,7.762497,126.59197998046875,-0.2375030517578125
19149,IA,Plymouth County,25722,1680.0,0.0653,1778.0,20.0,14787.0,14468.0,319.0,2.2,79431.0,1014.0,6338.0,5934.0,4168.0,5.809556549,36.3125931,33.99793744,23.87991291,1835.4327,18.397982,57.4327392578125,-1.6020183563232422
19151,IA,Pocahontas County,7073,760.0,0.1075,600.0,4.0,4233.0,4139.0,94.0,2.2,61927.0,419.0,1758.0,1792.0,910.0,8.587825374,36.03197377,36.72883788,18.65136298,811.88983,7.215,211.88983154296875,3.2150001525878906
19153,IA,Polk County,501184,50460.0,0.1007,55849.0,332.0,276399.0,268724.0,7675.0,2.8,77369.0,24895.0,80479.0,95087.0,131129.0,7.507765614,24.27063542,28.67607588,39.54552309,56648.367,346.10132,799.3671875,14.101318359375
19155,IA,Pottawattamie County,93065,10637.0,0.1143,9910.0,98.0,47609.0,46252.0,1357.0,2.9,68712.0,5715.0,21641.0,21427.0,15019.0,8.957399455,33.9189994,33.58358672,23.54001442,10196.63,93.919426,286.6298828125,-4.080574035644531
19157,IA,Poweshiek County,18518,1498.0,0.0809,1826.0,18.0,10239.0,9949.0,290.0,2.8,69566.0,653.0,4757.0,3342.0,3431.0,5.359927768,39.04621193,27.43166708,28.16219322,1770.4352,17.904896,-55.5648193359375,-0.09510421752929688
19159,IA,Ringgold County,4688,601.0,0.1282,433.0,8.0,2365.0,2310.0,55.0,2.3,60061.0,212.0,1130.0,1076.0,816.0,6.555349412,34.94124923,33.27149041,25.23191095,422.86188,5.7084484,-10.13812255859375,-2.2915515899658203
19161,IA,Sac County,9689,902.0,0.0931,949.0,14.0,5277.0,5145.0,132.0,2.5,72499.0,541.0,2289.0,2620.0,1465.0,7.823571945,33.10195228,37.88864787,21.18582791,907.33075,13.619459,-41.66925048828125,-0.3805408477783203
19163,IA,Scott County,173751,20116.0,0.1158,17148.0,121.0,88315.0,85390.0,2925.0,3.3,68576.0,6947.0,30609.0,38257.0,43067.0,5.843707941,25.74781292,32.18119112,36.22728802,17381.99,123.19515,233.990234375,2.1951522827148438
19165,IA,Shelby County,11711,1007.0,0.086,927.0,11.0,6441.0,6293.0,148.0,2.3,71628.0,388.0,3025.0,2916.0,1925.0,4.700751151,36.6488975,35.32832566,23.32202568,1359.9459,10.233282,432.9459228515625,-0.7667179107666016
19167,IA,Sioux County,36127,2695.0,0.0746,2247.0,17.0,22783.0,22353.0,430.0,1.9,75994.0,2002.0,5888.0,6966.0,6485.0,9.381003702,27.59008481,32.6413945,30.38751699,2838.0461,16.164768,591.046142578125,-0.8352317810058594
19169,IA,Story County,98257,14563.0,0.1482,8036.0,37.0,59305.0,58067.0,1238.0,2.1,68720.0,1526.0,8315.0,14668.0,28015.0,2.905338512,15.83085827,27.92628132,53.33752189,12489.314,27.62509,4453.314453125,-9.374910354614258
19171,IA,Tama County,16943,2243.0,0.1324,1492.0,17.0,9181.0,8872.0,309.0,3.4,66295.0,997.0,4711.0,3723.0,2270.0,8.520639262,40.26151611,31.81779335,19.40005128,1427.9288,17.204393,-64.0711669921875,0.2043933868408203
19173,IA,Taylor County,5875,719.0,0.1224,430.0,4.0,3137.0,3073.0,64.0,2.0,56021.0,327.0,1698.0,1451.0,637.0,7.950401167,41.2837345,35.27838561,15.48747873,626.11725,7.312029,196.11724853515625,3.3120288848876953
19175,IA,Union County,11903,1501.0,0.1261,923.0,10.0,6067.0,5895.0,172.0,2.8,55812.0,566.0,2764.0,2842.0,1960.0,6.960157403,33.98917855,34.94835219,24.10231185,1109.5146,13.72636,186.5146484375,3.726360321044922
19177,IA,Van Buren County,7252,928.0,0.128,587.0,4.0,3706.0,3599.0,107.0,2.9,64550.0,544.0,1860.0,1680.0,981.0,10.74037512,36.72260612,33.16880553,19.36821323,746.0077,7.699378,159.0076904296875,3.69937801361084
19179,IA,Wapello County,35081,5473.0,0.156,3092.0,63.0,16876.0,16311.0,565.0,3.3,61555.0,2956.0,9142.0,7251.0,4665.0,12.30948613,38.06945948,30.19488632,19.42616807,4343.16,32.061222,1251.16015625,-30.938777923583984
19181,IA,Warren County,54303,3305.0,0.0609,4957.0,38.0,29315.0,28579.0,736.0,2.5,90943.0,1167.0,10302.0,12451.0,11614.0,3.284178533,28.99195137,35.03968031,32.68418979,5052.335,39.624798,95.3349609375,1.6247978210449219
19183,IA,Washington County,22542,2188.0,0.0971,2341.0,19.0,11710.0,11398.0,312.0,2.7,70539.0,1033.0,5481.0,4975.0,3809.0,6.752516669,35.82821284,32.52059093,24.89867957,2427.6116,21.83735,86.611572265625,2.837350845336914
19185,IA,Wayne County,6490,921.0,0.1419,520.0,8.0,2915.0,2838.0,77.0,2.6,58000.0,505.0,1724.0,1440.0,701.0,11.55606407,39.45080092,32.95194508,16.04118993,580.3313,9.7008915,60.331298828125,1.7008914947509766
19187,IA,Webster County,36652,4197.0,0.1145,3832.0,53.0,18741.0,18162.0,579.0,3.1,67110.0,1907.0,8092.0,9742.0,5094.0,7.678679283,32.58304812,39.22689752,20.51137508,4021.63,47.899597,189.6298828125,-5.10040283203125
19189,IA,Winnebago County,10639,1015.0,0.0954,993.0,6.0,5011.0,4872.0,139.0,2.8,66776.0,383.0,2214.0,2812.0,1814.0,5.302505884,30.65208362,38.93119203,25.11421847,987.95544,8.416193,-5.0445556640625,2.4161930084228516
19191,IA,Winneshiek County,19902,1777.0,0.0893,1411.0,10.0,11453.0,11086.0,367.0,3.2,72032.0,616.0,4260.0,4306.0,4227.0,4.59392945,31.76970691,32.11276009,31.52360355,1894.2056,10.649705,483.20556640625,0.6497049331665039
19193,IA,Woodbury County,105558,13386.0,0.1268,10699.0,71.0,55989.0,54405.0,1584.0,2.8,66830.0,8707.0,21980.0,21030.0,15797.0,12.89658441,32.55621056,31.149095,23.39811002,10791.145,72.84371,92.14453125,1.8437118530273438
19195,IA,Worth County,7311,702.0,0.096,686.0,7.0,3999.0,3889.0,110.0,2.8,71329.0,310.0,1876.0,2100.0,1076.0,5.781424841,34.98694517,39.16449086,20.06713913,819.3275,7.096017,133.3275146484375,0.09601688385009766
19197,IA,Wright County,12695,1405.0,0.1107,1064.0,16.0,6564.0,6390.0,174.0,2.7,67291.0,627.0,3025.0,2921.0,2020.0,7.296636797,35.20307227,33.99278482,23.50750611,1533.4103,13.961418,469.4102783203125,-2.0385818481445312
20001,KS,Allen County,12489,1904.0,0.1525,2330.0,38.0,6306.0,6127.0,179.0,2.8,50995.0,553.0,3022.0,3157.0,1819.0,6.467079874,35.3408958,36.91965852,21.27236581,1408.4175,15.936407,-921.58251953125,-22.0635929107666
20003,KS,Anderson County,7798,1042.0,0.1336,1126.0,17.0,4358.0,4260.0,98.0,2.2,59683.0,548.0,2318.0,1517.0,823.0,10.52631579,44.52554745,29.13945448,15.80868229,1055.8069,12.99095,-70.193115234375,-4.009050369262695
20005,KS,Atchison County,16053,2127.0,0.1325,1971.0,17.0,6789.0,6555.0,234.0,3.4,59085.0,567.0,4053.0,3051.0,2281.0,5.697347267,40.72548232,30.65715434,22.92001608,1661.6115,16.477552,-309.3885498046875,-0.5224475860595703
20007,KS,Barber County,4124,489.0,0.1186,520.0,8.0,2281.0,2235.0,46.0,2.0,59845.0,169.0,911.0,978.0,766.0,5.984419263,32.2592068,34.63172805,27.12464589,433.79138,5.4396067,-86.2086181640625,-2.5603933334350586
20009,KS,Barton County,25058,3430.0,0.1369,2821.0,52.0,13116.0,12775.0,341.0,2.6,56711.0,1674.0,4843.0,6935.0,3722.0,9.747292419,28.19960405,40.3808082,21.67229533,2845.934,43.130474,24.93408203125,-8.869525909423828
20011,KS,Bourbon County,14443,2670.0,0.1849,2491.0,19.0,6255.0,6039.0,216.0,3.5,44954.0,849.0,2959.0,3334.0,2294.0,8.997456549,31.35862654,35.33276812,24.31114879,1290.7888,11.473285,-1200.211181640625,-7.526715278625488
20013,KS,Brown County,9373,1331.0,0.142,1085.0,9.0,5059.0,4941.0,118.0,2.3,56391.0,321.0,2517.0,2452.0,1185.0,4.957528958,38.87258687,37.86872587,18.3011583,876.4806,11.139061,-208.5194091796875,2.1390609741210938
20015,KS,Butler County,68289,5131.0,0.0751,9200.0,85.0,32661.0,31763.0,898.0,2.7,80214.0,2677.0,12672.0,15001.0,14660.0,5.947567207,28.15374361,33.3281493,32.57053988,7660.584,52.104347,-1539.416015625,-32.895652770996094
20017,KS,Chase County,2568,268.0,0.1044,317.0,3.0,1396.0,1366.0,30.0,2.1,58580.0,139.0,606.0,579.0,548.0,7.425213675,32.37179487,30.92948718,29.27350427,288.33707,4.3443847,-28.662933349609375,1.3443846702575684
20019,KS,Chautauqua County,3387,574.0,0.1695,338.0,7.0,1424.0,1384.0,40.0,2.8,49457.0,256.0,933.0,778.0,442.0,10.62681611,38.72976339,32.29555832,18.34786218,395.47836,6.783397,57.478363037109375,-0.21660280227661133
20021,KS,Cherokee County,19025,3047.0,0.1602,3181.0,18.0,9905.0,9650.0,255.0,2.6,54965.0,1216.0,4592.0,4864.0,2688.0,9.101796407,34.37125749,36.40718563,20.11976048,2692.763,19.42874,-488.237060546875,1.4287395477294922
20023,KS,Cheyenne County,2618,331.0,0.1264,211.0,2.0,1259.0,1229.0,30.0,2.4,56500.0,226.0,556.0,676.0,402.0,12.15053763,29.89247312,36.34408602,21.61290323,233.76974,4.0166454,22.769744873046875,2.0166454315185547
20025,KS,Clark County,1939,241.0,0.1243,188.0,1.0,1109.0,1088.0,21.0,1.9,58914.0,105.0,367.0,487.0,430.0,7.559395248,26.42188625,35.0611951,30.9575234,202.98656,2.695747,14.986557006835938,1.695746898651123
20027,KS,Clay County,8041,965.0,0.12,980.0,12.0,3735.0,3639.0,96.0,2.6,59021.0,387.0,2003.0,1978.0,1331.0,6.790665029,35.14651693,34.70784348,23.35497456,817.22906,8.611206,-162.77093505859375,-3.3887939453125
20029,KS,Cloud County,8934,1104.0,0.1236,786.0,16.0,3810.0,3709.0,101.0,2.7,52483.0,249.0,1839.0,2526.0,1332.0,4.187689203,30.9283552,42.48234107,22.40161453,744.0567,11.218536,-41.94329833984375,-4.781463623046875
20031,KS,Coffey County,8252,785.0,0.0951,1136.0,14.0,3792.0,3663.0,129.0,3.4,69100.0,462.0,1924.0,2281.0,1257.0,7.798784605,32.47805537,38.50438893,21.2187711,748.6987,11.079919,-387.30126953125,-2.92008113861084
20033,KS,Comanche County,1690,193.0,0.1142,183.0,5.0,868.0,849.0,19.0,2.2,53657.0,61.0,389.0,569.0,242.0,4.837430611,30.84853291,45.12291832,19.19111816,110.099335,3.3864868,-72.90066528320312,-1.6135132312774658
20035,KS,Cowley County,34423,5203.0,0.1511,5306.0,39.0,16415.0,15935.0,480.0,2.9,56416.0,1913.0,7043.0,8265.0,5515.0,8.413969036,30.97730471,36.35204082,24.25668543,5007.6177,37.485474,-298.38232421875,-1.5145263671875
20037,KS,Crawford County,39145,6656.0,0.17,6917.0,29.0,19116.0,18569.0,547.0,2.9,51835.0,1353.0,6742.0,7838.0,7489.0,5.776620272,28.78490308,33.46426437,31.97421228,6489.6416,28.332651,-427.3583984375,-0.6673488616943359
20039,KS,Decatur County,2689,379.0,0.1409,250.0,5.0,1189.0,1156.0,33.0,2.8,51152.0,127.0,641.0,800.0,604.0,5.847145488,29.51197053,36.83241252,27.80847145,386.0707,5.089802,136.07070922851562,0.08980178833007812
20041,KS,Dickinson County,18355,1840.0,0.1002,2276.0,31.0,8669.0,8431.0,238.0,2.7,63136.0,989.0,4156.0,5036.0,2860.0,7.58377425,31.86872172,38.6166705,21.93083353,1998.395,28.377655,-277.60498046875,-2.622344970703125
20043,KS,Doniphan County,7475,747.0,0.0999,1028.0,10.0,4023.0,3921.0,102.0,2.5,64608.0,352.0,1754.0,1798.0,1069.0,7.078222401,35.27046049,36.15523829,21.49607883,824.0123,7.464757,-203.9876708984375,-2.535243034362793
20045,KS,Douglas County,120007,16828.0,0.1402,18420.0,56.0,65477.0,63789.0,1688.0,2.6,67482.0,2912.0,13769.0,17276.0,36832.0,4.113633474,19.45076212,24.40492167,52.03068273,18252.48,56.067516,-167.51953125,0.06751632690429688
20047,KS,Edwards County,2760,328.0,0.1188,187.0,11.0,1390.0,1359.0,31.0,2.2,55777.0,245.0,653.0,681.0,412.0,12.30537418,32.79758915,34.20391763,20.69311904,233.76974,5.7221346,46.769744873046875,-5.277865409851074
20049,KS,Elk County,2448,410.0,0.1675,290.0,7.0,1176.0,1145.0,31.0,2.6,47094.0,143.0,675.0,606.0,369.0,7.975460123,37.64640268,33.79810374,20.58003346,275.42325,4.457598,-14.576751708984375,-2.5424017906188965
20051,KS,Ellis County,28840,3711.0,0.1287,3091.0,13.0,17065.0,16733.0,332.0,1.9,61675.0,816.0,4769.0,4868.0,6838.0,4.71921809,27.58082239,28.15337459,39.54658493,2931.6697,14.939974,-159.330322265625,1.9399738311767578
20053,KS,Ellsworth County,6383,617.0,0.0967,804.0,2.0,2630.0,2570.0,60.0,2.3,63636.0,341.0,1654.0,1846.0,1087.0,6.919642857,33.56331169,37.45941558,22.05762987,510.65613,7.5908794,-293.3438720703125,5.590879440307617
20055,KS,Finney County,37639,4439.0,0.1179,4514.0,26.0,20521.0,20102.0,419.0,2.0,69966.0,6494.0,5158.0,6414.0,4442.0,28.85196375,22.91629643,28.49653457,19.73520526,4232.2583,25.986616,-281.74169921875,-0.013383865356445312
20057,KS,Ford County,33924,3856.0,0.1137,4146.0,22.0,17849.0,17482.0,367.0,2.1,67714.0,4636.0,5626.0,5688.0,4167.0,23.04518566,27.96639658,28.27459363,20.71382413,4019.5896,25.775072,-126.410400390625,3.7750720977783203
20059,KS,Franklin County,25959,2536.0,0.0977,3274.0,33.0,14824.0,14465.0,359.0,2.4,67263.0,1371.0,6200.0,5609.0,4463.0,7.770787281,35.14141586,31.79164541,25.29615145,2608.4482,24.787481,-665.5517578125,-8.212518692016602
20061,KS,Geary County,35529,4576.0,0.1288,5768.0,26.0,11342.0,10921.0,421.0,3.7,60026.0,1290.0,5006.0,8516.0,4775.0,6.586000919,25.55776791,43.47781692,24.37841425,5155.963,28.16069,-612.037109375,2.1606903076171875
20063,KS,Gove County,2742,297.0,0.1083,293.0,3.0,1370.0,1341.0,29.0,2.1,64037.0,105.0,717.0,672.0,396.0,5.555555556,37.93650794,35.55555556,20.95238095,198.57167,3.0384233,-94.42832946777344,0.03842329978942871
20065,KS,Graham County,2397,315.0,0.1314,356.0,6.0,1191.0,1164.0,27.0,2.3,53233.0,81.0,534.0,655.0,479.0,4.631217839,30.53173242,37.44997141,27.38707833,286.70627,3.745138,-69.29373168945312,-2.254862070083618
20067,KS,Grant County,7250,796.0,0.1098,1152.0,7.0,2806.0,2726.0,80.0,2.9,66022.0,820.0,1320.0,1093.0,1111.0,18.87661142,30.38674033,25.1611418,25.57550645,740.772,6.92239,-411.22802734375,-0.07761001586914062
20069,KS,Gray County,5711,466.0,0.0816,412.0,0.0,3174.0,3113.0,61.0,1.9,77761.0,797.0,854.0,1040.0,894.0,22.23152022,23.82147838,29.0097629,24.93723849,406.95377,2.3067384,-5.046234130859375,2.3067383766174316
20071,KS,Greeley County,1232,123.0,0.0998,155.0,7.0,789.0,777.0,12.0,1.5,72300.0,86.0,185.0,281.0,278.0,10.36144578,22.28915663,33.85542169,33.4939759,315.16922,7.1124377,160.16921997070312,0.11243772506713867
20073,KS,Greenwood County,5908,903.0,0.1528,945.0,13.0,3040.0,2968.0,72.0,2.4,52145.0,327.0,1613.0,1576.0,824.0,7.534562212,37.16589862,36.31336406,18.98617512,598.8195,10.65003,-346.18048095703125,-2.3499698638916016
20075,KS,Hamilton County,2452,315.0,0.1285,191.0,2.0,1630.0,1603.0,27.0,1.7,63442.0,215.0,555.0,432.0,316.0,14.16337286,36.56126482,28.45849802,20.8168643,232.457,4.739801,41.457000732421875,2.7398009300231934
20077,KS,Harper County,5400,722.0,0.1337,595.0,4.0,2782.0,2724.0,58.0,2.1,52893.0,378.0,1372.0,1131.0,797.0,10.27732463,37.302882,30.75040783,21.66938554,635.90814,9.885751,40.90814208984375,5.885750770568848
20079,KS,Harvey County,33671,2943.0,0.0874,5200.0,28.0,17066.0,16638.0,428.0,2.5,73854.0,1857.0,5734.0,7978.0,7156.0,8.171617162,25.23212321,35.10671067,31.48954895,4596.3545,26.449474,-603.6455078125,-1.5505256652832031
20081,KS,Haskell County,3595,348.0,0.0968,389.0,5.0,2167.0,2126.0,41.0,1.9,69971.0,588.0,558.0,671.0,519.0,25.17123288,23.8869863,28.72431507,22.21746575,497.39145,5.317068,108.39144897460938,0.31706809997558594
20083,KS,Hodgeman County,1697,158.0,0.0931,195.0,5.0,1021.0,1000.0,21.0,2.1,67478.0,54.0,344.0,429.0,328.0,4.675324675,29.78354978,37.14285714,28.3982684,218.99657,2.5643904,23.996566772460938,-2.4356095790863037
20085,KS,Jackson County,13292,1145.0,0.0861,1918.0,16.0,7280.0,7111.0,169.0,2.3,70445.0,541.0,3449.0,3113.0,1891.0,6.015121192,38.34778741,34.61196353,21.02512786,1350.3848,15.73681,-567.615234375,-0.26319026947021484
20087,KS,Jefferson County,18354,1465.0,0.0798,2373.0,17.0,10373.0,10098.0,275.0,2.7,75774.0,629.0,4646.0,4583.0,3210.0,4.813284359,35.55249464,35.07040098,24.56382002,1885.3286,13.9415,-487.67138671875,-3.058500289916992
20089,KS,Jewell County,2885,348.0,0.1206,309.0,5.0,1194.0,1164.0,30.0,2.5,56144.0,137.0,787.0,866.0,415.0,6.213151927,35.69160998,39.27437642,18.82086168,292.26007,4.471152,-16.73992919921875,-0.5288481712341309
20091,KS,Johnson County,619091,33349.0,0.0539,81630.0,325.0,349354.0,341423.0,7931.0,2.3,99174.0,14802.0,59270.0,106801.0,238544.0,3.529184559,14.13152066,25.4641562,56.87513859,81598.17,325.7802,-31.828125,0.78021240234375
20093,KS,Kearny County,3865,387.0,0.1001,371.0,4.0,2004.0,1966.0,38.0,1.9,75773.0,358.0,967.0,756.0,357.0,14.68416735,39.66365874,31.00902379,14.64315012,320.18195,6.2722692,-50.81805419921875,2.2722692489624023
20095,KS,Kingman County,7174,820.0,0.1143,817.0,54.0,3267.0,3188.0,79.0,2.4,65597.0,479.0,1479.0,1939.0,1219.0,9.362783425,28.90930414,37.90070367,23.82720876,702.4252,35.50024,-114.5748291015625,-18.499759674072266
20097,KS,Kiowa County,2405,285.0,0.1185,288.0,6.0,1207.0,1181.0,26.0,2.2,61700.0,178.0,461.0,563.0,458.0,10.72289157,27.77108434,33.91566265,27.59036145,196.92165,3.3158336,-91.07835388183594,-2.684166431427002
20099,KS,Labette County,19702,2969.0,0.1507,3381.0,21.0,9441.0,9157.0,284.0,3.0,52318.0,1391.0,4326.0,5049.0,2874.0,10.19794721,31.71554252,37.01612903,21.07038123,3297.0615,25.80399,-83.9384765625,4.803989410400391
20101,KS,Lane County,1544,163.0,0.1056,142.0,2.0,725.0,704.0,21.0,2.9,64934.0,53.0,235.0,517.0,263.0,4.962546816,22.00374532,48.4082397,24.62546816,196.37027,2.6963062,54.370269775390625,0.6963062286376953
20103,KS,Leavenworth County,82922,7294.0,0.088,11410.0,60.0,37437.0,36362.0,1075.0,2.9,79117.0,3700.0,15065.0,16767.0,20525.0,6.600424568,26.87443138,29.91062668,36.61451737,10551.258,62.99715,-858.7421875,2.997150421142578
20105,KS,Lincoln County,2911,322.0,0.1106,277.0,5.0,1683.0,1644.0,39.0,2.3,58049.0,80.0,577.0,990.0,452.0,3.811338733,27.48928061,47.16531682,21.53406384,446.3208,4.9840164,169.32080078125,-0.01598358154296875
20107,KS,Linn County,9777,1246.0,0.1274,1446.0,17.0,4370.0,4201.0,169.0,3.9,59651.0,406.0,2556.0,2395.0,1554.0,5.874692519,36.98451744,34.65489799,22.48589206,812.9857,12.071098,-633.0142822265625,-4.928901672363281
20109,KS,Logan County,2703,262.0,0.0969,394.0,4.0,1624.0,1595.0,29.0,1.8,63204.0,149.0,565.0,692.0,511.0,7.772561294,29.47313511,36.0980699,26.6562337,284.83997,3.2181818,-109.1600341796875,-0.781818151473999
20111,KS,Lyon County,32031,4935.0,0.1541,5163.0,31.0,17072.0,16647.0,425.0,2.5,55863.0,2106.0,6494.0,5461.0,5391.0,10.82665022,33.38474193,28.07423401,27.71437384,3122.0771,37.737965,-2040.9228515625,6.737964630126953
20113,KS,McPherson County,30063,2860.0,0.0951,3746.0,39.0,17407.0,17078.0,329.0,1.9,73766.0,1537.0,4837.0,7031.0,6628.0,7.672340638,24.14516049,35.0970898,33.08540908,2865.8872,20.527967,-880.11279296875,-18.47203254699707
20115,KS,Marion County,11783,1141.0,0.0968,1705.0,17.0,5978.0,5835.0,143.0,2.4,64337.0,617.0,2511.0,2587.0,2308.0,7.690390128,31.29751963,32.24479621,28.76729403,1340.6177,13.186004,-364.38232421875,-3.8139963150024414
20117,KS,Marshall County,9992,1045.0,0.1046,947.0,12.0,5330.0,5226.0,104.0,2.0,58942.0,626.0,2693.0,2297.0,1307.0,9.042322692,38.8993211,33.17925755,18.87909866,942.28357,12.050358,-4.7164306640625,0.050357818603515625
20119,KS,Meade County,3913,378.0,0.0966,518.0,9.0,2123.0,2083.0,40.0,1.9,68038.0,391.0,628.0,947.0,579.0,15.36345776,24.67583497,37.21021611,22.75049116,588.37286,9.744158,70.37286376953125,0.7441577911376953
20121,KS,Miami County,34791,2377.0,0.0683,4017.0,31.0,18029.0,17574.0,455.0,2.5,82606.0,1237.0,7452.0,7344.0,7596.0,5.235092471,31.53751746,31.08045199,32.14693808,3908.292,30.985788,-108.7080078125,-0.014211654663085938
20123,KS,Mitchell County,5730,680.0,0.1187,804.0,9.0,3358.0,3293.0,65.0,1.9,63929.0,221.0,1029.0,1685.0,1001.0,5.614837398,26.14329268,42.80995935,25.43191057,754.1767,7.682696,-49.82330322265625,-1.3173041343688965
20125,KS,Montgomery County,30853,4559.0,0.1478,4654.0,52.0,14585.0,14141.0,444.0,3.0,54955.0,2122.0,6616.0,7752.0,4465.0,10.12646147,31.57241708,36.99355762,21.30756383,4614.581,46.93299,-39.4189453125,-5.067008972167969
20127,KS,Morris County,5400,555.0,0.1028,761.0,8.0,3007.0,2938.0,69.0,2.3,60741.0,284.0,1408.0,1211.0,1091.0,7.110665999,35.25287932,30.32048072,27.31597396,603.0521,7.925378,-157.9478759765625,-0.07462215423583984
20129,KS,Morton County,2601,311.0,0.1196,225.0,1.0,1130.0,1101.0,29.0,2.6,62896.0,247.0,759.0,543.0,308.0,13.30102316,40.8723748,29.24071082,16.58589122,312.3703,3.8241398,87.37030029296875,2.8241398334503174
20131,KS,Nemaha County,10164,869.0,0.0855,1280.0,6.0,5625.0,5523.0,102.0,1.8,72719.0,419.0,2392.0,1820.0,1997.0,6.321665661,36.08931804,27.45926373,30.12975256,883.62354,7.1239486,-396.37646484375,1.123948574066162
20133,KS,Neosho County,15583,2360.0,0.1514,2627.0,22.0,6070.0,5855.0,215.0,3.5,49322.0,801.0,3149.0,4215.0,2277.0,7.670944264,30.15705803,40.3658303,21.8061674,1900.4614,20.645947,-726.53857421875,-1.3540534973144531
20135,KS,Ness County,2657,289.0,0.1088,293.0,2.0,1324.0,1296.0,28.0,2.1,61539.0,155.0,649.0,608.0,422.0,8.451472192,35.38713195,33.15158124,23.00981461,201.08575,3.0184743,-91.91424560546875,1.0184743404388428
20137,KS,Norton County,5325,699.0,0.1313,746.0,3.0,2613.0,2564.0,49.0,1.9,56604.0,305.0,1358.0,1522.0,768.0,7.715658993,34.35365545,38.50240324,19.42828232,573.67426,10.577376,-172.32574462890625,7.577376365661621
20139,KS,Osage County,15705,1743.0,0.111,2106.0,26.0,8025.0,7803.0,222.0,2.8,62995.0,841.0,4365.0,3489.0,2311.0,7.641286571,39.66018535,31.70089042,20.99763765,2155.7363,22.650349,49.736328125,-3.349651336669922
20141,KS,Osborne County,3481,467.0,0.1342,420.0,5.0,1899.0,1860.0,39.0,2.1,53971.0,119.0,755.0,1053.0,577.0,4.752396166,30.15175719,42.05271565,23.04313099,339.08127,6.5226827,-80.91873168945312,1.5226826667785645
20143,KS,Ottawa County,5806,573.0,0.0987,528.0,9.0,3009.0,2934.0,75.0,2.5,69542.0,211.0,1278.0,1581.0,984.0,5.204736063,31.52442033,38.99851998,24.27232363,402.0985,6.7585797,-125.9014892578125,-2.241420269012451
20145,KS,Pawnee County,6188,789.0,0.1275,897.0,6.0,2712.0,2648.0,64.0,2.4,47939.0,515.0,1397.0,2042.0,914.0,10.57929334,28.69761709,41.94741167,18.7756779,809.37067,8.874148,-87.62933349609375,2.874148368835449
20147,KS,Phillips County,4783,589.0,0.1231,588.0,5.0,2644.0,2585.0,59.0,2.2,58834.0,261.0,1133.0,1257.0,762.0,7.647231175,33.19660123,36.82976853,22.32639906,448.7998,6.8965797,-139.2001953125,1.8965797424316406
20149,KS,Pottawatomie County,26292,1906.0,0.0725,3320.0,23.0,12484.0,12186.0,298.0,2.4,85822.0,607.0,4351.0,5491.0,6017.0,3.686384064,26.42414673,33.34750395,36.54196526,3064.7366,21.430897,-255.263427734375,-1.5691032409667969
20151,KS,Pratt County,9073,876.0,0.0966,753.0,9.0,4888.0,4785.0,103.0,2.1,65812.0,450.0,1753.0,2083.0,1550.0,7.710760795,30.03769705,35.69225497,26.55928718,934.52094,6.6040325,181.52093505859375,-2.395967483520508
20153,KS,Rawlins County,2523,274.0,0.1086,171.0,2.0,1530.0,1502.0,28.0,1.8,59116.0,84.0,509.0,923.0,317.0,4.582651391,27.76868522,50.35460993,17.29405346,137.06964,3.5486624,-33.93035888671875,1.5486624240875244
20155,KS,Reno County,61552,9000.0,0.1462,8395.0,78.0,29161.0,28347.0,814.0,2.8,57663.0,3738.0,13106.0,16848.0,8714.0,8.81479036,30.90600387,39.73022685,20.54897892,8326.027,78.23976,-68.97265625,0.2397613525390625
20157,KS,Republic County,4653,461.0,0.0991,523.0,7.0,2385.0,2335.0,50.0,2.1,53974.0,170.0,1008.0,1275.0,834.0,5.171889261,30.66626103,38.78916946,25.37268026,525.3153,7.105974,2.3153076171875,0.10597419738769531
20159,KS,Rice County,9370,960.0,0.1025,1223.0,19.0,5444.0,5322.0,122.0,2.2,61727.0,430.0,1772.0,2410.0,1478.0,7.060755337,29.09688013,39.57307061,24.26929392,1095.0586,16.316475,-127.94140625,-2.6835250854492188
20161,KS,Riley County,71563,12237.0,0.171,7083.0,39.0,34527.0,33610.0,917.0,2.7,55876.0,1404.0,6189.0,11213.0,17343.0,3.883924867,17.12080555,31.0188387,47.97643088,7179.823,36.763176,96.8232421875,-2.2368240356445312
20163,KS,Rooks County,4810,518.0,0.1077,565.0,5.0,2407.0,2346.0,61.0,2.5,57029.0,279.0,1152.0,1283.0,858.0,7.81075028,32.25083987,35.91825308,24.02015677,437.44794,5.7958145,-127.55206298828125,0.7958145141601562
20165,KS,Rush County,2941,416.0,0.1414,312.0,11.0,1616.0,1581.0,35.0,2.2,56629.0,183.0,652.0,832.0,457.0,8.615819209,30.69679849,39.17137476,21.51600753,234.33876,7.7563205,-77.66123962402344,-3.2436795234680176
20167,KS,Russell County,6733,946.0,0.1405,656.0,8.0,3295.0,3221.0,74.0,2.2,48754.0,359.0,1483.0,2092.0,868.0,7.476051645,30.88296543,43.56518117,18.07580175,625.536,10.01917,-30.4639892578125,2.019169807434082
20169,KS,Saline County,53389,6832.0,0.128,6698.0,64.0,30133.0,29412.0,721.0,2.4,57563.0,2600.0,10774.0,12591.0,10650.0,7.100914926,29.425099,34.38754609,29.08643998,6635.4653,61.078133,-62.53466796875,-2.9218673706054688
20171,KS,Scott County,5007,368.0,0.0735,599.0,3.0,2740.0,2690.0,50.0,1.8,71121.0,373.0,808.0,1107.0,1147.0,10.8588064,23.52256186,32.22707424,33.3915575,506.70795,4.9575877,-92.29205322265625,1.957587718963623
20173,KS,Sedgwick County,525368,81103.0,0.1544,71646.0,535.0,255008.0,247091.0,7917.0,3.1,64720.0,36027.0,89039.0,109801.0,108433.0,10.49431984,25.9362074,31.98397903,31.58549374,71659.234,531.1153,13.234375,-3.88470458984375
20175,KS,Seward County,21345,2880.0,0.1349,2511.0,10.0,9805.0,9558.0,247.0,2.5,63579.0,3547.0,3531.0,3965.0,1601.0,28.05283138,27.92628915,31.35874723,12.66213224,2430.113,8.591886,-80.886962890625,-1.4081144332885742
20177,KS,Shawnee County,177537,23618.0,0.133,28310.0,223.0,91821.0,89329.0,2492.0,2.7,61255.0,7955.0,36775.0,37499.0,39293.0,6.546139794,30.26201017,30.85778707,32.33406297,27898.281,217.09166,-411.71875,-5.9083404541015625
20179,KS,Sheridan County,2439,261.0,0.107,277.0,3.0,1448.0,1421.0,27.0,1.9,62918.0,57.0,558.0,631.0,399.0,3.465045593,33.92097264,38.35866261,24.25531915,199.92201,4.498453,-77.07798767089844,1.498453140258789
20181,KS,Sherman County,5876,720.0,0.1225,592.0,7.0,2784.0,2721.0,63.0,2.3,57044.0,314.0,1015.0,1518.0,956.0,8.256639495,26.68945569,39.9158559,25.13804891,674.6835,8.931979,82.6834716796875,1.9319791793823242
20183,KS,Smith County,3572,393.0,0.11,311.0,6.0,1960.0,1921.0,39.0,2.0,52101.0,136.0,1010.0,863.0,654.0,5.107022155,37.92714983,32.40705971,24.55876831,533.8997,6.1085687,222.89971923828125,0.10856866836547852
20185,KS,Stafford County,3971,498.0,0.1254,515.0,7.0,1921.0,1876.0,45.0,2.3,58019.0,203.0,776.0,1049.0,725.0,7.373774065,28.18743189,38.10388667,26.33490737,479.32495,5.424699,-35.675048828125,-1.575301170349121
20187,KS,Stanton County,1967,198.0,0.1007,175.0,6.0,1088.0,1067.0,21.0,1.9,76137.0,308.0,382.0,305.0,309.0,23.6196319,29.29447853,23.38957055,23.69631902,219.46156,5.619921,44.46156311035156,-0.3800787925720215
20189,KS,Stevens County,5166,507.0,0.0981,762.0,10.0,2949.0,2892.0,57.0,1.9,69320.0,854.0,1014.0,862.0,529.0,26.20435716,31.1138386,26.44983124,16.231973,695.34955,7.2294817,-66.65045166015625,-2.7705183029174805
20191,KS,Sumner County,22359,2905.0,0.1299,2520.0,19.0,10742.0,10425.0,317.0,3.0,62921.0,906.0,5099.0,5107.0,4051.0,5.975070896,33.62791004,33.68067005,26.71634901,2169.8943,23.228907,-350.105712890625,4.228906631469727
20193,KS,Thomas County,7908,771.0,0.0975,1106.0,8.0,4234.0,4154.0,80.0,1.9,62916.0,323.0,1034.0,2086.0,1493.0,6.54376013,20.94813614,42.26094003,30.2471637,859.47504,8.146516,-246.52496337890625,0.1465158462524414
20195,KS,Trego County,2746,295.0,0.1074,343.0,4.0,1364.0,1331.0,33.0,2.4,54628.0,76.0,640.0,801.0,612.0,3.569751057,30.06106153,37.62329732,28.74589009,336.78937,3.7151854,-6.21063232421875,-0.28481459617614746
20197,KS,Wabaunsee County,7009,533.0,0.076,719.0,5.0,3733.0,3642.0,91.0,2.4,68435.0,178.0,1766.0,1566.0,1275.0,3.719958203,36.90700104,32.72727273,26.64576803,705.07874,7.864843,-13.9212646484375,2.8648428916931152
20199,KS,Wallace County,1493,197.0,0.1319,138.0,3.0,850.0,833.0,17.0,2.0,62309.0,79.0,313.0,389.0,229.0,7.821782178,30.99009901,38.51485149,22.67326733,148.99866,2.2496657,10.9986572265625,-0.7503342628479004
20201,KS,Washington County,5493,520.0,0.0947,575.0,9.0,3002.0,2944.0,58.0,1.9,63797.0,211.0,1452.0,1266.0,890.0,5.525006546,38.02042419,33.15003928,23.30452998,531.0769,6.853085,-43.923095703125,-2.1469149589538574
20203,KS,Wichita County,2078,225.0,0.1083,238.0,4.0,1120.0,1098.0,22.0,2.0,68225.0,179.0,424.0,586.0,276.0,12.21843003,28.94197952,40.0,18.83959044,290.72833,1.6188589,52.72833251953125,-2.3811410665512085
20205,KS,Wilson County,8554,1158.0,0.1354,1487.0,19.0,3729.0,3613.0,116.0,3.1,52064.0,498.0,2188.0,1993.0,1263.0,8.381016493,36.82261865,33.54089532,21.25546954,754.301,9.465697,-732.698974609375,-9.534302711486816
20207,KS,Woodson County,3117,469.0,0.1505,441.0,7.0,1523.0,1470.0,53.0,3.5,49477.0,209.0,855.0,761.0,533.0,8.863443596,36.25954198,32.27311281,22.60390161,289.96198,5.0536876,-151.03802490234375,-1.946312427520752
20209,KS,Wyandotte County,165626,25639.0,0.1548,21828.0,134.0,78170.0,75480.0,2690.0,3.4,58701.0,19191.0,34265.0,30885.0,21709.0,18.09618105,32.31023102,29.12305516,20.47053277,19618.861,189.79749,-2209.138671875,55.7974853515625
21001,KY,Adair County,19097,3943.0,0.2065,3532.0,23.0,7139.0,6802.0,337.0,4.7,44153.0,1820.0,4929.0,3655.0,2402.0,14.21208808,38.48977042,28.54130876,18.75683273,3050.0764,23.67832,-481.923583984375,0.6783199310302734
21003,KY,Allen County,21283,3230.0,0.1518,3876.0,40.0,8878.0,8522.0,356.0,4.0,61655.0,2204.0,5996.0,3903.0,2546.0,15.04539559,40.93112158,26.64345689,17.38002594,3317.5789,35.139,-558.421142578125,-4.861000061035156
21005,KY,Anderson County,24273,2843.0,0.1171,4117.0,22.0,11905.0,11517.0,388.0,3.3,66846.0,1385.0,5630.0,5377.0,4290.0,8.302361827,33.74895097,32.23234624,25.71634097,3115.885,21.659544,-1001.114990234375,-0.3404560089111328
21007,KY,Ballard County,7642,1130.0,0.1479,870.0,18.0,3464.0,3291.0,173.0,5.0,56605.0,349.0,2202.0,1933.0,1028.0,6.331640058,39.94920174,35.06894049,18.65021771,797.6372,14.156929,-72.36279296875,-3.8430709838867188
21009,KY,Barren County,44872,7390.0,0.1647,7176.0,58.0,17796.0,17047.0,749.0,4.2,50658.0,4156.0,13236.0,7975.0,5497.0,13.46552618,42.88491446,25.83916537,17.81039399,7193.448,60.262863,17.4482421875,2.2628631591796875
21011,KY,Bath County,12828,2613.0,0.2037,2432.0,18.0,4701.0,4450.0,251.0,5.3,48260.0,1586.0,3709.0,1999.0,1227.0,18.61283887,43.52775496,23.45968783,14.39971834,1939.4742,14.743677,-492.5257568359375,-3.2563228607177734
21013,KY,Bell County,23611,6953.0,0.2945,4555.0,49.0,8074.0,7653.0,421.0,5.2,33923.0,3467.0,6426.0,4568.0,2343.0,20.63199238,38.24089502,27.18400381,13.94310878,4436.4795,48.2152,-118.5205078125,-0.7848014831542969
21015,KY,Boone County,139045,10120.0,0.0728,20073.0,110.0,71775.0,69447.0,2328.0,3.2,90265.0,5828.0,25659.0,27231.0,32143.0,6.414193108,28.23983887,29.96995411,35.37601391,20017.584,107.47759,-55.416015625,-2.5224075317382812
21017,KY,Bourbon County,20109,3297.0,0.164,3776.0,29.0,9546.0,9202.0,344.0,3.6,56879.0,1865.0,4656.0,3829.0,3535.0,13.43176089,33.53258912,27.57652143,25.45912856,3649.0054,25.049042,-126.99462890625,-3.950958251953125
21019,KY,Boyd County,48059,8437.0,0.1756,11653.0,74.0,17134.0,16232.0,902.0,5.3,55397.0,3758.0,11659.0,12247.0,6648.0,10.95243647,33.97936582,35.69305199,19.37514572,11009.523,69.01974,-643.4765625,-4.980262756347656
21021,KY,Boyle County,30851,4123.0,0.1336,5048.0,40.0,12664.0,12150.0,514.0,4.1,57975.0,1774.0,7405.0,5869.0,5671.0,8.562189295,35.7401419,28.32665669,27.37101211,4310.802,33.043873,-737.1982421875,-6.956127166748047
21023,KY,Bracken County,8435,1275.0,0.1512,1242.0,17.0,3768.0,3603.0,165.0,4.4,58301.0,690.0,2476.0,1673.0,991.0,11.83533448,42.46998285,28.69639794,16.99828473,1007.3666,10.596276,-234.6334228515625,-6.40372371673584
21025,KY,Breathitt County,13358,3950.0,0.2957,2862.0,23.0,3180.0,2940.0,240.0,7.5,36300.0,1883.0,3971.0,2260.0,1606.0,19.37242798,40.85390947,23.25102881,16.52263374,2725.811,23.501152,-136.18896484375,0.5011520385742188
21027,KY,Breckinridge County,20961,3901.0,0.1861,3039.0,38.0,7896.0,7523.0,373.0,4.7,52400.0,1942.0,6092.0,4123.0,2131.0,13.59182531,42.63717805,28.85638298,14.91461366,2948.9802,33.208008,-90.019775390625,-4.7919921875
21029,KY,Bullitt County,83774,7813.0,0.0933,14098.0,93.0,42782.0,40998.0,1784.0,4.2,77192.0,6182.0,23422.0,18478.0,11210.0,10.42636443,39.5027997,31.16440667,18.9064292,13759.315,92.49894,-338.6845703125,-0.5010604858398438
21031,KY,Butler County,12365,2263.0,0.183,1954.0,15.0,4947.0,4738.0,209.0,4.2,50824.0,1565.0,4310.0,1977.0,826.0,18.03410924,49.66582162,22.78174695,9.518322194,1805.8074,14.917637,-148.192626953125,-0.08236312866210938
21033,KY,Caldwell County,12608,2144.0,0.1701,2203.0,12.0,5974.0,5762.0,212.0,3.5,51553.0,894.0,3802.0,2518.0,1591.0,10.15332198,43.18001136,28.59738785,18.06927882,2001.6382,17.252892,-201.36181640625,5.252891540527344
21035,KY,Calloway County,38093,6649.0,0.1745,5786.0,37.0,17340.0,16633.0,707.0,4.1,51949.0,2015.0,7347.0,6461.0,7557.0,8.618477331,31.42429427,27.63473054,32.32249786,5653.423,40.656475,-132.5771484375,3.656475067138672
21037,KY,Campbell County,93272,8673.0,0.093,13558.0,82.0,50439.0,48704.0,1735.0,3.4,74149.0,4509.0,17595.0,17510.0,25815.0,6.891439576,26.89174525,26.76183344,39.45498174,13064.047,81.58807,-493.953125,-0.41192626953125
21039,KY,Carlisle County,4719,754.0,0.1598,566.0,12.0,2248.0,2162.0,86.0,3.8,54535.0,301.0,1480.0,1046.0,484.0,9.090909091,44.69948656,31.59166415,14.6179402,706.66815,9.731982,140.66815185546875,-2.2680177688598633
21041,KY,Carroll County,10939,1732.0,0.1583,1882.0,20.0,5629.0,5445.0,184.0,3.3,59226.0,1150.0,2902.0,2477.0,635.0,16.05248465,40.50809604,34.57565606,8.863763261,1688.3572,17.023884,-193.642822265625,-2.976116180419922
21043,KY,Carter County,26343,5010.0,0.1902,6133.0,45.0,9617.0,8919.0,698.0,7.3,48285.0,3146.0,7194.0,5115.0,2820.0,17.21477428,39.36525308,27.98905609,15.43091655,5520.803,43.598835,-612.19677734375,-1.4011650085449219
21045,KY,Casey County,15911,3954.0,0.2485,2157.0,21.0,6623.0,6365.0,258.0,3.9,43539.0,2443.0,5049.0,2243.0,1303.0,22.13263272,45.74198224,20.32071027,11.80467476,2321.321,28.629742,164.321044921875,7.629741668701172
21047,KY,Christian County,72286,12282.0,0.1699,8327.0,59.0,24674.0,23451.0,1223.0,5.0,56610.0,5452.0,13467.0,14338.0,8301.0,13.11901439,32.40531306,34.50117908,19.97449348,8682.684,61.123947,355.68359375,2.1239471435546875
21049,KY,Clark County,36992,5621.0,0.152,7495.0,35.0,17156.0,16527.0,629.0,3.7,61641.0,2614.0,9628.0,7966.0,5779.0,10.05887559,37.04929388,30.65378843,22.2380421,6100.5176,38.42702,-1394.482421875,3.427021026611328
21051,KY,Clay County,19874,6407.0,0.3224,4130.0,38.0,5034.0,4742.0,292.0,5.8,34473.0,3768.0,5392.0,2964.0,2409.0,25.92720017,37.10176839,20.39496319,16.57606826,4032.4963,37.590782,-97.503662109375,-0.40921783447265625
21053,KY,Clinton County,9139,2108.0,0.2307,2031.0,17.0,3611.0,3432.0,179.0,5.0,41739.0,1365.0,2544.0,1583.0,1086.0,20.75098814,38.67436911,24.06506537,16.50957738,1636.2366,16.333036,-394.763427734375,-0.6669635772705078
21055,KY,Crittenden County,8991,1705.0,0.1896,1313.0,18.0,3800.0,3638.0,162.0,4.3,50452.0,1028.0,2754.0,1759.0,796.0,16.22218715,43.45905002,27.75761401,12.56114881,1100.3564,15.75629,-212.6435546875,-2.2437095642089844
21057,KY,Cumberland County,5969,1400.0,0.2345,1164.0,10.0,3362.0,3252.0,110.0,3.3,48864.0,781.0,1739.0,1056.0,756.0,18.02862419,40.14312096,24.3767313,17.45152355,1052.362,8.87923,-111.637939453125,-1.1207704544067383
21059,KY,Daviess County,103189,13143.0,0.1274,17663.0,117.0,45401.0,43578.0,1823.0,4.0,65949.0,6310.0,23733.0,21805.0,17506.0,9.09824956,34.22008824,31.44014765,25.24151455,16299.762,108.61194,-1363.23828125,-8.3880615234375
21061,KY,Edmonson County,12302,2048.0,0.1665,1428.0,34.0,4695.0,4461.0,234.0,5.0,51402.0,1455.0,4061.0,2654.0,939.0,15.97321331,44.58228126,29.13601932,10.30848611,1649.7532,28.610561,221.753173828125,-5.389438629150391
21063,KY,Elliott County,7292,1673.0,0.2294,1888.0,9.0,1875.0,1719.0,156.0,8.3,40312.0,1405.0,2755.0,1098.0,349.0,25.05796326,49.13500981,19.58266453,6.224362404,1536.5211,12.84865,-351.4788818359375,3.8486499786376953
21065,KY,Estill County,14024,2969.0,0.2117,2485.0,21.0,5148.0,4890.0,258.0,5.0,39402.0,2222.0,4578.0,2354.0,1001.0,21.88084687,45.08124077,23.18069916,9.857213195,2262.7031,19.706099,-222.296875,-1.2939014434814453
21067,KY,Fayette County,320281,45848.0,0.1431,59798.0,223.0,174535.0,168997.0,5538.0,3.2,63667.0,15960.0,39833.0,54614.0,99135.0,7.616611467,19.00955417,26.06350994,47.31032442,59035.742,222.85172,-762.2578125,-0.148284912109375
21069,KY,Fleming County,15278,3219.0,0.2107,2267.0,29.0,5993.0,5718.0,275.0,4.6,50012.0,1718.0,4260.0,2687.0,1696.0,16.58141106,41.11572242,25.93379017,16.36907634,2266.45,27.548569,-0.550048828125,-1.4514312744140625
21071,KY,Floyd County,34918,12049.0,0.3451,8271.0,97.0,10824.0,10175.0,649.0,6.0,37296.0,4736.0,9588.0,6912.0,3773.0,18.93718261,38.33819825,27.6380503,15.08656884,8213.513,93.0654,-57.4873046875,-3.934600830078125
21073,KY,Franklin County,51548,7026.0,0.1363,9516.0,72.0,24961.0,24096.0,865.0,3.5,58456.0,2727.0,11057.0,10929.0,11540.0,7.522136099,30.49954487,30.14647064,31.8318484,8936.92,62.331806,-579.080078125,-9.668193817138672
21075,KY,Fulton County,6371,1703.0,0.2673,557.0,19.0,2108.0,2011.0,97.0,4.6,40409.0,851.0,1805.0,1086.0,781.0,18.81494583,39.90714128,24.01061243,17.26730046,993.9881,15.186522,436.98809814453125,-3.813478469848633
21077,KY,Gallatin County,8773,1146.0,0.1306,1184.0,13.0,3986.0,3838.0,148.0,3.7,59175.0,934.0,2608.0,1669.0,792.0,15.55888722,43.44494419,27.80276528,13.1934033,1031.0636,11.319583,-152.9364013671875,-1.6804170608520508
21079,KY,Garrard County,17566,2810.0,0.16,2584.0,30.0,7806.0,7497.0,309.0,4.0,57748.0,1748.0,4654.0,3578.0,2352.0,14.17450535,37.73921505,29.01394745,19.07233214,2170.4602,19.516201,-413.539794921875,-10.48379898071289
21081,KY,Grant County,25474,3263.0,0.1281,4232.0,24.0,11639.0,11185.0,454.0,3.9,66458.0,1822.0,7101.0,4883.0,2458.0,11.20265617,43.66084604,30.02336449,15.1131333,3815.5144,28.583319,-416.485595703125,4.583318710327148
21083,KY,Graves County,36493,6750.0,0.185,5363.0,62.0,15417.0,14695.0,722.0,4.7,53408.0,2812.0,10362.0,7375.0,4338.0,11.2990718,41.6361956,29.63394543,17.43078716,5588.9336,55.95102,225.93359375,-6.048980712890625
21085,KY,Grayson County,26643,4397.0,0.165,4458.0,43.0,10366.0,9878.0,488.0,4.7,52130.0,2736.0,8129.0,4756.0,2677.0,14.95245382,44.42562029,25.99191168,14.63001421,4436.3506,42.50539,-21.6494140625,-0.4946098327636719
21087,KY,Green County,11392,2231.0,0.1958,1969.0,12.0,5052.0,4861.0,191.0,3.8,46169.0,1232.0,3461.0,2141.0,1361.0,15.03355705,42.23306894,26.12568639,16.60768761,1877.3512,16.022417,-91.6488037109375,4.022417068481445
21089,KY,Greenup County,35375,5599.0,0.1583,8324.0,48.0,12901.0,12132.0,769.0,6.0,54462.0,2476.0,9684.0,8675.0,4674.0,9.706378141,37.96307186,34.00760516,18.32294484,7401.5693,48.25544,-922.4306640625,0.25543975830078125
21091,KY,Hancock County,9027,1248.0,0.1383,1375.0,10.0,3787.0,3621.0,166.0,4.4,66300.0,825.0,2450.0,1837.0,1032.0,13.42773438,39.87630208,29.89908854,16.796875,1204.0884,8.350669,-170.91162109375,-1.6493310928344727
21093,KY,Hardin County,111743,13692.0,0.1225,21853.0,140.0,46808.0,44821.0,1987.0,4.2,61920.0,5638.0,22913.0,27674.0,18171.0,7.578364428,30.79869885,37.19823646,24.42470025,20917.592,136.32643,-935.408203125,-3.6735687255859375
21095,KY,Harlan County,25652,6768.0,0.2638,6008.0,68.0,6306.0,5897.0,409.0,6.5,36022.0,3800.0,6320.0,5867.0,2326.0,20.75028668,34.51100311,32.03735052,12.70135969,5722.282,63.3415,-285.7177734375,-4.658500671386719
21097,KY,Harrison County,19105,2770.0,0.145,4361.0,31.0,8766.0,8470.0,296.0,3.4,60962.0,1433.0,6030.0,3051.0,2650.0,10.88574901,45.80674567,23.17684594,20.13065937,2362.126,23.032867,-1998.8740234375,-7.967132568359375
21099,KY,Hart County,19594,3935.0,0.2008,2670.0,31.0,7608.0,7299.0,309.0,4.1,47229.0,2778.0,5829.0,3169.0,1413.0,21.06300705,44.19592084,24.02759876,10.71347335,2637.458,31.516438,-32.5419921875,0.5164375305175781
21101,KY,Henderson County,44032,7505.0,0.1704,8114.0,48.0,20479.0,19676.0,803.0,3.9,55530.0,3385.0,11945.0,9843.0,5917.0,10.88774526,38.42071406,31.65969765,19.03184304,7370.536,47.98569,-743.4638671875,-0.014308929443359375
21103,KY,Henry County,15760,2029.0,0.1287,3102.0,20.0,8089.0,7790.0,299.0,3.7,65068.0,1508.0,4819.0,2909.0,1606.0,13.9088729,44.44751891,26.83084302,14.81276517,2573.3843,20.883783,-528.61572265625,0.8837833404541016
21105,KY,Hickman County,4434,690.0,0.1556,458.0,9.0,1653.0,1580.0,73.0,4.4,53838.0,419.0,1403.0,982.0,470.0,12.79780086,42.85277947,29.99389126,14.35552841,627.8991,9.207004,169.89910888671875,0.20700359344482422
21107,KY,Hopkins County,44926,8415.0,0.1873,9536.0,57.0,18224.0,17409.0,815.0,4.5,52198.0,3854.0,12297.0,10028.0,5221.0,12.27388535,39.16242038,31.93630573,16.62738854,8583.569,58.473534,-952.4306640625,1.4735336303710938
21109,KY,Jackson County,12989,3146.0,0.2422,1987.0,26.0,4114.0,3875.0,239.0,5.8,41007.0,2419.0,3783.0,1918.0,936.0,26.71157244,41.77340989,21.17932862,10.33568905,1896.9773,24.394226,-90.022705078125,-1.60577392578125
21111,KY,Jefferson County,773095,115319.0,0.1492,135199.0,770.0,392345.0,377003.0,15342.0,3.9,64719.0,45762.0,139917.0,156401.0,197290.0,8.484342844,25.94081985,28.99697796,36.57785935,84804.04,807.5089,-50394.9609375,37.5089111328125
21113,KY,Jessamine County,54236,6479.0,0.1195,9065.0,50.0,26424.0,25540.0,884.0,3.3,69216.0,3432.0,10596.0,10407.0,11717.0,9.493250719,29.30958177,28.78678911,32.4103784,8558.25,50.48646,-506.75,0.4864616394042969
21115,KY,Johnson County,22235,5687.0,0.2558,4587.0,58.0,6584.0,6183.0,401.0,6.1,42877.0,2791.0,6309.0,4088.0,2624.0,17.65115102,39.90007589,25.85378194,16.59499115,4332.9688,56.268227,-254.03125,-1.7317733764648438
21117,KY,Kenton County,170280,18257.0,0.1072,22328.0,149.0,87314.0,84312.0,3002.0,3.4,77284.0,8760.0,32218.0,31543.0,43699.0,7.537429014,27.72156255,27.14076751,37.60024092,21632.988,142.7937,-695.01171875,-6.206298828125
21119,KY,Knott County,13847,3892.0,0.2811,3195.0,29.0,4228.0,3963.0,265.0,6.3,38456.0,2669.0,2816.0,2574.0,1751.0,27.2069317,28.70540265,26.23853211,17.84913354,3040.6362,26.652313,-154.36376953125,-2.347686767578125
21121,KY,Knox County,29773,9557.0,0.321,6664.0,63.0,9868.0,9329.0,539.0,5.5,36573.0,4959.0,7867.0,4841.0,2768.0,24.26718865,38.49767556,23.68974798,13.54538782,6372.4062,60.44708,-291.59375,-2.5529212951660156
21123,KY,Larue County,15150,2687.0,0.1774,2054.0,21.0,5730.0,5469.0,261.0,4.6,53939.0,1472.0,3726.0,3659.0,1640.0,14.02305421,35.49585596,34.85757836,15.62351148,2042.7863,19.026232,-11.2137451171875,-1.9737682342529297
21125,KY,Laurel County,62879,12616.0,0.2006,11997.0,102.0,24935.0,23867.0,1068.0,4.3,50721.0,7357.0,17175.0,11781.0,7187.0,16.91264368,39.48275862,27.08275862,16.52183908,11248.601,99.10471,-748.3994140625,-2.8952865600585938
21127,KY,Lawrence County,16097,4134.0,0.2568,2252.0,32.0,5582.0,5276.0,306.0,5.5,42776.0,2275.0,4588.0,2799.0,1598.0,20.20426288,40.74600355,24.85790409,14.19182948,2454.1238,30.866762,202.123779296875,-1.1332378387451172
21129,KY,Lee County,7273,2230.0,0.3066,1486.0,17.0,2069.0,1954.0,115.0,5.6,34632.0,1423.0,2451.0,1231.0,416.0,25.77431625,44.3941315,22.29668538,7.534866872,1424.5513,15.132341,-61.44873046875,-1.8676586151123047
21131,KY,Leslie County,10049,2930.0,0.2916,2608.0,21.0,2494.0,2325.0,169.0,6.8,36666.0,1358.0,2956.0,2223.0,761.0,18.60783776,40.50424774,30.46040011,10.42751439,1955.727,20.569818,-652.27294921875,-0.43018150329589844
21133,KY,Letcher County,20827,5910.0,0.2838,5088.0,49.0,5891.0,5521.0,370.0,6.3,37854.0,3065.0,5263.0,4773.0,2075.0,20.19636268,34.67975751,31.45097522,13.67290459,4468.1133,48.52942,-619.88671875,-0.4705810546875
21135,KY,Lewis County,12937,2946.0,0.2277,2435.0,24.0,4549.0,4212.0,337.0,7.4,44098.0,1759.0,4285.0,2018.0,1026.0,19.35519366,47.15008803,22.20510563,11.28961268,2473.169,23.948574,38.1689453125,-0.051425933837890625
21137,KY,Lincoln County,24419,4426.0,0.1813,3844.0,39.0,9297.0,8843.0,454.0,4.9,49814.0,2834.0,7358.0,4104.0,2571.0,16.80203949,43.6236438,24.33153495,15.24278176,3828.9795,38.943146,-15.0205078125,-0.056854248046875
21139,KY,Livingston County,8968,1300.0,0.145,1387.0,16.0,3626.0,3447.0,179.0,4.9,55355.0,676.0,2784.0,2094.0,897.0,10.4789955,43.15609983,32.46008371,13.90482096,971.03674,13.82607,-415.9632568359375,-2.1739301681518555
21141,KY,Logan County,27856,4237.0,0.1521,4375.0,38.0,12222.0,11779.0,443.0,3.6,56823.0,2480.0,7856.0,5567.0,3158.0,13.01085987,41.21504643,29.20623262,16.56786108,4277.0117,36.05346,-97.98828125,-1.9465408325195312
21143,KY,Lyon County,9099,1082.0,0.1189,1450.0,11.0,3139.0,3001.0,138.0,4.4,58938.0,695.0,3147.0,2056.0,1149.0,9.862352774,44.65730098,29.17553569,16.30481056,1101.9814,10.089203,-348.0185546875,-0.910797119140625
21145,KY,McCracken County,67366,10063.0,0.1494,11679.0,104.0,29715.0,28486.0,1229.0,4.1,60026.0,3408.0,15380.0,15513.0,13299.0,7.159663866,32.31092437,32.59033613,27.93907563,11287.629,91.8704,-391.37109375,-12.129600524902344
21147,KY,McCreary County,16783,5190.0,0.3092,3398.0,22.0,4679.0,4428.0,251.0,5.4,35443.0,2682.0,4759.0,3372.0,1087.0,22.53781513,39.99159664,28.33613445,9.134453782,2510.455,17.300962,-887.544921875,-4.699037551879883
21149,KY,McLean County,9107,1236.0,0.1357,1483.0,17.0,3939.0,3759.0,180.0,4.6,55555.0,502.0,2595.0,2084.0,1170.0,7.904267045,40.85970713,32.81373012,18.4222957,830.82166,10.251597,-652.1783447265625,-6.7484025955200195
21151,KY,Madison County,95151,14003.0,0.1472,15785.0,94.0,46298.0,44569.0,1729.0,3.7,60994.0,5160.0,16951.0,16719.0,20164.0,8.746652202,28.73343052,28.34017019,34.17974709,15614.017,89.80316,-170.9833984375,-4.19683837890625
21153,KY,Magoffin County,11348,3340.0,0.2943,2378.0,26.0,3179.0,2836.0,343.0,10.8,35669.0,2035.0,3368.0,1633.0,1069.0,25.10795805,41.55459593,20.14805676,13.18938927,2064.0532,14.341156,-313.94677734375,-11.658843994140625
21155,KY,Marion County,19748,3588.0,0.1817,3400.0,28.0,9296.0,8972.0,324.0,3.5,53676.0,1832.0,6144.0,3702.0,1703.0,13.69105448,45.91585083,27.66609371,12.72700097,3376.5276,26.110102,-23.472412109375,-1.8898983001708984
21157,KY,Marshall County,31790,3939.0,0.1239,4410.0,40.0,14524.0,13917.0,607.0,4.2,64395.0,1771.0,8511.0,7924.0,4853.0,7.680298365,36.90966651,34.36402272,21.0460124,3152.5154,33.88402,-1257.484619140625,-6.115978240966797
21159,KY,Martin County,11096,3451.0,0.311,1895.0,12.0,2204.0,2036.0,168.0,7.6,34435.0,2154.0,3114.0,2051.0,880.0,26.27149652,37.98024149,25.01524576,10.73301622,1963.7903,11.576378,68.790283203125,-0.42362213134765625
21161,KY,Mason County,16903,3344.0,0.1978,3098.0,34.0,6523.0,6200.0,323.0,5.0,49029.0,1770.0,3894.0,3752.0,2513.0,14.83779026,32.64313857,31.45276218,21.06630899,2632.5083,29.130043,-465.49169921875,-4.869956970214844
21163,KY,Meade County,30010,3525.0,0.1175,3381.0,37.0,11561.0,11034.0,527.0,4.6,69632.0,1974.0,8613.0,6509.0,3859.0,9.420186113,41.1023622,31.06179909,18.41565259,3595.6975,34.429882,214.697509765625,-2.570117950439453
21165,KY,Menifee County,6236,1424.0,0.2284,1194.0,9.0,2365.0,2226.0,139.0,5.9,43226.0,968.0,1852.0,1167.0,486.0,21.64095685,41.40397943,26.08987257,10.86519115,1184.7155,7.787907,-9.2845458984375,-1.2120928764343262
21167,KY,Mercer County,22900,2865.0,0.1251,4220.0,22.0,10028.0,9644.0,384.0,3.8,65292.0,1421.0,5520.0,5421.0,3579.0,8.914120821,34.62768961,34.00664952,22.45154005,3446.9263,20.869162,-773.07373046875,-1.130838394165039
21169,KY,Metcalfe County,10408,2492.0,0.2394,1357.0,25.0,3898.0,3718.0,180.0,4.6,44973.0,1133.0,3073.0,2053.0,943.0,15.73174118,42.66870314,28.50597056,13.09358512,1097.854,20.347544,-259.14599609375,-4.652456283569336
21171,KY,Monroe County,11353,2337.0,0.2058,1713.0,25.0,4572.0,4416.0,156.0,3.4,45872.0,1369.0,3602.0,1669.0,1160.0,17.55128205,46.17948718,21.3974359,14.87179487,1777.3672,14.98513,64.3671875,-10.014869689941406
21173,KY,Montgomery County,28357,4279.0,0.1509,6005.0,50.0,11852.0,11301.0,551.0,4.6,55924.0,2920.0,7563.0,4882.0,4041.0,15.04689271,38.97248274,25.15716789,20.82345666,5220.274,41.562187,-784.72607421875,-8.437812805175781
21175,KY,Morgan County,14146,3042.0,0.215,3301.0,19.0,4165.0,3942.0,223.0,5.4,41863.0,1943.0,4099.0,2428.0,1807.0,18.90629561,39.8851805,23.62557166,17.58295222,2649.933,21.417051,-651.06689453125,2.417051315307617
21177,KY,Muhlenberg County,30696,6264.0,0.2041,6519.0,32.0,9784.0,9211.0,573.0,5.9,48190.0,3373.0,9379.0,6329.0,2844.0,15.38426454,42.77765108,28.86659065,12.97149373,5668.853,36.030148,-850.14697265625,4.030147552490234
21179,KY,Nelson County,47359,5263.0,0.1111,9030.0,56.0,23469.0,22549.0,920.0,3.9,66681.0,2625.0,11904.0,10468.0,7396.0,8.10360263,36.74868027,32.31562375,22.83209335,5386.606,30.162766,-3643.39404296875,-25.837234497070312
21181,KY,Nicholas County,7786,1356.0,0.1742,1310.0,6.0,3279.0,3141.0,138.0,4.2,51100.0,842.0,2242.0,1605.0,490.0,16.25796486,43.29021047,30.99053871,9.461285963,1031.8772,7.5872245,-278.122802734375,1.5872244834899902
21183,KY,Ohio County,23496,4014.0,0.1708,3812.0,28.0,9033.0,8576.0,457.0,5.1,50275.0,2603.0,6367.0,4837.0,2281.0,16.17976131,39.57608155,30.06588762,14.17826952,3415.92,30.426584,-396.080078125,2.426584243774414
21185,KY,Oldham County,69444,2836.0,0.0408,10768.0,48.0,33115.0,32000.0,1115.0,3.4,116173.0,2683.0,9280.0,12934.0,20892.0,5.859485903,20.26687632,28.24695888,45.6266789,10703.181,46.677067,-64.8193359375,-1.3229331970214844
21187,KY,Owen County,11294,1632.0,0.1445,1355.0,11.0,5194.0,5013.0,181.0,3.5,60592.0,1253.0,3558.0,1706.0,1361.0,15.90505204,45.16374714,21.65524245,17.27595837,1785.5217,14.87449,430.521728515625,3.8744897842407227
21189,KY,Owsley County,3958,1263.0,0.3191,980.0,9.0,1069.0,993.0,76.0,7.1,32783.0,803.0,1255.0,575.0,339.0,27.01884253,42.22745626,19.34724092,11.4064603,842.9131,8.550505,-137.0869140625,-0.4494953155517578
21191,KY,Pendleton County,14703,2090.0,0.1421,1857.0,14.0,6892.0,6641.0,251.0,3.6,65727.0,1549.0,4236.0,2688.0,1681.0,15.25507189,41.71754973,26.47232618,16.5550522,1809.7571,15.023174,-47.242919921875,1.0231742858886719
21193,KY,Perry County,27367,7200.0,0.2631,8522.0,74.0,7909.0,7499.0,410.0,5.2,43945.0,4000.0,6838.0,5901.0,2779.0,20.49390306,35.03432729,30.23363049,14.23813915,5380.562,33.078037,-3141.43798828125,-40.92196273803711
21195,KY,Pike County,56317,13778.0,0.2447,12241.0,136.0,18891.0,17889.0,1002.0,5.3,41837.0,7879.0,16015.0,10614.0,6578.0,19.17684856,38.97921433,25.83361729,16.01031982,12106.327,133.86589,-134.6728515625,-2.1341094970703125
21197,KY,Powell County,13041,3334.0,0.2557,3105.0,22.0,5215.0,4993.0,222.0,4.3,42434.0,1534.0,3607.0,2169.0,1531.0,17.3509784,40.7985522,24.53342382,17.31704558,2602.8657,21.496487,-502.13427734375,-0.5035133361816406
21199,KY,Pulaski County,65767,12116.0,0.1842,9039.0,99.0,25205.0,24026.0,1179.0,4.7,46380.0,7001.0,16473.0,14602.0,8309.0,15.09324135,35.51363587,31.48000431,17.91311847,9126.187,96.488464,87.1865234375,-2.51153564453125
21201,KY,Robertson County,2247,419.0,0.1865,402.0,4.0,811.0,769.0,42.0,5.2,53456.0,224.0,648.0,437.0,205.0,14.79524439,42.8005284,28.86393659,13.54029062,383.78204,4.452909,-18.21795654296875,0.452908992767334
21203,KY,Rockcastle County,16225,3837.0,0.2365,2877.0,22.0,6415.0,6109.0,306.0,4.8,45161.0,2142.0,5059.0,2719.0,1574.0,18.63580999,44.01426831,23.65582043,13.69410127,2442.842,28.795797,-434.157958984375,6.795797348022461
21205,KY,Rowan County,24372,4632.0,0.1901,4927.0,34.0,10069.0,9591.0,478.0,4.7,50498.0,1838.0,4825.0,3894.0,3909.0,12.70565464,33.35407162,26.91829117,27.02198258,4426.263,32.585552,-500.73681640625,-1.4144477844238281
21207,KY,Russell County,18185,3612.0,0.1986,3760.0,33.0,6220.0,5904.0,316.0,5.1,44425.0,2277.0,4779.0,3471.0,1976.0,18.21162921,38.22282652,27.76133728,15.80420699,3012.5315,33.70426,-747.468505859375,0.7042617797851562
21209,KY,Scott County,59077,4818.0,0.0816,12272.0,47.0,30159.0,29218.0,941.0,3.1,86169.0,2190.0,11046.0,12413.0,12774.0,5.699711111,28.7484059,32.30617078,33.2457122,10785.694,42.72679,-1486.3056640625,-4.2732086181640625
21211,KY,Shelby County,48842,4235.0,0.0867,8396.0,49.0,25734.0,24825.0,909.0,3.5,81815.0,3993.0,9766.0,9521.0,10481.0,11.8272563,28.92686828,28.20117888,31.04469654,6246.08,37.903122,-2149.919921875,-11.096878051757812
21213,KY,Simpson County,19948,3011.0,0.1509,3377.0,31.0,8793.0,8486.0,307.0,3.5,58550.0,1450.0,5411.0,4275.0,2241.0,10.83950064,40.45002616,31.95783808,16.75263512,3033.1904,26.79744,-343.8095703125,-4.2025604248046875
21215,KY,Spencer County,20212,1664.0,0.0823,3391.0,23.0,10539.0,10111.0,428.0,4.1,101552.0,939.0,5340.0,4589.0,3084.0,6.73021789,38.27408257,32.89134174,22.1043578,3345.631,21.544443,-45.368896484375,-1.455556869506836
21217,KY,Taylor County,26396,4445.0,0.1684,5075.0,38.0,12183.0,11720.0,463.0,3.8,52414.0,1949.0,6347.0,5150.0,3787.0,11.30969651,36.83049962,29.88452388,21.97527999,4362.1094,39.109383,-712.890625,1.1093826293945312
21219,KY,Todd County,12394,2093.0,0.1689,1442.0,9.0,5671.0,5484.0,187.0,3.3,53280.0,1620.0,3170.0,1956.0,1279.0,20.18691589,39.50155763,24.37383178,15.9376947,1717.6864,9.5076885,275.6864013671875,0.5076885223388672
21221,KY,Trigg County,14348,1971.0,0.1374,2457.0,19.0,6027.0,5747.0,280.0,4.6,56433.0,1265.0,3257.0,3568.0,2061.0,12.46182642,32.08550882,35.14924638,20.30341838,1974.3794,24.832142,-482.62060546875,5.832141876220703
21223,KY,Trimble County,8527,1027.0,0.1204,1170.0,21.0,3812.0,3642.0,170.0,4.5,65828.0,865.0,2482.0,1791.0,885.0,14.36161381,41.20869998,29.73601195,14.69367425,986.6312,10.268403,-183.3687744140625,-10.731596946716309
21225,KY,Union County,13104,2185.0,0.1667,2397.0,18.0,5809.0,5553.0,256.0,4.4,58223.0,750.0,4259.0,3293.0,1110.0,7.968550786,45.25074373,34.98725032,11.79345516,2052.8035,17.071667,-344.196533203125,-0.9283332824707031
21227,KY,Warren County,140046,24613.0,0.1757,24050.0,109.0,64985.0,62587.0,2398.0,3.7,60651.0,9350.0,22335.0,24575.0,28163.0,11.07518093,26.45606055,29.10936593,33.35939258,23980.03,107.64005,-69.970703125,-1.3599472045898438
21229,KY,Washington County,12060,1710.0,0.1418,2239.0,18.0,6107.0,5890.0,217.0,3.6,59937.0,916.0,3417.0,2525.0,1597.0,10.83382614,40.41395624,29.86398581,18.88823182,1986.48,17.041124,-252.52001953125,-0.9588756561279297
21231,KY,Wayne County,19634,5552.0,0.2828,4047.0,33.0,7004.0,6644.0,360.0,5.1,39863.0,2899.0,5662.0,3581.0,1931.0,20.59972998,40.23307042,25.44588929,13.72131031,3516.8535,36.72895,-530.146484375,3.7289505004882812
21233,KY,Webster County,12739,1814.0,0.1424,2111.0,13.0,5195.0,4986.0,209.0,4.0,56052.0,1168.0,3896.0,2561.0,1099.0,13.38835397,44.65841357,29.35580009,12.59743237,1892.7999,13.869534,-218.2000732421875,0.8695335388183594
21235,KY,Whitley County,36908,9224.0,0.2499,6966.0,89.0,13816.0,13194.0,622.0,4.5,43604.0,3906.0,9145.0,5487.0,4580.0,16.89592525,39.55792024,23.73475214,19.81140237,6660.695,79.11441,-305.30517578125,-9.885589599609375
21237,KY,Wolfe County,6416,2001.0,0.3119,1937.0,16.0,2175.0,2048.0,127.0,5.8,37718.0,1532.0,1445.0,1194.0,333.0,34.01420959,32.08259325,26.50976909,7.393428064,1575.6348,12.821518,-361.365234375,-3.1784820556640625
21239,KY,Woodford County,27053,2685.0,0.0992,4995.0,22.0,14907.0,14451.0,456.0,3.1,76633.0,1616.0,4793.0,4527.0,7826.0,8.613154248,25.54631702,24.12855772,41.71197101,4026.9402,21.324594,-968.059814453125,-0.6754055023193359
22001,LA,Acadia Parish,56725,13921.0,0.2454,7380.0,51.0,23726.0,22861.0,865.0,3.6,42981.0,7296.0,16437.0,8965.0,5071.0,19.31742964,43.51981784,23.73639757,13.42635495,7640.3857,51.690403,260.3857421875,0.6904029846191406
22003,LA,Allen Parish,22287,4064.0,0.1823,4017.0,24.0,8120.0,7784.0,336.0,4.1,51423.0,3326.0,6811.0,4035.0,1864.0,20.74083313,42.47318533,25.1621352,11.62384635,3108.9036,29.33083,-908.096435546875,5.330829620361328
22005,LA,Ascension Parish,130485,13406.0,0.1027,19411.0,54.0,66620.0,64655.0,1965.0,2.9,81284.0,9525.0,25615.0,24976.0,23931.0,11.33294466,30.47699501,29.71670613,28.47335419,19224.25,67.09367,-186.75,13.093673706054688
22007,LA,Assumption Parish,20463,3741.0,0.1828,2594.0,15.0,8734.0,8333.0,401.0,4.6,54403.0,3207.0,6471.0,3035.0,2010.0,21.78224547,43.95164029,20.6140053,13.65210895,2924.1638,17.817041,330.163818359375,2.8170413970947266
22009,LA,Avoyelles Parish,38715,9765.0,0.2522,6188.0,35.0,14361.0,13766.0,595.0,4.1,41587.0,6106.0,9835.0,7749.0,2905.0,22.95920286,36.98063546,29.13705584,10.92310585,6301.02,35.937912,113.02001953125,0.9379119873046875
22011,LA,Beauregard Parish,36624,5285.0,0.1443,4562.0,16.0,14548.0,14055.0,493.0,3.4,64394.0,3127.0,9971.0,7028.0,4368.0,12.76639177,40.70792847,28.69274108,17.83293868,4522.202,26.60943,-39.7978515625,10.609430313110352
22013,LA,Bienville Parish,12612,3135.0,0.2486,2171.0,16.0,5171.0,4955.0,216.0,4.2,41807.0,1256.0,4508.0,2010.0,1214.0,13.97418781,50.15576324,22.36315087,13.50689809,1733.5156,22.644352,-437.484375,6.644351959228516
22015,LA,Bossier Parish,129153,16634.0,0.1288,24974.0,119.0,57717.0,55986.0,1731.0,3.0,63812.0,8037.0,24622.0,30093.0,23587.0,9.308655416,28.51781929,34.85446901,27.31905628,15451.361,122.364235,-9522.638671875,3.3642349243164062
22017,LA,Caddo Parish,228934,49858.0,0.2178,40308.0,253.0,101200.0,97072.0,4128.0,4.1,47699.0,19906.0,50429.0,48665.0,40280.0,12.4974887,31.66059769,30.55311401,25.2887996,39907.98,251.71982,-400.01953125,-1.280181884765625
22019,LA,Calcasieu Parish,202288,32866.0,0.1625,29207.0,98.0,91860.0,88640.0,3220.0,3.5,61797.0,14737.0,47799.0,42089.0,34329.0,10.60566806,34.39915368,30.2898801,24.70529816,28437.602,99.681465,-769.3984375,1.6814651489257812
22021,LA,Caldwell Parish,9493,1868.0,0.1968,1990.0,13.0,3661.0,3522.0,139.0,3.8,46464.0,1190.0,3324.0,1663.0,742.0,17.1990172,48.04162451,24.03526521,10.72409308,1540.4248,13.953046,-449.5751953125,0.9530458450317383
22023,LA,Cameron Parish,4896,688.0,0.1405,472.0,2.0,3410.0,3314.0,96.0,2.8,63413.0,429.0,1378.0,1264.0,544.0,11.86721992,38.11894882,34.96542185,15.04840941,744.313,7.7122893,272.31298828125,5.712289333343506
22025,LA,Catahoula Parish,8604,2044.0,0.2376,1202.0,12.0,3464.0,3323.0,141.0,4.1,41676.0,1594.0,2365.0,1197.0,1026.0,25.78453575,38.25622776,19.3626658,16.59657069,1224.445,12.524976,22.4449462890625,0.5249757766723633
22027,LA,Claiborne Parish,13849,3448.0,0.249,1818.0,16.0,5387.0,5182.0,205.0,3.8,37788.0,2067.0,4892.0,1963.0,1102.0,20.62051077,48.8028731,19.5830008,10.99361532,1826.5397,17.442276,8.5396728515625,1.4422760009765625
22029,LA,Concordia Parish,18026,4777.0,0.265,2860.0,11.0,6931.0,6611.0,320.0,4.6,41101.0,2018.0,5022.0,3104.0,2133.0,16.43724037,40.90575874,25.2830496,17.37395129,2640.545,22.5072,-219.455078125,11.507200241088867
22031,LA,De Soto Parish,26856,5245.0,0.1953,4250.0,26.0,10853.0,10439.0,414.0,3.8,52776.0,2770.0,7290.0,5660.0,2751.0,14.99648097,39.46727302,30.64262899,14.89361702,3837.4636,45.391056,-412.536376953125,19.391056060791016
22033,LA,East Baton Rouge Parish,450091,80321.0,0.1785,66052.0,224.0,232508.0,224477.0,8031.0,3.5,61376.0,26036.0,73226.0,76019.0,108485.0,9.175165453,25.80506474,26.78932642,38.23044339,66660.195,229.33975,608.1953125,5.339752197265625
22035,LA,East Carroll Parish,6939,2208.0,0.3182,1392.0,5.0,1650.0,1522.0,128.0,7.8,30688.0,1477.0,1618.0,1158.0,523.0,30.92546064,33.87772194,24.24623116,10.95058626,1241.3181,7.6621304,-150.681884765625,2.662130355834961
22037,LA,East Feliciana Parish,19208,2718.0,0.1415,3403.0,34.0,7854.0,7606.0,248.0,3.2,56830.0,2200.0,6133.0,3590.0,2448.0,15.30860761,42.67622295,24.98086424,17.0343052,1831.6187,25.784147,-1571.38134765625,-8.215852737426758
22039,LA,Evangeline Parish,32033,7328.0,0.2288,3902.0,19.0,11972.0,11484.0,488.0,4.1,40933.0,4395.0,8980.0,5028.0,2646.0,20.87985177,42.66235926,23.88712053,12.57066844,4002.1125,22.81242,100.112548828125,3.812419891357422
22041,LA,Franklin Parish,19358,4700.0,0.2428,3687.0,47.0,7372.0,7020.0,352.0,4.8,38584.0,2803.0,5360.0,2764.0,2112.0,21.49704732,41.10744689,21.19794463,16.19756116,3832.5813,43.996777,145.581298828125,-3.003223419189453
22043,LA,Grant Parish,22040,3472.0,0.1575,3202.0,20.0,8197.0,7911.0,286.0,3.5,52832.0,2911.0,6593.0,4212.0,2008.0,18.51310099,41.92953447,26.78707708,12.77028746,2666.0928,25.94285,-535.9072265625,5.942850112915039
22045,LA,Iberia Parish,68320,15387.0,0.2252,9933.0,41.0,27430.0,26279.0,1151.0,4.2,45077.0,7645.0,19181.0,11973.0,6662.0,16.81661204,42.19220871,26.33686017,14.65431909,9844.785,42.348747,-88.21484375,1.3487472534179688
22047,LA,Iberville Parish,29613,5105.0,0.1724,5034.0,27.0,13850.0,13240.0,610.0,4.4,53205.0,4021.0,7808.0,5836.0,3527.0,18.97414119,36.84409211,27.53869385,16.64307286,4770.282,31.853352,-263.7177734375,4.853351593017578
22049,LA,Jackson Parish,14816,3404.0,0.2298,2480.0,18.0,6903.0,6684.0,219.0,3.2,43813.0,1519.0,4735.0,2926.0,1415.0,14.33695139,44.69089193,27.61680038,13.3553563,2162.5408,25.015936,-317.459228515625,7.015935897827148
22051,LA,Jefferson Parish,426030,63585.0,0.1493,60103.0,238.0,208950.0,201513.0,7437.0,3.6,61157.0,40835.0,84000.0,87861.0,90921.0,13.4495104,27.66643502,28.93810294,29.94595164,59856.586,244.10982,-246.4140625,6.1098175048828125
22053,LA,Jefferson Davis Parish,31929,5901.0,0.1848,3074.0,41.0,12284.0,11856.0,428.0,3.5,52414.0,3697.0,9233.0,5278.0,3212.0,17.25957049,43.10457516,24.64052288,14.99533147,3193.8018,43.044907,119.8017578125,2.0449066162109375
22055,LA,Lafayette Parish,247714,41649.0,0.1681,35079.0,114.0,115683.0,112040.0,3643.0,3.1,58641.0,16721.0,47955.0,43346.0,57801.0,10.0836434,28.91938995,26.13992028,34.85704637,34610.97,114.459496,-468.03125,0.45949554443359375
22057,LA,Lafourche Parish,95751,16245.0,0.1697,14306.0,77.0,40406.0,39042.0,1364.0,3.4,59575.0,11298.0,25416.0,15696.0,13468.0,17.14988312,38.58040621,23.82585992,20.44385075,14392.885,75.66589,86.884765625,-1.3341064453125
22059,LA,LaSalle Parish,14821,2389.0,0.1612,2105.0,22.0,6700.0,6523.0,177.0,2.6,55633.0,2014.0,4066.0,2408.0,1782.0,19.61051607,39.59104187,23.44693281,17.35150925,2070.003,15.730804,-34.9970703125,-6.269195556640625
22061,LA,Lincoln Parish,47980,13878.0,0.2892,7348.0,38.0,21159.0,20419.0,740.0,3.5,44752.0,2802.0,7811.0,6303.0,9495.0,10.60921586,29.57479838,23.86505623,35.95092954,7472.76,39.72963,124.759765625,1.7296295166015625
22063,LA,Livingston Parish,148056,19692.0,0.133,19227.0,93.0,71405.0,69374.0,2031.0,2.8,72887.0,11988.0,35958.0,28869.0,19541.0,12.44136328,37.31786292,29.96077048,20.28000332,18947.014,96.5511,-279.986328125,3.5511016845703125
22065,LA,Madison Parish,9480,3218.0,0.3395,1451.0,9.0,3463.0,3290.0,173.0,5.0,33403.0,1516.0,2231.0,1787.0,812.0,23.88906398,35.15600378,28.15947053,12.79546171,1276.6029,9.460238,-174.3970947265625,0.4602384567260742
22067,LA,Morehouse Parish,24414,6222.0,0.2549,3546.0,26.0,9804.0,9288.0,516.0,5.3,39493.0,2861.0,6609.0,5285.0,2145.0,16.92899408,39.10650888,31.27218935,12.69230769,3491.4094,27.314491,-54.590576171875,1.3144912719726562
22069,LA,Natchitoches Parish,36648,9973.0,0.2721,5401.0,45.0,16536.0,15888.0,648.0,3.9,42178.0,2803.0,7980.0,5675.0,5667.0,12.66892655,36.06779661,25.64971751,25.61355932,5065.953,55.800854,-335.046875,10.800853729248047
22071,LA,Orleans Parish,369917,80328.0,0.2172,54119.0,172.0,175296.0,167464.0,7832.0,4.5,51913.0,29089.0,56991.0,69497.0,112435.0,10.85361849,21.26434637,25.93055535,41.95147978,53447.086,256.71985,-671.9140625,84.7198486328125
22073,LA,Ouachita Parish,157704,35808.0,0.2271,28501.0,227.0,69870.0,67319.0,2551.0,3.7,47283.0,12564.0,32567.0,30436.0,28727.0,12.0467141,31.22614916,29.18288684,27.54424991,28181.56,222.40065,-319.439453125,-4.5993499755859375
22075,LA,Plaquemines Parish,22618,3569.0,0.1578,3286.0,7.0,9727.0,9414.0,313.0,3.2,71876.0,2216.0,5073.0,5081.0,3063.0,14.35884144,32.87112033,32.9229573,19.84708093,2931.6196,14.331491,-354.38037109375,7.331491470336914
22077,LA,Pointe Coupee Parish,20212,3411.0,0.1688,3505.0,12.0,9761.0,9384.0,377.0,3.9,56457.0,2666.0,5081.0,4454.0,2239.0,18.46260388,35.18698061,30.84487535,15.50554017,3171.2139,15.793006,-333.7861328125,3.79300594329834
22079,LA,Rapides Parish,127028,23295.0,0.1834,17873.0,124.0,55235.0,53441.0,1794.0,3.2,55870.0,10783.0,31761.0,23942.0,19213.0,12.58241053,37.06110923,27.93731549,22.41916475,17658.867,129.62389,-214.1328125,5.6238861083984375
22081,LA,Red River Parish,7465,1783.0,0.2388,976.0,10.0,3741.0,3615.0,126.0,3.4,44139.0,947.0,2574.0,963.0,564.0,18.75990491,50.99049128,19.07686212,11.17274168,1098.664,10.730547,122.6639404296875,0.7305469512939453
22083,LA,Richland Parish,19784,3903.0,0.1973,4040.0,27.0,8169.0,7836.0,333.0,4.1,44470.0,2763.0,4898.0,3384.0,2442.0,20.48639431,36.31645288,25.0908282,18.10632461,3849.1245,25.900543,-190.87548828125,-1.099456787109375
22085,LA,Sabine Parish,21974,5534.0,0.2518,2990.0,26.0,9225.0,8926.0,299.0,3.2,45072.0,2167.0,6888.0,3888.0,2190.0,14.31969867,45.51642107,25.69219586,14.4716844,3059.2178,25.438398,69.2177734375,-0.5616016387939453
22087,LA,St. Bernard Parish,44419,9882.0,0.2225,6056.0,19.0,19866.0,19061.0,805.0,4.1,51485.0,5457.0,8204.0,10463.0,5008.0,18.73197858,28.16147192,35.91583139,17.19071811,5963.6523,21.85571,-92.34765625,2.8557090759277344
22089,LA,St. Charles Parish,51058,5688.0,0.1114,6826.0,25.0,24625.0,23808.0,817.0,3.3,75223.0,3839.0,10600.0,11116.0,9555.0,10.93420678,30.19082882,31.66049559,27.21446881,6527.374,29.67411,-298.6259765625,4.674110412597656
22091,LA,St. Helena Parish,10789,2699.0,0.2502,879.0,6.0,4258.0,4031.0,227.0,5.3,45024.0,1417.0,3374.0,1826.0,881.0,18.8983729,44.99866631,24.35316084,11.74979995,1446.3639,8.538305,567.3638916015625,2.5383052825927734
22093,LA,St. James Parish,19388,3051.0,0.1574,3306.0,9.0,8851.0,8444.0,407.0,4.6,67938.0,1578.0,5655.0,3836.0,2801.0,11.37707282,40.77144917,27.65681327,20.19466474,3219.5774,9.965715,-86.422607421875,0.9657154083251953
22095,LA,St. John the Baptist Parish,39955,6207.0,0.1553,5730.0,16.0,18972.0,18027.0,945.0,5.0,60569.0,3652.0,10989.0,7742.0,5154.0,13.26215637,39.90630788,28.11489995,18.7166358,5536.0176,23.625889,-193.982421875,7.625888824462891
22097,LA,St. Landry Parish,81679,22555.0,0.2761,11997.0,77.0,31722.0,30315.0,1407.0,4.4,42765.0,10368.0,21312.0,14061.0,7651.0,19.4186395,39.9160923,26.33540605,14.32986215,12178.409,77.80289,181.4091796875,0.802886962890625
22099,LA,St. Martin Parish,51249,9246.0,0.1804,6412.0,35.0,21928.0,21126.0,802.0,3.7,54265.0,6018.0,15703.0,8035.0,5393.0,17.12139748,44.6755242,22.85982532,15.34325301,6473.056,41.95972,61.05615234375,6.959720611572266
22101,LA,St. Mary Parish,47819,11575.0,0.2421,5649.0,54.0,19076.0,18263.0,813.0,4.3,48242.0,6399.0,15169.0,7068.0,4325.0,19.41385274,46.02105519,21.44352416,13.12156791,5835.5464,53.86256,186.54638671875,-0.13743972778320312
22103,LA,St. Tammany Parish,273237,29091.0,0.1065,40962.0,186.0,118867.0,115374.0,3493.0,2.9,78629.0,15896.0,44386.0,57025.0,67619.0,8.595870781,24.00203325,30.83665899,36.56543699,40630.03,188.27501,-331.96875,2.2750091552734375
22105,LA,Tangipahoa Parish,136799,25934.0,0.1896,19207.0,126.0,56453.0,54026.0,2427.0,4.3,54942.0,14283.0,30955.0,23628.0,19683.0,16.13005229,34.95804583,26.68353115,22.22837073,17523.328,131.4151,-1683.671875,5.41510009765625
22107,LA,Tensas Parish,3814,1347.0,0.3532,698.0,3.0,1304.0,1239.0,65.0,5.0,33290.0,552.0,1279.0,674.0,379.0,19.14008322,44.3481276,23.370319,13.14147018,698.14514,4.8732247,0.1451416015625,1.8732247352600098
22109,LA,Terrebonne Parish,104632,17009.0,0.1626,16440.0,76.0,44444.0,42735.0,1709.0,3.8,57376.0,11968.0,28544.0,18320.0,12686.0,16.73424872,39.91163064,25.61592886,17.73819178,16016.283,73.140045,-423.716796875,-2.859954833984375
22111,LA,Union Parish,20729,4719.0,0.2277,4094.0,29.0,9113.0,8768.0,345.0,3.8,48003.0,2020.0,6482.0,3969.0,2369.0,13.61185984,43.67924528,26.74528302,15.96361186,3306.665,31.065863,-787.3349609375,2.0658626556396484
22113,LA,Vermilion Parish,56953,11561.0,0.203,7655.0,47.0,23918.0,23075.0,843.0,3.5,50554.0,6048.0,16108.0,9409.0,6394.0,15.93298032,42.4352591,24.78727048,16.84449011,7705.557,48.65392,50.55712890625,1.6539192199707031
22115,LA,Vernon Parish,46870,8313.0,0.1774,4675.0,32.0,16135.0,15483.0,652.0,4.0,52626.0,3735.0,11846.0,8720.0,5733.0,12.43590597,39.44196577,29.03376174,19.08836652,5413.948,39.02877,738.9482421875,7.028770446777344
22117,LA,Washington Parish,44991,9956.0,0.2213,7025.0,43.0,16849.0,16144.0,705.0,4.2,41779.0,4934.0,14086.0,8045.0,3941.0,15.91304909,45.42991679,25.94659098,12.71044314,7448.26,54.970287,423.259765625,11.970287322998047
22119,LA,Webster Parish,35527,7931.0,0.2232,6875.0,45.0,14092.0,13508.0,584.0,4.1,43698.0,3443.0,10982.0,7398.0,3203.0,13.757692,43.88236234,29.56125629,12.79868936,6564.9536,45.980007,-310.04638671875,0.9800071716308594
22121,LA,West Baton Rouge Parish,28034,3313.0,0.1182,4375.0,14.0,13946.0,13492.0,454.0,3.3,71362.0,2060.0,7034.0,5862.0,4482.0,10.59779813,36.1868505,30.1574236,23.05792777,3576.29,32.539253,-798.7099609375,18.53925323486328
22123,LA,West Carroll Parish,9481,1861.0,0.1963,2332.0,18.0,3488.0,3296.0,192.0,5.5,41380.0,1096.0,3044.0,1630.0,949.0,16.31195118,45.30436077,24.25956243,14.12412561,1838.5903,16.465912,-493.40966796875,-1.534088134765625
22125,LA,West Feliciana Parish,15396,1978.0,0.1285,1678.0,7.0,5417.0,5277.0,140.0,2.6,68266.0,1797.0,4352.0,2884.0,2632.0,15.40505787,37.30818688,24.72353193,22.56322332,1416.9224,15.878603,-261.07763671875,8.878602981567383
22127,LA,Winn Parish,13251,2820.0,0.2128,2554.0,13.0,4586.0,4402.0,184.0,4.0,45646.0,1512.0,4522.0,2073.0,1556.0,15.6473145,46.79706095,21.45296492,16.10265963,2091.8691,14.243282,-462.130859375,1.2432823181152344
23001,ME,Androscoggin County,113225,13750.0,0.1214,11961.0,162.0,53206.0,51679.0,1527.0,2.9,62848.0,5888.0,28414.0,25524.0,18317.0,7.534903958,36.3615423,32.6631944,23.44035934,12456.376,155.4286,495.3759765625,-6.5713958740234375
23003,ME,Aroostook County,67322,10138.0,0.1506,10405.0,88.0,28769.0,27631.0,1138.0,4.0,51562.0,4427.0,19467.0,15079.0,11233.0,8.817671195,38.77425009,30.03425885,22.37381986,10376.732,89.73073,-28.267578125,1.7307281494140625
23005,ME,Cumberland County,308837,19827.0,0.0642,35827.0,193.0,163301.0,159534.0,3767.0,2.3,88571.0,7861.0,45480.0,54148.0,117212.0,3.498426798,20.24023035,24.09780108,52.16354177,36034.426,198.1673,207.42578125,5.16729736328125
23007,ME,Franklin County,30595,4061.0,0.1327,3360.0,26.0,13789.0,13316.0,473.0,3.4,52159.0,1339.0,7726.0,6182.0,6504.0,6.156038803,35.52020597,28.42168176,29.90207347,3350.1816,27.853016,-9.818359375,1.8530158996582031
23009,ME,Hancock County,56549,6064.0,0.1072,5357.0,48.0,28745.0,27778.0,967.0,3.4,63879.0,2158.0,12203.0,11651.0,16754.0,5.046064631,28.53434972,27.24360473,39.17598092,6627.676,46.23529,1270.67578125,-1.76470947265625
23011,ME,Kennebec County,126535,14916.0,0.1179,14680.0,143.0,61727.0,60056.0,1671.0,2.7,63191.0,4685.0,30834.0,27212.0,28043.0,5.161169498,33.96787626,29.97774693,30.89320731,14851.9375,144.94641,171.9375,1.9464111328125
23013,ME,Knox County,41179,4194.0,0.1018,4668.0,29.0,20021.0,19447.0,574.0,2.9,65615.0,1792.0,9446.0,7891.0,12283.0,5.704826181,30.07131033,25.12097288,39.10289062,4705.765,33.099594,37.76513671875,4.0995941162109375
23015,ME,Lincoln County,36285,3232.0,0.0891,3843.0,32.0,16780.0,16316.0,464.0,2.8,72657.0,1423.0,8236.0,6929.0,11076.0,5.143869289,29.77154425,25.04699248,40.03759398,3862.194,31.454742,19.194091796875,-0.545257568359375
23017,ME,Oxford County,59458,7462.0,0.1255,6512.0,71.0,26059.0,25234.0,825.0,3.2,58842.0,3301.0,18421.0,12897.0,10050.0,7.389912467,41.23889051,28.87237234,22.49882469,6510.225,67.67231,-1.77490234375,-3.3276901245117188
23019,ME,Penobscot County,154728,21623.0,0.1397,18356.0,153.0,73882.0,71644.0,2238.0,3.0,60761.0,6062.0,35944.0,35059.0,33782.0,5.468799336,32.42667821,31.62828042,30.47624203,18342.426,153.83913,-13.57421875,0.8391265869140625
23021,ME,Piscataquis County,17403,2522.0,0.1449,1777.0,31.0,7345.0,7076.0,269.0,3.7,52529.0,1077.0,5041.0,4406.0,2935.0,8.002080392,37.45449142,32.73645888,21.80696931,1656.8915,28.983326,-120.1085205078125,-2.016674041748047
23023,ME,Sagadahoc County,37372,3424.0,0.0916,3773.0,21.0,19143.0,18706.0,437.0,2.3,73587.0,1477.0,7841.0,7324.0,11619.0,5.226283571,27.74494887,25.9155727,41.11319486,4048.46,22.986628,275.4599609375,1.9866275787353516
23025,ME,Somerset County,51118,7760.0,0.1518,5917.0,49.0,22054.0,21181.0,873.0,4.0,55093.0,2721.0,15769.0,11847.0,7732.0,7.147547874,41.42215451,31.11980877,20.31048885,6230.225,50.944595,313.22509765625,1.9445953369140625
23027,ME,Waldo County,40255,5139.0,0.1277,4193.0,39.0,20356.0,19736.0,620.0,3.0,63619.0,1886.0,9472.0,8169.0,10431.0,6.295480339,31.61759797,27.26817545,34.81874624,4500.1694,39.355957,307.16943359375,0.35595703125
23029,ME,Washington County,31527,4781.0,0.1516,2797.0,28.0,13420.0,12868.0,552.0,4.1,55381.0,2051.0,8062.0,7304.0,5778.0,8.842422936,34.75749084,31.48954516,24.91054106,3314.635,28.251734,517.635009765625,0.25173377990722656
23031,ME,York County,216950,18069.0,0.0833,26496.0,167.0,112574.0,109630.0,2944.0,2.6,81315.0,7883.0,47887.0,49411.0,55574.0,4.903735498,29.78880906,30.73683556,34.57061989,24911.57,194.13277,-1584.4296875,27.132766723632812
24001,MD,Allegany County,67266,11069.0,0.1646,9327.0,87.0,31030.0,29877.0,1153.0,3.7,50582.0,4925.0,19534.0,13348.0,10125.0,10.27497288,40.75356755,27.84778436,21.12367521,9341.901,90.266235,14.9013671875,3.2662353515625
24003,MD,Anne Arundel County,593347,37624.0,0.0634,51196.0,401.0,312778.0,304604.0,8174.0,2.6,112525.0,25592.0,90488.0,109208.0,186124.0,6.220528327,21.994497,26.54468027,45.2402944,51736.77,402.47147,540.76953125,1.471466064453125
24005,MD,Baltimore County,845986,91009.0,0.1076,71468.0,752.0,442812.0,429325.0,13487.0,3.0,86198.0,48818.0,142063.0,153599.0,243592.0,8.301364459,24.1574161,26.11908066,41.42213879,71848.14,752.20856,380.140625,0.20855712890625
24009,MD,Calvert County,94559,5011.0,0.053,7050.0,60.0,48864.0,47524.0,1340.0,2.7,118110.0,3297.0,18529.0,20092.0,22833.0,5.091813254,28.61577427,31.02963661,35.26277586,7038.984,59.890728,-11.01611328125,-0.10927200317382812
24011,MD,Caroline County,33427,4251.0,0.1272,2959.0,47.0,16956.0,16472.0,484.0,2.9,65981.0,3652.0,8947.0,6224.0,4013.0,15.99229287,39.17936591,27.25521107,17.57313015,3397.0608,42.889885,438.060791015625,-4.110115051269531
24013,MD,Carroll County,175472,9468.0,0.054,12141.0,134.0,94395.0,92088.0,2307.0,2.4,105096.0,6225.0,33515.0,33439.0,48262.0,5.125945933,27.59776352,27.53518169,39.74110885,12861.7,139.77274,720.7001953125,5.772735595703125
24015,MD,Cecil County,104870,9831.0,0.0937,8999.0,95.0,53404.0,51756.0,1648.0,3.1,84513.0,6166.0,26111.0,21013.0,19611.0,8.458045843,35.81706698,28.82402162,26.90086556,9542.927,98.52518,543.9267578125,3.525177001953125
24017,MD,Charles County,170111,13513.0,0.0794,18891.0,132.0,85674.0,83028.0,2646.0,3.1,112932.0,6481.0,34355.0,37228.0,36128.0,5.675528934,30.08529494,32.60123301,31.63794311,19044.45,129.31494,153.44921875,-2.68505859375
24019,MD,Dorchester County,32583,4893.0,0.1502,4170.0,22.0,15725.0,15195.0,530.0,3.4,54206.0,3093.0,9413.0,6545.0,4412.0,13.18245749,40.11848442,27.89498359,18.8040745,4958.8584,46.336914,788.8583984375,24.3369140625
24021,MD,Frederick County,287540,15874.0,0.0552,25937.0,166.0,135039.0,131346.0,3693.0,2.7,116796.0,12606.0,44387.0,48554.0,85948.0,6.582939502,23.17919528,25.35523121,44.88263401,29909.33,182.59904,3972.330078125,16.599044799804688
24023,MD,Garrett County,28588,4238.0,0.1482,2674.0,26.0,14829.0,14353.0,476.0,3.2,59080.0,2182.0,8527.0,5492.0,5297.0,10.14978138,39.66415481,25.54656247,24.63950135,3066.8064,31.03233,392.806396484375,5.032329559326172
24025,MD,Harford County,263815,19117.0,0.0725,21825.0,248.0,139568.0,135753.0,3815.0,2.7,100334.0,9865.0,48383.0,52884.0,72505.0,5.372011087,26.34708692,28.79811803,39.48278397,28828.11,265.0009,7003.109375,17.000885009765625
24027,MD,Howard County,335366,18867.0,0.0563,32483.0,137.0,187053.0,182520.0,4533.0,2.4,133068.0,10796.0,28221.0,41745.0,146579.0,4.748813456,12.41351098,18.36228397,64.47539159,32622.389,135.31483,139.388671875,-1.6851654052734375
24029,MD,Kent County,19295,2181.0,0.113,1628.0,15.0,9701.0,9378.0,323.0,3.3,69695.0,1142.0,4558.0,2950.0,5284.0,8.195780106,32.71135352,21.17123583,37.92163054,1832.8624,15.086933,204.8624267578125,0.08693313598632812
24031,MD,Montgomery County,1053067,82175.0,0.078,134293.0,519.0,542899.0,528308.0,14591.0,2.7,118020.0,64162.0,98664.0,128322.0,441960.0,8.752052904,13.45831719,17.503833,60.28579691,134315.25,519.3732,22.25,0.37322998046875
24033,MD,Prince George's County,946980,101043.0,0.1067,96969.0,602.0,491617.0,475409.0,16208.0,3.3,93833.0,87058.0,166011.0,166558.0,236848.0,13.26143417,25.28824403,25.37156784,36.07875395,97339.7,603.9321,370.703125,1.93212890625
24035,MD,Queen Anne's County,51720,3341.0,0.0646,3499.0,46.0,27942.0,27230.0,712.0,2.5,109436.0,2347.0,10206.0,10443.0,13639.0,6.406441927,27.85860516,28.5055275,37.22942541,3860.3025,46.394695,361.302490234375,0.3946952819824219
24037,MD,St. Mary's County,114783,9049.0,0.0788,11805.0,60.0,57285.0,55659.0,1626.0,2.8,112154.0,5859.0,21998.0,21975.0,26951.0,7.630595314,28.64957087,28.61961632,35.1002175,11823.007,64.26366,18.0068359375,4.2636566162109375
24039,MD,Somerset County,24608,4358.0,0.1771,2358.0,21.0,8969.0,8573.0,396.0,4.4,53590.0,2559.0,6878.0,4657.0,2913.0,15.04674546,40.44217087,27.38284236,17.12824131,2848.7166,29.89219,490.716552734375,8.892190933227539
24041,MD,Talbot County,37814,3817.0,0.1009,3332.0,43.0,17395.0,16853.0,542.0,3.1,76583.0,2290.0,6710.0,7728.0,11782.0,8.032269379,23.53560154,27.1062785,41.32585058,3530.3582,37.878994,198.358154296875,-5.121006011962891
24043,MD,Washington County,155257,17387.0,0.112,14802.0,157.0,72075.0,69859.0,2216.0,3.1,69271.0,12296.0,39477.0,31266.0,25539.0,11.32457772,36.35819411,28.79588867,23.5213395,15542.351,157.03587,740.3505859375,0.0358734130859375
24045,MD,Wicomico County,104486,12746.0,0.122,10991.0,100.0,50840.0,49029.0,1811.0,3.6,68851.0,6997.0,22023.0,17747.0,19229.0,10.60215771,33.37020425,26.8910237,29.13661434,11576.623,92.863,585.623046875,-7.137001037597656
24047,MD,Worcester County,53934,4483.0,0.0831,4671.0,50.0,25059.0,23879.0,1180.0,4.7,75969.0,2554.0,12237.0,12487.0,13238.0,6.303682496,30.20288281,30.81992299,32.6735117,4956.773,50.58063,285.77294921875,0.5806312561035156
24510,MD,Baltimore city,569107,104408.0,0.1835,64624.0,490.0,272948.0,262199.0,10749.0,3.9,54735.0,51739.0,112940.0,96388.0,143233.0,12.79718031,27.93470195,23.84071234,35.42740539,64640.21,489.2906,16.2109375,-0.70941162109375
25001,MA,Barnstable County,232078,17549.0,0.0756,22798.0,163.0,111556.0,106399.0,5157.0,4.6,89774.0,6584.0,39009.0,50135.0,86284.0,3.617343911,21.43210338,27.54488715,47.40566556,23110.783,164.29741,312.783203125,1.2974090576171875
25003,MA,Berkshire County,127547,14737.0,0.1155,20687.0,99.0,61916.0,59284.0,2632.0,4.3,71102.0,6037.0,28052.0,25035.0,36639.0,6.304104926,29.2931508,26.1426647,38.26007957,16666.875,112.84705,-4020.125,13.847053527832031
25005,MA,Bristol County,579744,64988.0,0.1121,70761.0,344.0,298713.0,285189.0,13524.0,4.5,80702.0,56274.0,123280.0,104302.0,125347.0,13.75209859,30.12685635,25.48906044,30.63198461,70957.484,347.98483,196.484375,3.984832763671875
25007,MA,Dukes County,20962,1711.0,0.0816,1913.0,0.0,9745.0,9255.0,490.0,5.0,89136.0,758.0,3526.0,3843.0,7817.0,4.754139488,22.11490216,24.10311089,49.02784747,1928.0983,3.97062,15.0982666015625,3.9706199169158936
25009,MA,Essex County,806499,77346.0,0.0959,100323.0,348.0,421534.0,405406.0,16128.0,3.8,92118.0,55892.0,138451.0,132657.0,239863.0,9.85987796,24.42406719,23.40195074,42.31410411,100124.4,350.3892,-198.6015625,2.389190673828125
25011,MA,Franklin County,70995,9425.0,0.1328,8728.0,46.0,40068.0,38748.0,1320.0,3.3,69929.0,3292.0,14715.0,14327.0,21828.0,6.07806211,27.16849452,26.45212511,40.30131827,8874.914,50.99136,146.9140625,4.991359710693359
25013,MA,Hampden County,460758,75753.0,0.1644,78872.0,276.0,222436.0,211709.0,10727.0,4.8,64030.0,41017.0,98467.0,87869.0,92525.0,12.82270115,30.78267339,27.46953526,28.92509019,77730.516,278.03607,-1141.484375,2.03607177734375
25015,MA,Hampshire County,162518,16278.0,0.1002,22604.0,76.0,88857.0,85916.0,2941.0,3.3,81878.0,4515.0,20363.0,23998.0,51116.0,4.515361229,20.36462917,23.99991999,51.12008961,22961.754,77.26711,357.75390625,1.2671127319335938
25017,MA,Middlesex County,1616794,127726.0,0.079,211771.0,397.0,910849.0,883631.0,27218.0,3.0,118494.0,75422.0,200893.0,194935.0,677768.0,6.564039902,17.48388624,16.9653565,58.98671735,211710.97,398.99774,-60.03125,1.99774169921875
25019,MA,Nantucket County,14443,898.0,0.0622,1555.0,0.0,7916.0,7432.0,484.0,6.1,107613.0,419.0,1676.0,2254.0,6101.0,4.009569378,16.03827751,21.56937799,58.38277512,1483.8455,1.8170698,-71.154541015625,1.8170697689056396
25021,MA,Norfolk County,725469,46348.0,0.0639,81950.0,218.0,392560.0,379802.0,12758.0,3.2,115770.0,28926.0,89085.0,99190.0,295617.0,5.640597639,17.37166012,19.34214478,57.64559746,94638.51,473.5859,12688.5078125,255.58590698242188
25023,MA,Plymouth County,533248,40237.0,0.0755,58450.0,187.0,283538.0,272555.0,10983.0,3.9,102647.0,25446.0,99548.0,96156.0,155019.0,6.764512759,26.46363735,25.56191499,41.2099349,58078.734,194.15828,-371.265625,7.1582794189453125
25025,MA,Suffolk County,768812,118607.0,0.1543,122161.0,149.0,453111.0,437082.0,16029.0,3.5,84548.0,68278.0,112975.0,94815.0,274881.0,12.39279861,20.50552773,17.20939688,49.89227678,122296.63,153.01761,135.6328125,4.017608642578125
25027,MA,Worcester County,862873,88902.0,0.103,105395.0,347.0,440791.0,423910.0,16881.0,3.8,86078.0,52349.0,159762.0,155204.0,235094.0,8.689943211,26.52052011,25.76389131,39.02564537,96010.91,672.4976,-9384.09375,325.49761962890625
26001,MI,Alcona County,10397,1330.0,0.1279,483.0,21.0,3867.0,3606.0,261.0,6.7,53788.0,606.0,3201.0,2957.0,1760.0,7.109338339,37.55279212,34.69028625,20.64758329,509.62656,19.138643,26.626556396484375,-1.8613567352294922
26003,MI,Alger County,8773,896.0,0.1021,985.0,7.0,3228.0,2994.0,234.0,7.2,59390.0,436.0,2813.0,2204.0,1385.0,6.376133372,41.13775958,32.23164668,20.25446037,944.7567,9.081457,-40.2432861328125,2.0814571380615234
26005,MI,Allegan County,121290,11735.0,0.0968,11361.0,112.0,62102.0,59858.0,2244.0,3.6,75893.0,6617.0,30242.0,24696.0,21702.0,7.947680075,36.32367248,29.66237073,26.06627671,11585.22,116.54188,224.2197265625,4.541877746582031
26007,MI,Alpena County,28833,4448.0,0.1543,1843.0,40.0,13340.0,12694.0,646.0,4.8,54161.0,1490.0,7790.0,8478.0,3829.0,6.902302312,36.08653356,39.27363691,17.73752722,3980.7034,38.979897,2137.703369140625,-1.0201034545898438
26009,MI,Antrim County,24265,2236.0,0.0921,2029.0,25.0,10091.0,9514.0,577.0,5.7,71945.0,1022.0,5411.0,5543.0,6263.0,5.603377378,29.66719667,30.39092055,34.3385054,2192.6965,22.843489,163.696533203125,-2.1565113067626953
26011,MI,Arenac County,15123,2039.0,0.1348,1472.0,31.0,5784.0,5365.0,419.0,7.2,53615.0,1290.0,4094.0,4164.0,1792.0,11.37566138,36.10229277,36.71957672,15.80246914,1662.0388,26.967117,190.038818359375,-4.0328826904296875
26013,MI,Baraga County,8283,1047.0,0.1264,1042.0,10.0,3075.0,2855.0,220.0,7.2,52491.0,491.0,2429.0,2290.0,1001.0,7.905329255,39.10803413,36.87006923,16.11656738,888.51965,8.461982,-153.4803466796875,-1.5380182266235352
26015,MI,Barry County,63402,5351.0,0.0844,5865.0,57.0,32025.0,30825.0,1200.0,3.7,71173.0,3078.0,16060.0,14574.0,10796.0,6.915610677,36.08340074,32.74467511,24.25631347,6223.272,58.90301,358.27197265625,1.9030113220214844
26017,MI,Bay County,102638,14566.0,0.1419,12083.0,192.0,48979.0,46493.0,2486.0,5.1,56388.0,6140.0,25331.0,27593.0,16084.0,8.170543461,33.70814925,36.7182094,21.40309789,12624.747,187.76904,541.7470703125,-4.23095703125
26019,MI,Benzie County,18327,1784.0,0.0973,1657.0,23.0,8798.0,8342.0,456.0,5.2,65846.0,848.0,3723.0,4583.0,4788.0,6.082341128,26.70348587,32.87189786,34.34227514,1775.7235,16.253931,118.7235107421875,-6.746068954467773
26021,MI,Berrien County,152835,22507.0,0.1473,15744.0,274.0,71953.0,68758.0,3195.0,4.4,61790.0,8287.0,30132.0,36870.0,32651.0,7.677413378,27.91550862,34.15786548,30.24921253,16806.236,258.75082,1062.236328125,-15.249176025390625
26023,MI,Branch County,44502,7035.0,0.1581,4613.0,61.0,19704.0,18912.0,792.0,4.0,63634.0,3522.0,12098.0,10163.0,5242.0,11.35213537,38.99435939,32.75745367,16.89605157,5998.776,39.54007,1385.77587890625,-21.459930419921875
26025,MI,Calhoun County,133424,17996.0,0.1349,16982.0,195.0,60320.0,57498.0,2822.0,4.7,59652.0,8332.0,32209.0,30801.0,20362.0,9.085754166,35.12278636,33.58741167,22.20404781,16057.324,123.672,-924.67578125,-71.3280029296875
26027,MI,Cass County,51477,6135.0,0.1192,3836.0,61.0,23689.0,22667.0,1022.0,4.3,65703.0,3632.0,12611.0,12812.0,7987.0,9.805086118,34.04513795,34.58776524,21.56201069,4454.039,58.784515,618.0390625,-2.215484619140625
26029,MI,Charlevoix County,26173,2271.0,0.0868,2371.0,16.0,12883.0,12290.0,593.0,4.6,71362.0,923.0,5438.0,6675.0,6676.0,4.682426948,27.58725649,33.86262175,33.86769481,2833.8796,22.735483,462.879638671875,6.735483169555664
26031,MI,Cheboygan County,25964,3081.0,0.1187,1991.0,48.0,10374.0,9534.0,840.0,8.1,60849.0,2059.0,6933.0,6397.0,4583.0,10.30943321,34.71359904,32.02984178,22.94712598,2107.4702,47.94031,116.47021484375,-0.059688568115234375
26033,MI,Chippewa County,36207,4299.0,0.1187,4924.0,53.0,15983.0,14985.0,998.0,6.2,58924.0,1831.0,9278.0,8870.0,5587.0,7.161855589,36.29038567,34.69451615,21.85324259,3566.5269,39.369946,-1357.47314453125,-13.630054473876953
26035,MI,Clare County,31307,5328.0,0.1702,2877.0,47.0,11416.0,10648.0,768.0,6.7,47973.0,2713.0,9375.0,7882.0,2981.0,11.82083569,40.84789334,34.34273016,12.9885408,3260.4495,47.27247,383.449462890625,0.27246856689453125
26037,MI,Clinton County,79652,7186.0,0.0902,13155.0,67.0,40317.0,38788.0,1529.0,3.8,80212.0,2497.0,13672.0,20458.0,19067.0,4.483427299,24.54842532,36.73286171,34.23528567,8883.972,54.949795,-4271.0283203125,-12.05020523071289
26039,MI,Crawford County,13434,1881.0,0.14,1211.0,16.0,5479.0,5127.0,352.0,6.4,57600.0,872.0,3413.0,3841.0,2057.0,8.563291761,33.51664539,37.71972896,20.20033389,1534.6577,21.907265,323.65771484375,5.907264709472656
26041,MI,Delta County,36781,4549.0,0.1237,5039.0,45.0,16666.0,15761.0,905.0,5.4,57019.0,2061.0,9566.0,10161.0,5453.0,7.565801549,35.11618516,37.30039279,20.0176205,5337.5483,44.207504,298.54833984375,-0.7924957275390625
26043,MI,Dickinson County,25943,3315.0,0.1278,4093.0,34.0,12256.0,11737.0,519.0,4.2,56349.0,804.0,6398.0,7246.0,4643.0,4.211408517,33.51317375,37.95505736,24.32036038,3663.5369,34.218838,-429.463134765625,0.21883773803710938
26045,MI,Eaton County,108854,9610.0,0.0883,15782.0,128.0,56161.0,53741.0,2420.0,4.3,71499.0,4265.0,21264.0,28558.0,23631.0,5.487789187,27.36045704,36.74567024,30.40608353,15553.502,125.44581,-228.498046875,-2.5541915893554688
26047,MI,Emmet County,34215,2955.0,0.0864,2947.0,46.0,16905.0,15991.0,914.0,5.4,69805.0,1011.0,6247.0,7894.0,10204.0,3.987221959,24.63716675,31.13267077,40.24294053,3220.1064,43.07817,273.1064453125,-2.9218292236328125
26049,MI,Genesee County,401923,65211.0,0.1622,50730.0,604.0,179097.0,169352.0,9745.0,5.4,57443.0,25538.0,88471.0,102331.0,64032.0,9.108612843,31.55486283,36.49829512,22.83822921,48735.2,448.8141,-1994.80078125,-155.1859130859375
26051,MI,Gladwin County,25621,3536.0,0.138,2514.0,38.0,10003.0,9416.0,587.0,5.9,55017.0,2119.0,7199.0,6847.0,2953.0,11.08379538,37.65561251,35.81441573,15.44617638,2487.6853,40.77784,-26.314697265625,2.7778396606445312
26053,MI,Gogebic County,14377,2349.0,0.1634,1883.0,15.0,5756.0,5466.0,290.0,5.0,50142.0,468.0,3616.0,4667.0,2455.0,4.176334107,32.26842763,41.64733179,21.90790648,1834.8429,15.734154,-48.1571044921875,0.7341537475585938
26055,MI,Grand Traverse County,96298,9012.0,0.0936,8874.0,89.0,49730.0,47908.0,1822.0,3.7,74746.0,3398.0,15119.0,23128.0,28070.0,4.874130388,21.68686796,33.17506993,40.26393172,12293.665,65.23734,3419.6650390625,-23.762657165527344
26057,MI,Gratiot County,41104,4343.0,0.1057,4680.0,46.0,17396.0,16609.0,787.0,4.5,58074.0,2321.0,11463.0,9323.0,5427.0,8.134155744,40.1731268,32.67330203,19.01941543,4905.0444,45.323803,225.04443359375,-0.6761970520019531
26059,MI,Hillsdale County,45735,6179.0,0.1351,4229.0,47.0,20127.0,19223.0,904.0,4.5,60070.0,2995.0,12785.0,9227.0,6500.0,9.505824103,40.57828419,29.28555559,20.63033612,5052.6006,49.94275,823.6005859375,2.9427490234375
26061,MI,Houghton County,37160,4871.0,0.1311,3703.0,33.0,16245.0,15477.0,768.0,4.7,55623.0,1193.0,6304.0,6300.0,7964.0,5.482284821,28.96925693,28.95087542,36.59758283,3691.6228,32.629814,-11.377197265625,-0.37018585205078125
26063,MI,Huron County,31145,3693.0,0.1186,3298.0,39.0,14993.0,14303.0,690.0,4.6,50177.0,1879.0,9518.0,7678.0,4080.0,8.114877996,41.10559274,33.15914489,17.62038437,3354.6836,39.193485,56.68359375,0.19348526000976562
26065,MI,Ingham County,283477,43468.0,0.1533,40340.0,295.0,146731.0,140394.0,6337.0,4.3,60571.0,11371.0,37107.0,54280.0,72158.0,6.500834686,21.21418281,31.03203824,41.25294427,40216.332,292.11636,-123.66796875,-2.883636474609375
26067,MI,Ionia County,66836,7295.0,0.1091,7378.0,59.0,30507.0,29354.0,1153.0,3.8,74391.0,4022.0,17809.0,16355.0,8395.0,8.63442176,38.23232649,35.11088212,18.02236964,7630.3833,59.516064,252.38330078125,0.5160636901855469
26069,MI,Iosco County,25473,4600.0,0.1806,1782.0,57.0,10261.0,9619.0,642.0,6.3,46129.0,2144.0,7241.0,6791.0,3450.0,10.92428411,36.89493529,34.60205849,17.5787221,2276.0684,56.191475,494.068359375,-0.8085250854492188
26071,MI,Iron County,11705,1460.0,0.1247,1596.0,28.0,4764.0,4486.0,278.0,5.8,54149.0,592.0,3705.0,2873.0,1858.0,6.557377049,41.03898981,31.82321666,20.58041648,1344.6895,21.453772,-251.310546875,-6.546228408813477
26073,MI,Isabella County,64366,11714.0,0.182,6275.0,70.0,32373.0,30860.0,1513.0,4.7,54642.0,2920.0,11042.0,11143.0,11176.0,8.048289738,30.43466277,30.7130454,30.80400209,7525.084,64.34712,1250.083984375,-5.6528778076171875
26075,MI,Jackson County,159758,19648.0,0.123,20401.0,193.0,73988.0,70758.0,3230.0,4.4,61299.0,8104.0,40108.0,38326.0,25833.0,7.211825115,35.69248294,34.10666453,22.98902742,19778.596,195.95578,-622.404296875,2.955780029296875
26077,MI,Kalamazoo County,260892,30887.0,0.1184,33979.0,223.0,132130.0,127053.0,5077.0,3.8,69689.0,9416.0,37364.0,51448.0,67819.0,5.670683602,22.50206267,30.98399851,40.84325522,34357.773,217.39885,378.7734375,-5.6011505126953125
26079,MI,Kalkaska County,18244,2210.0,0.1211,1901.0,21.0,7909.0,7449.0,460.0,5.8,59160.0,1333.0,5062.0,4425.0,2414.0,10.07254043,38.24996222,33.43660269,18.24089467,2068.7793,20.851582,167.779296875,-0.14841842651367188
26081,MI,Kent County,658920,69096.0,0.1049,75154.0,520.0,362319.0,350035.0,12284.0,3.4,76923.0,34041.0,103829.0,128427.0,174824.0,7.716930275,23.53753279,29.11378057,39.63175637,75060.836,518.0285,-93.1640625,-1.97149658203125
26083,MI,Keweenaw County,2155,227.0,0.1053,252.0,4.0,905.0,851.0,54.0,6.0,57103.0,44.0,479.0,480.0,774.0,2.476083286,26.95554305,27.01181767,43.55655599,300.91153,1.468973,48.911529541015625,-2.5310269594192505
26085,MI,Lake County,12651,2605.0,0.2059,958.0,11.0,3829.0,3562.0,267.0,7.0,48545.0,1673.0,3869.0,2878.0,1202.0,17.38723758,40.20993556,29.91062149,12.49220536,1251.7443,13.353133,293.7442626953125,2.353133201599121
26087,MI,Lapeer County,88632,8617.0,0.0972,8302.0,136.0,40436.0,38693.0,1743.0,4.3,72737.0,4914.0,23713.0,22768.0,12692.0,7.667701718,37.00126391,35.52670588,19.80432849,8676.331,132.88803,374.3310546875,-3.111968994140625
26089,MI,Leelanau County,22883,1671.0,0.073,1841.0,25.0,10365.0,9935.0,430.0,4.1,89007.0,609.0,3312.0,5009.0,8892.0,3.417124902,18.58377286,28.10571204,49.89339019,2056.2979,20.167162,215.2978515625,-4.83283805847168
26091,MI,Lenawee County,98280,10923.0,0.1111,12453.0,102.0,45179.0,43133.0,2046.0,4.5,67486.0,5994.0,24929.0,23108.0,15483.0,8.62272348,35.86184078,33.24222459,22.27321115,12201.412,103.865486,-251.587890625,1.8654861450195312
26093,MI,Livingston County,196134,9680.0,0.0494,23455.0,161.0,103422.0,100456.0,2966.0,2.9,101227.0,5383.0,34338.0,45312.0,54825.0,3.848903888,24.55204565,32.3985757,39.20047477,23390.225,161.17908,-64.775390625,0.1790771484375
26095,MI,Luce County,6274,848.0,0.1352,601.0,15.0,2142.0,2013.0,129.0,6.0,49371.0,353.0,1967.0,1607.0,940.0,7.252927882,40.41504007,33.01828642,19.31374563,591.68756,12.160897,-9.31243896484375,-2.8391027450561523
26097,MI,Mackinac County,10962,1550.0,0.1414,1227.0,19.0,5158.0,4704.0,454.0,8.8,56942.0,670.0,3245.0,2641.0,2010.0,7.82162036,37.88232547,30.83119309,23.46486108,1275.4597,18.743576,48.459716796875,-0.2564239501953125
26099,MI,Macomb County,874235,84662.0,0.0968,127277.0,1238.0,443204.0,426693.0,16511.0,3.7,73927.0,57872.0,181718.0,216329.0,170079.0,9.24475797,29.02852725,34.55745865,27.16925613,127333.95,1240.2936,56.953125,2.2935791015625
26101,MI,Manistee County,25365,3115.0,0.1228,2238.0,44.0,9692.0,9126.0,566.0,5.8,55788.0,1875.0,6343.0,6597.0,4523.0,9.695935464,32.80070328,34.11417934,23.38918192,2258.2246,43.92667,20.224609375,-0.07332992553710938
26103,MI,Marquette County,66548,7141.0,0.1073,9433.0,64.0,31656.0,30107.0,1549.0,4.9,61598.0,1998.0,11839.0,14678.0,15923.0,4.496151942,26.64161303,33.03028939,35.83194563,8031.9404,45.428318,-1401.0595703125,-18.57168197631836
26105,MI,Mason County,29318,2972.0,0.1014,3408.0,45.0,13226.0,12543.0,683.0,5.2,64014.0,1422.0,7149.0,7488.0,5362.0,6.638345549,33.37379207,34.95635124,25.03151113,3213.156,45.117474,-194.843994140625,0.11747360229492188
26107,MI,Mecosta County,40782,8089.0,0.1983,3656.0,39.0,18177.0,17190.0,987.0,5.4,56096.0,2214.0,9817.0,8664.0,6085.0,8.267363704,36.6579537,32.35250187,22.72218073,4202.8076,42.233536,546.8076171875,3.2335357666015625
26109,MI,Menominee County,23225,2792.0,0.1202,2686.0,17.0,10702.0,10257.0,445.0,4.2,50564.0,1333.0,7038.0,5996.0,3152.0,7.608881785,40.17352589,34.22569781,17.99189451,2701.7354,33.84707,15.7353515625,16.847068786621094
26111,MI,Midland County,83762,7341.0,0.0876,9531.0,69.0,40151.0,38455.0,1696.0,4.2,77595.0,2957.0,16344.0,18603.0,21646.0,4.965575147,27.44584383,31.23929471,36.34928631,9798.25,70.63025,267.25,1.6302490234375
26113,MI,Missaukee County,15232,2007.0,0.1318,1287.0,23.0,6840.0,6504.0,336.0,4.9,59230.0,963.0,4323.0,3545.0,1932.0,8.947319521,40.1653814,32.9369135,17.95038558,1500.8505,19.844234,213.8504638671875,-3.1557655334472656
26115,MI,Monroe County,155235,14729.0,0.0949,19903.0,148.0,75015.0,71499.0,3516.0,4.7,72166.0,9104.0,36623.0,38846.0,25849.0,8.244733839,33.166398,35.17958378,23.40928438,19829.951,150.2089,-73.048828125,2.208892822265625
26117,MI,Montcalm County,67209,9215.0,0.1371,6018.0,73.0,27971.0,26742.0,1229.0,4.4,61590.0,5601.0,19001.0,15992.0,7100.0,11.74361555,39.8393928,33.53042311,14.88656854,6440.1304,75.15782,422.13037109375,2.1578216552734375
26119,MI,Montmorency County,9557,1549.0,0.1621,620.0,11.0,3021.0,2780.0,241.0,8.0,50680.0,786.0,2938.0,2512.0,1190.0,10.58443307,39.56369513,33.82709399,16.02477781,916.6023,11.86586,296.602294921875,0.8658599853515625
26121,MI,Muskegon County,175539,24813.0,0.1414,18235.0,187.0,77067.0,73242.0,3825.0,5.0,58303.0,9113.0,42123.0,44136.0,26037.0,7.506033325,34.69512145,36.35315339,21.44569184,18675.322,191.23563,440.322265625,4.235626220703125
26123,MI,Newaygo County,50728,6648.0,0.1311,4608.0,51.0,23277.0,22201.0,1076.0,4.6,57992.0,3657.0,14141.0,11305.0,6565.0,10.25288774,39.64618145,31.69507682,18.40585399,7133.3306,59.68048,2525.33056640625,8.68048095703125
26125,MI,Oakland County,1271025,102636.0,0.0808,175612.0,1263.0,668923.0,648819.0,20104.0,3.0,90801.0,46186.0,162021.0,245514.0,457515.0,5.068500367,17.78035547,26.94296538,50.20817878,175519.86,1259.3228,-92.140625,-3.67724609375
26127,MI,Oceana County,26920,4314.0,0.1603,2636.0,19.0,11450.0,10717.0,733.0,6.4,56853.0,1787.0,7150.0,6074.0,3985.0,9.40724363,37.63950305,31.97515266,20.97810065,3111.3694,22.55599,475.369384765625,3.555990219116211
26129,MI,Ogemaw County,20919,3399.0,0.1625,1650.0,35.0,8261.0,7697.0,564.0,6.8,53480.0,1624.0,5946.0,5661.0,2497.0,10.32553408,37.8051882,35.99313327,15.87614446,1775.4622,33.316936,125.462158203125,-1.6830635070800781
26131,MI,Ontonagon County,5921,834.0,0.1409,553.0,21.0,2028.0,1881.0,147.0,7.2,45694.0,287.0,2004.0,1769.0,813.0,5.889595732,41.12456392,36.30207265,16.6837677,717.19104,18.642046,164.1910400390625,-2.3579540252685547
26133,MI,Osceola County,23279,3594.0,0.1544,1993.0,35.0,11308.0,10786.0,522.0,4.6,54727.0,1690.0,6564.0,5413.0,2672.0,10.34335027,40.17381725,33.12932248,16.35351001,2225.3716,33.251595,232.37158203125,-1.7484054565429688
26135,MI,Oscoda County,8391,1502.0,0.179,502.0,9.0,2772.0,2556.0,216.0,7.8,46626.0,863.0,2242.0,2189.0,923.0,13.88129323,36.06240952,35.20990832,14.84638893,788.42993,10.422323,286.429931640625,1.422323226928711
26137,MI,Otsego County,25561,2744.0,0.1074,2364.0,34.0,11544.0,10935.0,609.0,5.3,65915.0,1109.0,6024.0,6443.0,4732.0,6.057461219,32.90364868,35.19226568,25.84662443,2433.189,34.48274,69.18896484375,0.4827384948730469
26139,MI,Ottawa County,300918,23817.0,0.0791,30958.0,247.0,162867.0,157634.0,5233.0,3.2,85968.0,11207.0,49717.0,57837.0,71321.0,5.895876516,26.15555392,30.42739449,37.52117507,32193.592,246.2291,1235.591796875,-0.770904541015625
26141,MI,Presque Isle County,13343,1626.0,0.1219,625.0,15.0,4904.0,4534.0,370.0,7.5,56375.0,855.0,3672.0,3772.0,2095.0,8.225899557,35.32807389,36.2901674,20.15585915,891.19604,14.487566,266.196044921875,-0.5124340057373047
26143,MI,Roscommon County,23682,3845.0,0.1624,1878.0,27.0,7808.0,7146.0,662.0,8.5,49151.0,1754.0,6168.0,7265.0,3873.0,9.202518363,32.36096537,38.11647429,20.32004197,4475.696,38.048508,2597.69580078125,11.048507690429688
26145,MI,Saginaw County,188373,33127.0,0.1759,23943.0,274.0,83043.0,78542.0,4501.0,5.4,54064.0,11712.0,42985.0,45679.0,30743.0,8.932343901,32.78319694,34.83781908,23.44664008,24089.277,272.0115,146.27734375,-1.988494873046875
26147,MI,St. Clair County,159668,20337.0,0.1274,18484.0,256.0,74805.0,71872.0,2933.0,3.9,64894.0,9099.0,38182.0,44393.0,23387.0,7.907979246,33.18413711,38.58214338,20.32574026,18381.152,256.08392,-102.84765625,0.08392333984375
26149,MI,St. Joseph County,60778,7936.0,0.1306,4909.0,74.0,28503.0,27325.0,1178.0,4.1,60489.0,5650.0,14979.0,13565.0,7066.0,13.69365002,36.30392632,32.87687833,17.12554532,5193.3574,71.45999,284.357421875,-2.540008544921875
26151,MI,Sanilac County,40482,5751.0,0.1421,3555.0,52.0,18881.0,17916.0,965.0,5.1,56079.0,2702.0,12112.0,9592.0,4643.0,9.301525009,41.69506696,33.02006954,15.9833385,5133.307,56.16848,1578.30712890625,4.168479919433594
26153,MI,Schoolcraft County,8174,1033.0,0.1264,962.0,10.0,3157.0,2920.0,237.0,7.5,56707.0,639.0,2234.0,2063.0,1285.0,10.2716605,35.9106253,33.16187108,20.65584311,849.241,9.150219,-112.75897216796875,-0.8497810363769531
26155,MI,Shiawassee County,67967,8145.0,0.1198,8934.0,73.0,32413.0,30908.0,1505.0,4.6,61959.0,3564.0,16829.0,18744.0,9474.0,7.331673901,34.61973627,38.55917385,19.48941598,8866.726,73.05754,-67.2744140625,0.0575408935546875
26157,MI,Tuscola County,52908,6411.0,0.1212,5494.0,67.0,23081.0,21865.0,1216.0,5.3,61978.0,3010.0,17842.0,11746.0,5994.0,7.799543947,46.23237977,30.43635987,15.53171642,5227.6763,67.93182,-266.32373046875,0.93182373046875
26159,MI,Van Buren County,75669,10781.0,0.1425,7704.0,111.0,34307.0,32605.0,1702.0,5.0,61638.0,5868.0,17553.0,17101.0,12024.0,11.16735812,33.40501656,32.54481787,22.88280744,8329.636,101.33551,625.6357421875,-9.66448974609375
26161,MI,Washtenaw County,366504,47071.0,0.1284,59581.0,214.0,195332.0,188405.0,6927.0,3.5,80941.0,9969.0,33448.0,55256.0,136995.0,4.230103366,14.19284757,23.44654344,58.13050563,59557.844,213.35634,-23.15625,-0.6436614990234375
26163,MI,Wayne County,1758942,369107.0,0.2098,242287.0,2370.0,794634.0,757497.0,37137.0,4.7,55928.0,145746.0,355587.0,379280.0,323849.0,12.10050628,29.52247559,31.48957792,26.8874402,242174.11,2368.7024,-112.890625,-1.297607421875
26165,MI,Wexford County,34018,4311.0,0.1267,3490.0,39.0,14891.0,14183.0,708.0,4.8,56379.0,2365.0,8560.0,7779.0,5025.0,9.966707404,36.07400228,32.78267099,21.17661933,4069.0369,40.502594,579.036865234375,1.502593994140625
27001,MN,Aitkin County,16142,2141.0,0.1326,1199.0,11.0,7423.0,7103.0,320.0,4.3,59064.0,806.0,4709.0,4632.0,2373.0,6.437699681,37.61182109,36.99680511,18.95367412,1807.5604,13.4088745,608.5604248046875,2.40887451171875
27003,MN,Anoka County,369108,27085.0,0.0734,45111.0,185.0,197907.0,192915.0,4992.0,2.5,92249.0,14552.0,69231.0,88141.0,79650.0,5.784381534,27.5191395,35.03581451,31.66066446,45444.496,182.15755,333.49609375,-2.8424530029296875
27005,MN,Becker County,35363,3430.0,0.097,3674.0,18.0,19334.0,18789.0,545.0,2.8,67448.0,1633.0,7060.0,9011.0,6728.0,6.683857236,28.89652914,36.88195809,27.53765553,4850.1523,38.829914,1176.15234375,20.829914093017578
27007,MN,Beltrami County,46511,7697.0,0.1655,5180.0,25.0,25010.0,24228.0,782.0,3.1,59882.0,2082.0,7596.0,9887.0,9330.0,7.205398858,26.28828517,34.21699256,32.28932341,5554.197,27.649256,374.19677734375,2.6492557525634766
27009,MN,Benton County,41509,3719.0,0.0896,6607.0,56.0,21567.0,20860.0,707.0,3.3,71493.0,2116.0,8165.0,10529.0,6752.0,7.677236775,29.62412017,38.20114651,24.49749655,6000.859,53.988644,-606.14111328125,-2.0113563537597656
27011,MN,Big Stone County,5149,566.0,0.1099,706.0,5.0,2395.0,2320.0,75.0,3.1,57821.0,250.0,1416.0,1265.0,795.0,6.709608159,38.00322061,33.95061728,21.33655395,687.7057,8.136127,-18.2943115234375,3.136127471923828
27013,MN,Blue Earth County,69603,9788.0,0.1406,8139.0,36.0,40269.0,39405.0,864.0,2.1,68279.0,2050.0,10127.0,14572.0,14080.0,5.020940998,24.80344853,35.69031816,34.48529232,8348.151,40.18208,209.1513671875,4.182079315185547
27015,MN,Brown County,25762,2033.0,0.0789,2793.0,23.0,13852.0,13496.0,356.0,2.6,64093.0,1265.0,6237.0,5956.0,4295.0,7.125556244,35.13209035,33.54925928,24.19309412,2589.1943,21.491148,-203.8056640625,-1.5088520050048828
27017,MN,Carlton County,36544,3580.0,0.098,5079.0,37.0,17540.0,16937.0,603.0,3.4,78478.0,1672.0,7933.0,9624.0,6581.0,6.47810926,30.73614878,37.28787292,25.49786904,4965.666,33.598557,-113.333984375,-3.4014434814453125
27019,MN,Carver County,110120,4960.0,0.045,12740.0,44.0,59102.0,57885.0,1217.0,2.1,117602.0,2662.0,12752.0,20330.0,36434.0,3.688104409,17.66743329,28.16647732,50.47798498,11753.8,57.103355,-986.2001953125,13.103355407714844
27021,MN,Cass County,31308,4265.0,0.1362,3018.0,28.0,14754.0,14165.0,589.0,4.0,67121.0,1258.0,7223.0,8396.0,5758.0,5.557764524,31.91075768,37.09299757,25.43848023,3160.5232,29.571507,142.523193359375,1.5715065002441406
27023,MN,Chippewa County,12269,1244.0,0.1014,1362.0,10.0,6460.0,6310.0,150.0,2.3,61878.0,841.0,2839.0,3149.0,1669.0,9.896446223,33.40786067,37.05577783,19.63991527,1215.3657,12.032465,-146.63427734375,2.0324649810791016
27025,MN,Chisago County,57898,3065.0,0.0529,5961.0,31.0,29835.0,28957.0,878.0,2.9,98183.0,1789.0,13027.0,15853.0,9679.0,4.433924854,32.28660652,39.29067116,23.98879746,5904.135,29.830261,-56.865234375,-1.16973876953125
27027,MN,Clay County,65860,7184.0,0.1091,9976.0,22.0,37560.0,36788.0,772.0,2.1,79357.0,2009.0,8908.0,13576.0,15690.0,4.999626708,22.16857875,33.78543165,39.04636289,9672.112,20.496082,-303.8876953125,-1.5039176940917969
27029,MN,Clearwater County,8638,906.0,0.1049,752.0,7.0,4487.0,4204.0,283.0,6.3,64716.0,670.0,2196.0,1907.0,1067.0,11.47260274,37.60273973,32.65410959,18.27054795,1007.98706,5.6610746,255.987060546875,-1.3389253616333008
27031,MN,Cook County,5721,519.0,0.0907,451.0,4.0,2870.0,2774.0,96.0,3.3,69279.0,121.0,1068.0,1247.0,2045.0,2.700290114,23.83396563,27.82860969,45.63713457,799.4087,1.1777949,348.40869140625,-2.822205066680908
27033,MN,Cottonwood County,11382,1465.0,0.1287,1218.0,8.0,6647.0,6468.0,179.0,2.7,59981.0,588.0,2728.0,2658.0,1772.0,7.591014717,35.21817712,34.3144849,22.87632326,1079.4414,12.497748,-138.55859375,4.497748374938965
27035,MN,Crow Wing County,67884,7126.0,0.105,6711.0,46.0,33473.0,32441.0,1032.0,3.1,67373.0,2653.0,13800.0,18431.0,13957.0,5.431911714,28.25494973,37.73673758,28.57640097,8488.967,55.10705,1777.966796875,9.107051849365234
27037,MN,Dakota County,443272,26859.0,0.0606,57502.0,220.0,241305.0,235800.0,5505.0,2.3,97727.0,13554.0,59179.0,94068.0,134328.0,4.501061007,19.6523749,31.23843934,44.60812476,57767.008,219.51686,265.0078125,-0.4831390380859375
27039,MN,Dodge County,20992,1253.0,0.0597,2628.0,11.0,11890.0,11589.0,301.0,2.5,88994.0,707.0,4027.0,5110.0,4168.0,5.045675136,28.73965173,36.46874108,29.74593206,2584.4553,9.710862,-43.544677734375,-1.289137840270996
27041,MN,Douglas County,39684,3405.0,0.0858,4458.0,29.0,21538.0,21057.0,481.0,2.2,73521.0,1120.0,8447.0,10432.0,8183.0,3.974167909,29.97303243,37.01653538,29.03626428,4515.673,27.711971,57.6728515625,-1.2880287170410156
27043,MN,Faribault County,13930,1465.0,0.1052,1557.0,19.0,7057.0,6845.0,212.0,3.0,67302.0,788.0,3307.0,3676.0,2136.0,7.953971939,33.38043807,37.10507722,21.56051277,1516.2856,9.893329,-40.71435546875,-9.106671333312988
27045,MN,Fillmore County,21454,1697.0,0.0791,2297.0,17.0,11408.0,11124.0,284.0,2.5,72065.0,1052.0,4664.0,5475.0,3481.0,7.170119956,31.78844057,37.31597601,23.72546347,2037.8019,14.638927,-259.1981201171875,-2.361072540283203
27047,MN,Freeborn County,30683,3527.0,0.1149,4038.0,38.0,15904.0,15499.0,405.0,2.5,65632.0,2221.0,7245.0,8485.0,3964.0,10.134611,33.05954825,38.71777321,18.08806753,3893.1267,40.18857,-144.873291015625,2.188568115234375
27049,MN,Goodhue County,48041,4249.0,0.0884,6134.0,44.0,26623.0,25969.0,654.0,2.5,82091.0,2151.0,11191.0,11141.0,9473.0,6.334668394,32.95735658,32.8101072,27.89786783,5954.2715,39.862396,-179.728515625,-4.137603759765625
27051,MN,Grant County,6121,679.0,0.1109,658.0,5.0,3265.0,3174.0,91.0,2.8,68381.0,247.0,1330.0,1924.0,824.0,5.710982659,30.75144509,44.48554913,19.05202312,866.6976,7.7847323,208.69757080078125,2.7847323417663574
27053,MN,Hennepin County,1257066,133681.0,0.1063,172678.0,669.0,701738.0,685129.0,16609.0,2.4,89418.0,53481.0,134455.0,225677.0,472558.0,6.035065467,15.17257956,25.4665296,53.32582538,165323.64,822.3724,-7354.359375,153.37237548828125
27055,MN,Houston County,18727,1403.0,0.0749,2181.0,9.0,10265.0,10039.0,226.0,2.2,76170.0,749.0,4143.0,4793.0,3765.0,5.568773234,30.80297398,35.63568773,27.99256506,2022.3546,9.409079,-158.6453857421875,0.40907859802246094
27057,MN,Hubbard County,21963,2089.0,0.0951,2148.0,17.0,10149.0,9744.0,405.0,4.0,67797.0,859.0,4450.0,5692.0,4818.0,5.430178899,28.13072887,35.98204691,30.45704533,2431.7756,18.677288,283.775634765625,1.6772880554199219
27059,MN,Isanti County,42711,2955.0,0.0692,3667.0,30.0,21643.0,20948.0,695.0,3.2,83212.0,2247.0,10282.0,10912.0,5716.0,7.706554172,35.26425901,37.42497513,19.60421168,3869.6572,32.23019,202.6572265625,2.2301902770996094
27061,MN,Itasca County,45194,5067.0,0.1121,4755.0,55.0,21629.0,20697.0,932.0,4.3,66958.0,1767.0,10114.0,12853.0,8309.0,5.347577399,30.60860091,38.89779984,25.14602185,4289.1143,39.016632,-465.8857421875,-15.983367919921875
27063,MN,Jackson County,9898,886.0,0.0895,874.0,4.0,5423.0,5293.0,130.0,2.4,66694.0,435.0,2260.0,2654.0,1774.0,6.106977397,31.72820441,37.25958164,24.90523656,949.2002,4.8250213,75.2001953125,0.8250212669372559
27065,MN,Kanabec County,16449,1611.0,0.0979,1393.0,16.0,9181.0,8770.0,411.0,4.5,69588.0,1024.0,4376.0,4358.0,1828.0,8.838253064,37.76972208,37.61436216,15.7776627,1459.3337,14.478728,66.333740234375,-1.5212717056274414
27067,MN,Kandiyohi County,43771,3810.0,0.087,4876.0,29.0,23290.0,22654.0,636.0,2.7,72281.0,2714.0,8192.0,10668.0,8019.0,9.171087757,27.68222215,36.04906566,27.09762444,5026.2573,32.386864,150.25732421875,3.3868637084960938
27069,MN,Kittson County,4086,407.0,0.0996,357.0,8.0,2240.0,2180.0,60.0,2.7,65244.0,122.0,973.0,1040.0,830.0,4.114671164,32.81618887,35.07588533,27.99325464,371.13235,6.2600455,14.132354736328125,-1.7399544715881348
27071,MN,Koochiching County,11848,1373.0,0.1159,1591.0,13.0,5847.0,5623.0,224.0,3.8,63035.0,588.0,2836.0,3790.0,1841.0,6.493649917,31.31971287,41.85532855,20.33130867,1533.2449,13.818159,-57.755126953125,0.8181591033935547
27073,MN,Lac qui Parle County,6656,620.0,0.0931,791.0,4.0,3391.0,3304.0,87.0,2.6,67556.0,233.0,1745.0,1794.0,1070.0,4.812061132,36.03882693,37.05080545,22.09830648,416.70444,6.043103,-374.2955627441406,2.0431032180786133
27075,MN,Lake County,10912,906.0,0.083,1121.0,7.0,5349.0,5096.0,253.0,4.7,73724.0,562.0,2536.0,3004.0,2119.0,6.83615132,30.84782873,36.54056684,25.77545311,1382.2168,14.510367,261.216796875,7.510367393493652
27077,MN,Lake of the Woods County,3886,421.0,0.1083,340.0,1.0,2411.0,2337.0,74.0,3.1,62143.0,111.0,995.0,1129.0,609.0,3.902953586,34.9859353,39.697609,21.41350211,287.3954,3.533031,-52.6046142578125,2.5330309867858887
27079,MN,Le Sueur County,29124,1808.0,0.0621,2312.0,13.0,15845.0,15305.0,540.0,3.4,86864.0,1003.0,6544.0,7508.0,5124.0,4.970513901,32.4297537,37.20699737,25.39273502,2545.0823,16.887869,233.082275390625,3.887868881225586
27081,MN,Lincoln County,5576,520.0,0.0933,529.0,2.0,3025.0,2942.0,83.0,2.7,64860.0,226.0,1360.0,1394.0,962.0,5.733130391,34.50025368,35.36276002,24.40385591,459.94437,4.5681615,-69.05563354492188,2.5681614875793457
27083,MN,Lyon County,25433,2764.0,0.1087,2437.0,14.0,14375.0,14033.0,342.0,2.4,70958.0,1335.0,4444.0,5914.0,4695.0,8.14620454,27.11740298,36.08738101,28.64901147,2447.9673,15.374149,10.96728515625,1.3741493225097656
27085,MN,McLeod County,36734,2642.0,0.0719,4832.0,28.0,19274.0,18745.0,529.0,2.7,80874.0,1677.0,8994.0,10042.0,5047.0,6.510093168,34.91459627,38.98291925,19.5923913,4750.9517,30.536823,-81.04833984375,2.536823272705078
27087,MN,Mahnomen County,5339,949.0,0.1777,949.0,2.0,2225.0,2121.0,104.0,4.7,52926.0,432.0,1132.0,1226.0,465.0,13.2718894,34.77726575,37.66513057,14.28571429,950.1273,2.4933147,1.1273193359375,0.4933147430419922
27089,MN,Marshall County,8889,749.0,0.0843,809.0,6.0,5358.0,5153.0,205.0,3.8,70606.0,455.0,2396.0,2260.0,1189.0,7.222222222,38.03174603,35.87301587,18.87301587,1280.745,0.5171081,471.7449951171875,-5.482891917228699
27091,MN,Martin County,19656,2210.0,0.1124,2305.0,21.0,9646.0,9400.0,246.0,2.6,61721.0,749.0,4793.0,5174.0,3345.0,5.326790413,34.08719152,36.79681388,23.78920418,2391.8853,20.392506,86.88525390625,-0.6074943542480469
27093,MN,Meeker County,23526,2141.0,0.091,2267.0,15.0,13604.0,13225.0,379.0,2.8,76506.0,1010.0,5566.0,6200.0,3267.0,6.295580627,34.69425918,38.6461385,20.36402169,2157.2075,15.650261,-109.79248046875,0.6502609252929688
27095,MN,Mille Lacs County,27295,2925.0,0.1072,2412.0,33.0,12620.0,12078.0,542.0,4.3,65294.0,1628.0,6919.0,6876.0,3284.0,8.702624686,36.98615492,36.75629444,17.55492596,2714.8362,32.312084,302.836181640625,-0.6879158020019531
27097,MN,Morrison County,34237,3256.0,0.0951,3733.0,31.0,17239.0,16515.0,724.0,4.2,64588.0,1709.0,8981.0,8618.0,4526.0,7.170428799,37.68146346,36.15842913,18.98967861,3798.271,32.729797,65.27099609375,1.72979736328125
27099,MN,Mower County,40050,3763.0,0.094,5679.0,26.0,20724.0,20222.0,502.0,2.4,68718.0,2737.0,8717.0,8863.0,6230.0,10.3100162,32.83610201,33.38606999,23.46781181,5464.657,28.538511,-214.3427734375,2.538511276245117
27101,MN,Murray County,8040,755.0,0.0939,701.0,8.0,4642.0,4493.0,149.0,3.2,68665.0,530.0,1896.0,1990.0,1388.0,9.131633356,32.66712612,34.28669883,23.9145417,806.9495,8.442036,105.94952392578125,0.4420356750488281
27103,MN,Nicollet County,34343,2860.0,0.0833,3941.0,11.0,20653.0,20258.0,395.0,1.9,78091.0,1133.0,5718.0,7608.0,8021.0,5.040035587,25.43594306,33.84341637,35.68060498,3707.6064,15.343271,-233.3935546875,4.343271255493164
27105,MN,Nobles County,21958,2389.0,0.1088,2340.0,9.0,11132.0,10895.0,237.0,2.1,65374.0,3051.0,4120.0,4137.0,2433.0,22.20362419,29.98326177,30.10697911,17.70613492,1952.7024,22.823893,-387.297607421875,13.823892593383789
27107,MN,Norman County,6371,626.0,0.0983,667.0,6.0,3176.0,3069.0,107.0,3.4,64319.0,297.0,1503.0,1737.0,934.0,6.642809215,33.61664057,38.85036904,20.89018117,579.5534,8.494865,-87.44659423828125,2.4948654174804688
27109,MN,Olmsted County,164036,14379.0,0.0877,26876.0,77.0,90971.0,89078.0,1893.0,2.1,88032.0,5507.0,21908.0,29659.0,53802.0,4.966809769,19.75901007,26.74970237,48.5244778,26528.549,77.466705,-347.451171875,0.466705322265625
27111,MN,Otter Tail County,60544,5203.0,0.0859,5328.0,38.0,31422.0,30522.0,900.0,2.9,65076.0,2605.0,12136.0,16618.0,11817.0,6.033444506,28.10820826,38.48897536,27.36937187,5867.177,40.766197,539.1767578125,2.7661972045898438
27113,MN,Pennington County,13816,1296.0,0.0938,1565.0,11.0,8778.0,8498.0,280.0,3.2,76423.0,525.0,2916.0,4352.0,1868.0,5.43422006,30.18321085,45.04709657,19.33547252,1818.8497,6.5803146,253.8497314453125,-4.419685363769531
27115,MN,Pine County,29533,3376.0,0.1143,2691.0,28.0,14399.0,13789.0,610.0,4.2,65139.0,1879.0,8653.0,7723.0,3568.0,8.610181918,39.65082711,35.3892682,16.34972277,2954.187,31.3669,263.18701171875,3.3668994903564453
27117,MN,Pipestone County,9327,996.0,0.1068,693.0,5.0,4657.0,4545.0,112.0,2.4,65499.0,460.0,2174.0,2274.0,1350.0,7.350591243,34.7395334,36.33748802,21.57238734,851.13605,6.6399584,158.13604736328125,1.639958381652832
27119,MN,Polk County,30725,3170.0,0.1032,4065.0,36.0,16028.0,15575.0,453.0,2.8,69538.0,1413.0,5855.0,7703.0,5851.0,6.786091634,28.1192969,36.99452502,28.10008645,3650.9612,34.500565,-414.038818359375,-1.4994354248046875
27121,MN,Pope County,11420,1162.0,0.1018,1529.0,8.0,6489.0,6338.0,151.0,2.3,68888.0,419.0,2427.0,3428.0,1965.0,5.085568637,29.45745843,41.60699114,23.84998179,1363.695,8.840474,-165.3050537109375,0.8404741287231445
27123,MN,Ramsey County,537303,72217.0,0.1344,71065.0,353.0,284339.0,277002.0,7337.0,2.6,75041.0,31282.0,73756.0,94874.0,167013.0,8.52544798,20.10111058,25.85651019,45.51693125,71349.52,352.6947,284.5234375,-0.3052978515625
27125,MN,Red Lake County,3881,371.0,0.0956,313.0,5.0,2179.0,2099.0,80.0,3.7,74120.0,126.0,985.0,1146.0,483.0,4.598540146,35.94890511,41.82481752,17.62773723,382.9109,3.862554,69.910888671875,-1.1374459266662598
27127,MN,Redwood County,15358,1662.0,0.1082,1582.0,6.0,7579.0,7388.0,191.0,2.5,66582.0,770.0,3712.0,3796.0,2173.0,7.367716008,35.51813224,36.32188307,20.79226868,1547.2888,10.449825,-34.711181640625,4.449825286865234
27129,MN,Renville County,14473,1563.0,0.108,1529.0,7.0,8134.0,7856.0,278.0,3.4,66568.0,861.0,3505.0,3945.0,1873.0,8.454438335,34.41673213,38.73723488,18.39159466,1416.3717,7.33925,-112.6282958984375,0.3392500877380371
27131,MN,Rice County,67523,6425.0,0.0952,7879.0,55.0,37488.0,36564.0,924.0,2.5,77962.0,3028.0,14208.0,13075.0,12805.0,7.022914927,32.9529641,30.32516931,29.69895167,7964.209,57.53522,85.208984375,2.5352210998535156
27133,MN,Rock County,9554,811.0,0.0849,873.0,3.0,5997.0,5901.0,96.0,1.6,69835.0,436.0,2257.0,2131.0,1724.0,6.658521686,34.46854001,32.54428833,26.32864997,975.70544,4.973913,102.7054443359375,1.9739131927490234
27135,MN,Roseau County,15334,1481.0,0.0966,1564.0,10.0,7952.0,7758.0,194.0,2.4,71794.0,742.0,3852.0,3792.0,2161.0,7.035175879,36.52223381,35.95335166,20.48923865,1578.339,12.2496805,14.3389892578125,2.249680519104004
27137,MN,St. Louis County,199558,28093.0,0.1408,26213.0,151.0,100065.0,96942.0,3123.0,3.1,63141.0,6928.0,34880.0,51426.0,44892.0,5.015710294,25.25230587,37.23122367,32.50076018,25886.875,150.97565,-326.125,-0.02435302734375
27139,MN,Scott County,154423,6968.0,0.0451,17924.0,75.0,84028.0,82212.0,1816.0,2.2,115687.0,5056.0,20200.0,31769.0,43155.0,5.046915552,20.16370533,31.71191855,43.07746057,17915.393,76.45576,-8.607421875,1.4557571411132812
27141,MN,Sherburne County,100540,6015.0,0.0598,10443.0,40.0,52941.0,51484.0,1457.0,2.8,97999.0,3668.0,18197.0,25080.0,18370.0,5.615861594,27.86036898,38.3985302,28.12523923,10394.821,40.640747,-48.1787109375,0.6407470703125
27143,MN,Sibley County,14928,1184.0,0.0793,1382.0,9.0,8052.0,7806.0,246.0,3.1,75596.0,783.0,3805.0,3933.0,1943.0,7.482798165,36.36276758,37.58600917,18.56842508,1651.5968,11.515844,269.5968017578125,2.5158443450927734
27145,MN,Stearns County,160242,17033.0,0.1063,22966.0,99.0,89288.0,86975.0,2313.0,2.6,72378.0,7119.0,27524.0,35842.0,28217.0,7.212619805,27.88595976,36.31334725,28.58807319,23152.316,98.00464,186.31640625,-0.995361328125
27147,MN,Steele County,37429,3294.0,0.088,4296.0,33.0,19175.0,18655.0,520.0,2.7,75474.0,1615.0,7679.0,8597.0,7552.0,6.347521912,30.18118933,33.78925441,29.68203435,4356.257,28.177767,60.2568359375,-4.822233200073242
27149,MN,Stevens County,9615,958.0,0.0996,1351.0,5.0,5345.0,5233.0,112.0,2.1,69171.0,398.0,1639.0,1992.0,1791.0,6.838487973,28.16151203,34.22680412,30.77319588,1043.3147,5.911659,-307.685302734375,0.911658763885498
27151,MN,Swift County,9771,901.0,0.0922,829.0,6.0,4828.0,4688.0,140.0,2.9,67166.0,371.0,2216.0,2608.0,1548.0,5.502002076,32.86371051,38.67714667,22.95714074,887.1552,6.4085507,58.15521240234375,0.4085507392883301
27153,MN,Todd County,25533,2561.0,0.1003,2978.0,21.0,13502.0,13089.0,413.0,3.1,66300.0,1947.0,7280.0,5718.0,2670.0,11.05307976,41.32841328,32.46097076,15.15753619,2686.239,28.580507,-291.760986328125,7.580507278442383
27155,MN,Traverse County,3242,434.0,0.1339,361.0,4.0,1635.0,1596.0,39.0,2.4,63913.0,121.0,847.0,928.0,401.0,5.267740531,36.87418372,40.40052242,17.45755333,332.4803,4.5107737,-28.51971435546875,0.5107736587524414
27157,MN,Wabasha County,21652,1597.0,0.0738,2432.0,8.0,12145.0,11845.0,300.0,2.5,78953.0,788.0,4993.0,5572.0,4107.0,5.09702458,32.29624838,36.04139715,26.56532988,2271.6465,11.984041,-160.353515625,3.984041213989258
27159,MN,Wadena County,14236,1652.0,0.116,1847.0,21.0,6041.0,5802.0,239.0,4.0,57527.0,817.0,3290.0,3704.0,1656.0,8.629977818,34.75229745,39.12538291,17.49234182,1732.9719,18.91496,-114.028076171875,-2.0850391387939453
27161,MN,Waseca County,18914,1520.0,0.0804,1959.0,8.0,8615.0,8331.0,284.0,3.3,71519.0,938.0,4667.0,4799.0,2753.0,7.129284791,35.47161207,36.47488029,20.92422285,1875.6904,9.793862,-83.3095703125,1.7938623428344727
27163,MN,Washington County,276169,15451.0,0.0559,34943.0,145.0,144287.0,141152.0,3135.0,2.2,107649.0,6943.0,34620.0,53209.0,90613.0,3.745178952,18.67465005,28.70189066,48.87828034,34696.793,147.11646,-246.20703125,2.116455078125
27165,MN,Watonwan County,11106,1685.0,0.1517,1194.0,7.0,6528.0,6370.0,158.0,2.4,61295.0,869.0,2489.0,2759.0,1360.0,11.62230841,33.28875217,36.89982613,18.18911328,1319.5449,9.005871,125.544921875,2.005870819091797
27167,MN,Wilkin County,6358,638.0,0.1003,608.0,10.0,3386.0,3314.0,72.0,2.1,71924.0,294.0,1407.0,1817.0,965.0,6.55810841,31.3852331,40.53089449,21.525764,507.43973,7.626682,-100.56027221679688,-2.3733181953430176
27169,MN,Winona County,49469,6607.0,0.1336,7076.0,17.0,28278.0,27692.0,586.0,2.1,65699.0,1919.0,8227.0,11056.0,10004.0,6.149458437,26.36351984,35.42908415,32.05793758,6576.8843,21.41845,-499.11572265625,4.418449401855469
27171,MN,Wright County,148118,7779.0,0.0525,13328.0,72.0,76309.0,74427.0,1882.0,2.5,95259.0,4796.0,25456.0,32412.0,32294.0,5.050653973,26.80764127,34.13298511,34.00871964,13487.75,75.949905,159.75,3.9499053955078125
27173,MN,Yellow Medicine County,9484,1010.0,0.1065,1018.0,11.0,5025.0,4891.0,134.0,2.7,67543.0,492.0,2139.0,2713.0,1252.0,7.459066101,32.42874469,41.13098848,18.98120073,930.85693,11.217052,-87.14306640625,0.21705245971679688
28001,MS,Adams County,28517,8392.0,0.2943,3478.0,27.0,10452.0,9923.0,529.0,5.1,39547.0,3330.0,7019.0,6050.0,3923.0,16.38618246,34.53892333,29.77069186,19.30420234,3516.262,31.337626,38.261962890625,4.337625503540039
28003,MS,Alcorn County,34147,6019.0,0.1763,6090.0,51.0,14959.0,14430.0,529.0,3.5,49627.0,3984.0,8399.0,7221.0,4431.0,16.57582692,34.94487206,30.04368629,18.43561473,5611.8975,49.281406,-478.1025390625,-1.7185935974121094
28005,MS,Amite County,12559,2543.0,0.2025,1588.0,12.0,4285.0,4066.0,219.0,5.1,45433.0,1176.0,3994.0,3184.0,725.0,12.95296839,43.99162903,35.06994162,7.985460954,1752.4121,14.001924,164.412109375,2.0019235610961914
28007,MS,Attala County,17530,3933.0,0.2244,3016.0,33.0,6837.0,6553.0,284.0,4.2,44404.0,1730.0,4351.0,3770.0,1844.0,14.79264643,37.2039333,32.23599829,15.76742198,2414.4395,30.043346,-601.560546875,-2.956653594970703
28009,MS,Benton County,7556,1723.0,0.228,1095.0,11.0,3046.0,2900.0,146.0,4.8,43247.0,1037.0,1990.0,1755.0,659.0,19.05899651,36.57415916,32.25510017,12.11174416,1018.2911,12.074489,-76.70892333984375,1.074488639831543
28011,MS,Bolivar County,29461,8072.0,0.274,4318.0,35.0,11139.0,10619.0,520.0,4.7,39984.0,3314.0,4919.0,6290.0,5250.0,16.76022859,24.87735801,31.81105548,26.55135791,4383.606,35.435898,65.60595703125,0.4358978271484375
28013,MS,Calhoun County,12846,2850.0,0.2219,2454.0,27.0,5374.0,5157.0,217.0,4.0,44172.0,1929.0,3078.0,2984.0,1202.0,20.9833569,33.48199717,32.45948004,13.07516589,2088.364,22.277744,-365.635986328125,-4.722255706787109
28015,MS,Carroll County,9736,1850.0,0.19,1135.0,17.0,3328.0,3180.0,148.0,4.4,49397.0,1490.0,2232.0,2356.0,1379.0,19.98122569,29.93160789,31.59447499,18.49269143,1034.5782,15.75794,-100.4217529296875,-1.2420597076416016
28017,MS,Chickasaw County,16863,3633.0,0.2154,3272.0,27.0,6561.0,6270.0,291.0,4.4,43776.0,2193.0,3997.0,3744.0,1406.0,19.33862434,35.24691358,33.01587302,12.39858907,2589.8643,19.12488,-682.1357421875,-7.875120162963867
28019,MS,Choctaw County,8095,1519.0,0.1876,1361.0,9.0,3569.0,3441.0,128.0,3.6,49225.0,813.0,2209.0,1653.0,1067.0,14.15882968,38.47091606,28.78787879,18.58237548,939.3631,11.711456,-421.63690185546875,2.711456298828125
28021,MS,Claiborne County,8775,2568.0,0.2926,1114.0,9.0,2914.0,2682.0,232.0,8.0,35591.0,842.0,1578.0,1682.0,1062.0,16.30518978,30.5577072,32.57164988,20.56545314,1127.3058,9.657513,13.3057861328125,0.6575126647949219
28023,MS,Clarke County,15203,3366.0,0.2214,1694.0,16.0,5585.0,5328.0,257.0,4.6,46524.0,1467.0,3584.0,4090.0,1627.0,13.62369985,33.28380386,37.98291233,15.10958395,2188.1555,17.49161,494.155517578125,1.4916095733642578
28025,MS,Clay County,18311,3958.0,0.2162,2640.0,24.0,8670.0,8322.0,348.0,4.0,43451.0,2188.0,4306.0,3891.0,2312.0,17.23241711,33.91352288,30.64503426,18.20902575,2722.453,15.528642,82.452880859375,-8.471358299255371
28027,MS,Coahoma County,20235,7043.0,0.3481,3314.0,22.0,7582.0,7168.0,414.0,5.5,36071.0,2363.0,3522.0,4736.0,2487.0,18.02715899,26.86908758,36.13060726,18.97314617,3532.6868,21.34744,218.686767578125,-0.6525592803955078
28029,MS,Copiah County,27712,6845.0,0.247,3948.0,30.0,10733.0,10271.0,462.0,4.3,43308.0,2516.0,5894.0,6273.0,3746.0,13.65239568,31.98220196,34.03874329,20.32665907,4291.119,33.264217,343.119140625,3.2642173767089844
28031,MS,Covington County,18142,3774.0,0.208,3719.0,22.0,8197.0,7917.0,280.0,3.4,46630.0,1870.0,3865.0,4549.0,1946.0,15.29026983,31.60261652,37.1954211,15.91169256,2652.3787,23.246618,-1066.621337890625,1.2466182708740234
28033,MS,DeSoto County,191144,18722.0,0.0979,24068.0,130.0,93460.0,90508.0,2952.0,3.2,79967.0,10671.0,36010.0,42623.0,35276.0,8.56558035,28.90512121,34.21335688,28.31594156,24757.22,133.111,689.220703125,3.110992431640625
28035,MS,Forrest County,77976,16194.0,0.2077,11986.0,59.0,33275.0,32056.0,1219.0,3.7,51344.0,4343.0,13104.0,15990.0,13966.0,9.161867392,27.64382001,33.73204228,29.46227032,11814.762,63.230164,-171.23828125,4.23016357421875
28037,MS,Franklin County,7611,1514.0,0.1989,961.0,7.0,2629.0,2491.0,138.0,5.2,47165.0,700.0,1758.0,1887.0,958.0,13.20007543,33.15104658,35.58363191,18.06524609,866.10815,8.871168,-94.891845703125,1.8711681365966797
28039,MS,George County,25199,3815.0,0.1514,3281.0,10.0,8741.0,8315.0,426.0,4.9,61956.0,1965.0,6334.0,5138.0,2780.0,12.11691435,39.05777887,31.682802,17.14250478,2809.2756,33.775463,-471.724365234375,23.775463104248047
28041,MS,Greene County,13566,2454.0,0.1809,1480.0,10.0,4182.0,3947.0,235.0,5.6,52585.0,1961.0,4004.0,2957.0,1207.0,19.36025274,39.5300622,29.19340507,11.91627999,1394.2074,12.592616,-85.7926025390625,2.592616081237793
28043,MS,Grenada County,21134,4133.0,0.1956,2297.0,27.0,8886.0,8565.0,321.0,3.6,46718.0,2266.0,4586.0,4288.0,3453.0,15.52799287,31.42602618,29.38395121,23.66202974,2492.4617,28.524529,195.461669921875,1.5245285034179688
28045,MS,Hancock County,46007,6839.0,0.1487,6510.0,29.0,18973.0,18220.0,753.0,4.0,59874.0,3468.0,10389.0,11639.0,8314.0,10.25732032,30.72759539,34.42472641,24.59035788,6045.3677,37.01568,-464.63232421875,8.015678405761719
28047,MS,Harrison County,210443,39771.0,0.189,27916.0,136.0,87323.0,84104.0,3219.0,3.7,55916.0,15284.0,40484.0,49351.0,35927.0,10.8361811,28.70269274,34.98929427,25.47183188,27989.768,138.49667,73.767578125,2.496673583984375
28049,MS,Hinds County,217555,47221.0,0.2171,29132.0,184.0,101368.0,97470.0,3898.0,3.8,47479.0,16842.0,34423.0,49311.0,45311.0,11.54455161,23.59565965,33.80081844,31.0589703,29370.805,184.14133,238.8046875,0.141326904296875
28051,MS,Holmes County,16111,5242.0,0.3254,2226.0,15.0,5019.0,4695.0,324.0,6.5,31972.0,1869.0,4019.0,3291.0,1460.0,17.56744055,37.77610678,30.9333584,13.72309428,2444.452,15.630623,218.451904296875,0.6306228637695312
28053,MS,Humphreys County,7354,2339.0,0.3181,886.0,11.0,1949.0,1803.0,146.0,7.5,33148.0,1152.0,1372.0,1499.0,969.0,23.07692308,27.48397436,30.02804487,19.41105769,902.19507,10.088042,16.195068359375,-0.9119577407836914
28055,MS,Issaquena County,1262,329.0,0.2607,103.0,2.0,313.0,290.0,23.0,7.3,36922.0,312.0,394.0,206.0,42.0,32.70440252,41.29979036,21.5932914,4.402515723,200.68732,2.299555,97.68731689453125,0.29955506324768066
28057,MS,Itawamba County,23971,2985.0,0.1245,3917.0,35.0,10208.0,9867.0,341.0,3.3,56484.0,2395.0,5733.0,5672.0,2391.0,14.79216849,35.40856031,35.03180779,14.76746341,3483.7258,32.391865,-433.274169921875,-2.608135223388672
28059,MS,Jackson County,144963,22460.0,0.1549,18819.0,97.0,58521.0,56095.0,2426.0,4.1,61515.0,11222.0,26738.0,37036.0,24864.0,11.23773283,26.77548568,37.08792309,24.8988584,18920.293,105.06771,101.29296875,8.067710876464844
28061,MS,Jasper County,16077,3240.0,0.2015,2422.0,13.0,5825.0,5539.0,286.0,4.9,44810.0,1168.0,5134.0,3445.0,1456.0,10.42577881,45.82701062,30.75069178,12.99651879,2366.9563,15.964072,-55.043701171875,2.9640722274780273
28063,MS,Jefferson County,7067,2298.0,0.3252,769.0,4.0,1877.0,1627.0,250.0,13.3,33852.0,924.0,1682.0,1238.0,957.0,19.24599042,35.03436784,25.78629452,19.93334722,861.74304,3.892726,92.7430419921875,-0.10727405548095703
28065,MS,Jefferson Davis County,11079,3432.0,0.3098,1607.0,13.0,3875.0,3685.0,190.0,4.9,36642.0,991.0,3302.0,2601.0,1080.0,12.42789064,41.40958114,32.61851016,13.54401806,2051.0325,18.438498,444.032470703125,5.438497543334961
28067,MS,Jones County,66440,11855.0,0.1784,10857.0,60.0,24820.0,23820.0,1000.0,4.0,58000.0,5649.0,13999.0,15337.0,8760.0,12.91347583,32.00137159,35.06000686,20.02514573,10227.491,60.396374,-629.5087890625,0.3963737487792969
28069,MS,Kemper County,8670,2163.0,0.2495,1024.0,9.0,3236.0,3049.0,187.0,5.8,39856.0,1224.0,1857.0,1846.0,1064.0,20.43064597,30.99649474,30.812886,17.75997329,1150.3652,12.40896,126.365234375,3.4089603424072266
28071,MS,Lafayette County,57730,9234.0,0.16,8751.0,44.0,28016.0,27149.0,867.0,3.1,61736.0,2670.0,7091.0,8657.0,14636.0,8.077691051,21.45277425,26.19047619,44.27905851,6807.783,19.821133,-1943.216796875,-24.17886734008789
28073,MS,Lamar County,65746,9837.0,0.1496,9899.0,28.0,31649.0,30707.0,942.0,3.0,62326.0,3778.0,11767.0,13706.0,14563.0,8.622814625,26.85671247,31.28223855,33.23823435,9647.897,34.403233,-251.1025390625,6.403232574462891
28075,MS,Lauderdale County,71142,16097.0,0.2263,8607.0,59.0,28711.0,27574.0,1137.0,4.0,49351.0,7265.0,13570.0,17648.0,10664.0,14.78218406,27.61104442,35.90860073,21.69817079,8703.844,60.768456,96.84375,1.7684555053710938
28077,MS,Lawrence County,11761,2410.0,0.2049,1956.0,14.0,4760.0,4541.0,219.0,4.6,46407.0,1406.0,3084.0,2367.0,997.0,17.90170614,39.26661574,30.13750955,12.69416858,1754.7325,14.628682,-201.2674560546875,0.6286821365356445
28079,MS,Leake County,21203,4456.0,0.2102,3104.0,41.0,7817.0,7498.0,319.0,4.1,46429.0,2529.0,5039.0,4135.0,2525.0,17.77481023,35.41608097,29.06241215,17.74669665,2812.777,27.496231,-291.222900390625,-13.503768920898438
28081,MS,Lee County,82824,11046.0,0.1334,14969.0,76.0,40555.0,39233.0,1322.0,3.3,58266.0,6743.0,15405.0,17268.0,15904.0,12.18908171,27.84707158,31.21475054,28.74909617,9302.723,82.921196,-5666.27734375,6.921195983886719
28083,MS,Leflore County,26664,8835.0,0.3313,3187.0,37.0,9365.0,8870.0,495.0,5.3,35520.0,2951.0,5291.0,5496.0,3432.0,17.18695399,30.81537566,32.00931858,19.98835178,3360.9897,36.18311,173.98974609375,-0.8168907165527344
28085,MS,Lincoln County,34764,7059.0,0.2031,4349.0,28.0,14764.0,14229.0,535.0,3.6,48596.0,3107.0,8803.0,7669.0,4417.0,12.94799133,36.68528088,31.95949325,18.40723454,5584.7144,45.24939,1235.71435546875,17.2493896484375
28087,MS,Lowndes County,57671,10777.0,0.1869,8824.0,51.0,24478.0,23494.0,984.0,4.0,49344.0,4617.0,12404.0,11402.0,10277.0,11.93023256,32.05167959,29.4625323,26.55555556,8900.273,54.821144,76.2734375,3.8211441040039062
28089,MS,Madison County,111271,11823.0,0.1063,14167.0,65.0,53152.0,51524.0,1628.0,3.1,80641.0,5794.0,12900.0,19200.0,36191.0,7.82074644,17.41243167,25.91617736,48.85064453,13866.684,63.64429,-300.31640625,-1.3557090759277344
28091,MS,Marion County,24166,4994.0,0.2067,3838.0,28.0,10114.0,9737.0,377.0,3.7,44129.0,2928.0,5851.0,5901.0,2093.0,17.45662672,34.88344363,35.18154176,12.47838789,3600.772,29.287966,-237.22802734375,1.2879657745361328
28093,MS,Marshall County,33905,6219.0,0.1834,4522.0,38.0,14201.0,13638.0,563.0,4.0,52162.0,4342.0,8447.0,7371.0,3428.0,18.40766491,35.81058165,31.24894014,14.53281329,4443.1055,38.044064,-78.89453125,0.044063568115234375
28095,MS,Monroe County,33568,5045.0,0.1503,5777.0,46.0,15487.0,14884.0,603.0,3.9,51754.0,3483.0,9554.0,6772.0,3885.0,14.69992403,40.3224445,28.58107538,16.39655609,5316.9116,45.933662,-460.08837890625,-0.06633758544921875
28097,MS,Montgomery County,9563,2285.0,0.2389,1596.0,30.0,3893.0,3731.0,162.0,4.2,42195.0,1248.0,2010.0,2069.0,1382.0,18.60187807,29.95975555,30.83917126,20.59919511,1412.6028,23.757708,-183.397216796875,-6.242292404174805
28099,MS,Neshoba County,28804,6533.0,0.2268,5360.0,37.0,9845.0,9424.0,421.0,4.3,50331.0,3267.0,6090.0,6023.0,3005.0,17.76992113,33.12483002,32.7604025,16.34484634,3189.259,38.423664,-2170.740966796875,1.4236640930175781
28101,MS,Newton County,21023,3922.0,0.1866,2864.0,18.0,7944.0,7611.0,333.0,4.2,47320.0,1920.0,4520.0,4808.0,2391.0,14.07727839,33.14025955,35.25185131,17.53061075,2695.1042,20.751081,-168.895751953125,2.7510814666748047
28103,MS,Noxubee County,10000,2751.0,0.2751,1532.0,7.0,3386.0,3189.0,197.0,5.8,36608.0,1354.0,2805.0,1836.0,752.0,20.06817845,41.5740329,27.21209426,11.14569438,1619.2651,9.114021,87.26513671875,2.1140213012695312
28105,MS,Oktibbeha County,51384,10762.0,0.2094,5771.0,32.0,22056.0,21176.0,880.0,4.0,47284.0,2371.0,5928.0,5988.0,12053.0,9.001518603,22.50569476,22.73348519,45.75930144,6102.431,31.715494,331.43115234375,-0.28450584411621094
28107,MS,Panola County,32592,7896.0,0.2423,5042.0,39.0,12276.0,11715.0,561.0,4.6,40595.0,3580.0,7356.0,7618.0,3402.0,16.30533795,33.50337038,34.69666606,15.49462561,5037.127,40.14964,-4.873046875,1.1496391296386719
28109,MS,Pearl River County,57183,9833.0,0.172,7310.0,42.0,23453.0,22569.0,884.0,3.8,55830.0,4747.0,14026.0,13967.0,6217.0,12.18522987,36.00379906,35.85235003,15.95862104,7555.531,46.621895,245.53076171875,4.621894836425781
28111,MS,Perry County,11398,2133.0,0.1871,1419.0,8.0,4245.0,4047.0,198.0,4.7,45071.0,885.0,3374.0,2705.0,895.0,11.26097468,42.9316707,34.41913729,11.38821733,1415.9135,12.181279,-3.0865478515625,4.181279182434082
28113,MS,Pike County,39687,9923.0,0.25,6066.0,34.0,13987.0,13327.0,660.0,4.7,40945.0,4390.0,8862.0,8424.0,4091.0,17.03729577,34.39282804,32.69297939,15.87689681,5868.6113,36.607136,-197.388671875,2.607135772705078
28115,MS,Pontotoc County,31367,5466.0,0.1743,4846.0,43.0,14816.0,14316.0,500.0,3.4,51086.0,4350.0,5629.0,6954.0,3645.0,21.13908057,27.35445622,33.79337156,17.71309165,3701.8264,30.949429,-1144.173583984375,-12.05057144165039
28117,MS,Prentiss County,24891,3951.0,0.1587,4493.0,25.0,11206.0,10840.0,366.0,3.3,49217.0,2683.0,4989.0,5867.0,3085.0,16.13931665,30.01082772,35.29234841,18.55750722,4086.6855,27.941675,-406.314453125,2.9416751861572266
28119,MS,Quitman County,5674,1749.0,0.3082,645.0,8.0,2299.0,2173.0,126.0,5.5,40255.0,943.0,1222.0,1283.0,620.0,23.18092429,30.03933137,31.53883972,15.24090462,969.8684,11.3183,324.868408203125,3.318300247192383
28121,MS,Rankin County,158978,15716.0,0.0989,20875.0,115.0,76286.0,74103.0,2183.0,2.9,72906.0,10634.0,24880.0,38463.0,36086.0,9.661739186,22.60523518,34.94634891,32.78667672,21315.318,182.12523,440.318359375,67.12522888183594
28123,MS,Scott County,27560,6264.0,0.2273,2656.0,23.0,12233.0,11810.0,423.0,3.5,45764.0,3751.0,5540.0,6157.0,2123.0,21.34767515,31.52922429,35.04069205,12.08240851,3087.9912,22.777779,431.9912109375,-0.22222137451171875
28125,MS,Sharkey County,3462,1203.0,0.3475,460.0,7.0,1302.0,1226.0,76.0,5.8,36375.0,464.0,1000.0,600.0,377.0,19.00860303,40.96681688,24.58009013,15.44448996,674.8488,5.9899244,214.84881591796875,-1.010075569152832
28127,MS,Simpson County,25623,4117.0,0.1607,3412.0,42.0,10553.0,10163.0,390.0,3.7,50994.0,3209.0,5822.0,5643.0,2900.0,18.25992944,33.12848526,32.10993513,16.50165017,3036.5986,31.217035,-375.4013671875,-10.782964706420898
28129,MS,Smith County,14082,2411.0,0.1712,2079.0,18.0,6589.0,6353.0,236.0,3.6,51746.0,1727.0,3623.0,3036.0,1370.0,17.70192702,37.13612136,31.11931119,14.04264043,1825.1694,18.488388,-253.83056640625,0.4883880615234375
28131,MS,Stone County,18641,3164.0,0.1697,2754.0,13.0,6897.0,6616.0,281.0,4.1,54283.0,1466.0,4350.0,4590.0,1777.0,12.03316096,35.70549126,37.6754494,14.58589838,2763.3687,16.36811,9.36865234375,3.3681106567382812
28133,MS,Sunflower County,24837,6688.0,0.2693,2170.0,23.0,7175.0,6771.0,404.0,5.6,38423.0,4198.0,5354.0,4843.0,2928.0,24.23367777,30.9068868,27.95705132,16.90238411,2321.992,26.725578,151.991943359375,3.7255783081054688
28135,MS,Tallahatchie County,12067,3214.0,0.2663,1335.0,11.0,4641.0,4450.0,191.0,4.1,39009.0,1636.0,3053.0,2930.0,1031.0,18.9132948,35.29479769,33.87283237,11.91907514,2331.7957,17.519197,996.795654296875,6.519197463989258
28137,MS,Tate County,28259,5004.0,0.1771,3554.0,35.0,12104.0,11642.0,462.0,3.8,58623.0,2841.0,5836.0,5801.0,3830.0,15.51780642,31.87677518,31.68560192,20.91981647,3537.807,29.867477,-16.193115234375,-5.1325225830078125
28139,MS,Tippah County,21438,3335.0,0.1556,3531.0,33.0,9727.0,9404.0,323.0,3.3,52635.0,2603.0,4682.0,4660.0,2337.0,18.22573869,32.78252346,32.62848341,16.36325445,3243.3823,30.222548,-287.61767578125,-2.7774524688720703
28141,MS,Tishomingo County,18621,2724.0,0.1463,3352.0,25.0,8417.0,8115.0,302.0,3.6,51652.0,2237.0,4507.0,4450.0,2193.0,16.71024128,33.66699036,33.24120415,16.3815642,2347.526,27.482147,-1004.47412109375,2.482147216796875
28143,MS,Tunica County,9407,2610.0,0.2775,1191.0,10.0,4155.0,3972.0,183.0,4.4,37694.0,1089.0,2282.0,1673.0,965.0,18.12281578,37.97636878,27.84157098,16.05924447,1357.5284,11.222143,166.5284423828125,1.2221431732177734
28145,MS,Union County,28132,3852.0,0.1369,4423.0,32.0,14554.0,14136.0,418.0,2.9,56050.0,3975.0,5877.0,5528.0,3170.0,21.42857143,31.6819407,29.80053908,17.08894879,3952.3145,37.786087,-470.685546875,5.7860870361328125
28147,MS,Walthall County,13824,2614.0,0.1891,2149.0,17.0,5005.0,4769.0,236.0,4.7,40828.0,1872.0,3177.0,3093.0,1234.0,19.96587031,33.88438567,32.98848123,13.1612628,1988.6311,16.283203,-160.368896484375,-0.716796875
28149,MS,Warren County,42635,8250.0,0.1935,5098.0,38.0,19361.0,18573.0,788.0,4.1,52117.0,3549.0,8356.0,9938.0,7864.0,11.94667923,28.12805063,33.45339482,26.47187532,7964.137,42.819668,2866.13720703125,4.819667816162109
28151,MS,Washington County,42524,11375.0,0.2675,4374.0,38.0,14638.0,13813.0,825.0,5.6,39690.0,6005.0,9387.0,7560.0,5931.0,20.79077658,32.50008656,26.17456635,20.53457051,5684.967,45.84703,1310.966796875,7.8470306396484375
28153,MS,Wayne County,19583,5115.0,0.2612,2255.0,17.0,7090.0,6755.0,335.0,4.7,43562.0,2041.0,4985.0,3578.0,2127.0,16.03173356,39.15638991,28.1046265,16.70725002,2580.7893,22.39196,325.789306640625,5.391960144042969
28155,MS,Webster County,9944,1887.0,0.1898,1730.0,24.0,3873.0,3726.0,147.0,3.8,51249.0,1069.0,2542.0,1809.0,1363.0,15.75998821,37.47604305,26.66961521,20.09435353,1550.8792,23.034166,-179.120849609375,-0.9658336639404297
28157,MS,Wilkinson County,8203,2238.0,0.2728,752.0,7.0,2568.0,2408.0,160.0,6.2,36798.0,758.0,2513.0,2094.0,703.0,12.49176005,41.41397495,34.50889914,11.58536585,851.09644,8.77092,99.096435546875,1.7709197998046875
28159,MS,Winston County,17504,3734.0,0.2133,3076.0,11.0,7135.0,6832.0,303.0,4.2,50082.0,1986.0,4453.0,3441.0,2252.0,16.36993076,36.70458292,28.36300692,18.56247939,2720.771,18.269894,-355.22900390625,7.269893646240234
28161,MS,Yalobusha County,12413,2176.0,0.1753,2074.0,14.0,4767.0,4579.0,188.0,3.9,45658.0,1421.0,4043.0,2402.0,1106.0,15.83816317,45.06241641,26.77218012,12.3272403,1810.9347,19.77955,-263.0653076171875,5.779550552368164
28163,MS,Yazoo County,25893,7948.0,0.307,4717.0,20.0,8841.0,8451.0,390.0,4.4,39620.0,4736.0,6687.0,4804.0,2479.0,25.31807976,35.74788838,25.68159949,13.25243237,4649.917,21.444775,-67.0830078125,1.4447746276855469
29001,MO,Adair County,25151,6334.0,0.2518,2152.0,17.0,9771.0,9468.0,303.0,3.1,46433.0,1020.0,4653.0,3441.0,4918.0,7.269099202,33.15992018,24.52251995,35.04846066,2271.8342,17.347359,119.834228515625,0.34735870361328125
29003,MO,Andrew County,18016,1418.0,0.0787,2051.0,23.0,9325.0,9120.0,205.0,2.2,72630.0,764.0,4874.0,3675.0,3431.0,5.994978029,38.24544884,28.83709981,26.92247332,1655.7437,21.477205,-395.25634765625,-1.5227947235107422
29005,MO,Atchison County,5161,629.0,0.1219,816.0,6.0,2536.0,2474.0,62.0,2.4,57883.0,312.0,1637.0,1032.0,843.0,8.158995816,42.80857741,26.9874477,22.04497908,572.47754,7.7619686,-243.5224609375,1.7619686126708984
29007,MO,Audrain County,24482,4127.0,0.1686,2262.0,34.0,9832.0,9528.0,304.0,3.1,56305.0,1984.0,7114.0,5305.0,2768.0,11.55436492,41.43031856,30.89511385,16.12020267,2550.9583,35.540543,288.958251953125,1.5405426025390625
29009,MO,Barry County,34944,5728.0,0.1639,2847.0,53.0,14092.0,13692.0,400.0,2.8,49968.0,3624.0,10483.0,7061.0,3270.0,14.82936411,42.89630903,28.89352648,13.38080039,3123.9958,52.191826,276.995849609375,-0.8081741333007812
29011,MO,Barton County,11695,1762.0,0.1507,1272.0,14.0,5159.0,5034.0,125.0,2.4,49857.0,1123.0,3256.0,2228.0,1446.0,13.94511362,40.43213709,27.66670806,17.95604123,1343.0997,15.895188,71.0997314453125,1.895188331604004
29013,MO,Bates County,16170,2605.0,0.1611,1563.0,39.0,7582.0,7369.0,213.0,2.8,57291.0,1226.0,5152.0,3070.0,1703.0,10.99452964,46.20213434,27.53116312,15.2721729,1932.5626,34.281017,369.5626220703125,-4.718982696533203
29015,MO,Benton County,20233,2937.0,0.1452,2219.0,41.0,7133.0,6864.0,269.0,3.8,51473.0,1677.0,6640.0,4726.0,2336.0,10.90448014,43.17575915,30.73021653,15.18954418,2262.988,39.242733,43.988037109375,-1.7572669982910156
29017,MO,Bollinger County,10531,1228.0,0.1166,1158.0,13.0,5231.0,5089.0,142.0,2.7,53932.0,1039.0,3617.0,1823.0,1070.0,13.76341237,47.91363094,24.14889389,14.17406279,1051.1246,11.296783,-106.8753662109375,-1.703216552734375
29019,MO,Boone County,187721,29565.0,0.1575,25180.0,84.0,99229.0,97207.0,2022.0,2.0,63981.0,6116.0,22739.0,26466.0,57589.0,5.416703569,20.1390488,23.43990789,51.00433974,25309.62,83.99015,129.619140625,-0.00984954833984375
29021,MO,Buchanan County,82891,13932.0,0.1681,11006.0,85.0,41786.0,40747.0,1039.0,2.5,56751.0,5834.0,21862.0,16150.0,13354.0,10.1993007,38.22027972,28.23426573,23.34615385,10854.255,84.417015,-151.7451171875,-0.5829849243164062
29023,MO,Butler County,42166,8078.0,0.1916,4639.0,46.0,17707.0,17165.0,542.0,3.1,44853.0,4500.0,11536.0,8547.0,4416.0,15.51777648,39.78068209,29.47343012,15.22811131,5357.7383,53.15265,718.73828125,7.15264892578125
29025,MO,Caldwell County,8939,1088.0,0.1217,662.0,15.0,4215.0,4095.0,120.0,2.8,56660.0,560.0,2482.0,1929.0,1120.0,9.193892628,40.74864554,31.66967657,18.38778526,846.8908,12.893083,184.89080810546875,-2.106917381286621
29027,MO,Callaway County,44723,4379.0,0.0979,5395.0,45.0,21406.0,20897.0,509.0,2.4,72398.0,2884.0,10784.0,9462.0,7860.0,9.306227815,34.79832204,30.53242982,25.36302033,5704.909,45.22783,309.9091796875,0.2278289794921875
29029,MO,Camden County,43760,5405.0,0.1235,3651.0,43.0,18983.0,18365.0,618.0,3.3,63703.0,2550.0,11697.0,10952.0,8160.0,7.644114032,35.06400072,32.83072035,24.4611649,3919.3623,41.75804,268.3623046875,-1.2419586181640625
29031,MO,Cape Girardeau County,82931,11048.0,0.1332,8899.0,60.0,39967.0,39042.0,925.0,2.3,64118.0,3805.0,17011.0,14258.0,17967.0,7.17369582,32.07141645,26.88109199,33.87379574,8966.602,63.31998,67.6015625,3.3199806213378906
29033,MO,Carroll County,8420,1185.0,0.1407,923.0,8.0,4348.0,4230.0,118.0,2.7,56818.0,617.0,2656.0,1484.0,1207.0,10.34540577,44.53386989,24.88262911,20.23809524,883.40137,10.095748,-39.5986328125,2.095747947692871
29035,MO,Carter County,5254,1017.0,0.1936,508.0,5.0,2462.0,2370.0,92.0,3.7,42907.0,528.0,1685.0,879.0,476.0,14.79820628,47.22533632,24.63565022,13.34080717,782.1835,7.0593815,274.1834716796875,2.0593814849853516
29037,MO,Cass County,110357,8972.0,0.0813,11999.0,113.0,54571.0,53216.0,1355.0,2.5,77805.0,4764.0,24186.0,24557.0,21696.0,6.334853663,32.16095103,32.65428241,28.8499129,12919.769,105.06505,920.7685546875,-7.9349517822265625
29039,MO,Cedar County,14601,2351.0,0.161,1527.0,21.0,5638.0,5480.0,158.0,2.8,45952.0,1188.0,4018.0,3015.0,1775.0,11.8847539,40.19607843,30.16206483,17.75710284,1553.5232,22.475142,26.523193359375,1.4751415252685547
29041,MO,Chariton County,7395,934.0,0.1263,681.0,10.0,3655.0,3577.0,78.0,2.1,56633.0,451.0,2366.0,1353.0,1002.0,8.720030936,45.74632637,26.16009281,19.37354988,484.93326,7.6183624,-196.06674194335938,-2.3816375732421875
29043,MO,Christian County,93122,7730.0,0.083,9593.0,70.0,47079.0,46084.0,995.0,2.1,73616.0,4114.0,16712.0,20861.0,20138.0,6.654266074,27.03113627,33.74201375,32.57258391,9992.441,64.18715,399.44140625,-5.8128509521484375
29045,MO,Clark County,6715,858.0,0.1278,592.0,18.0,2964.0,2866.0,98.0,3.3,63249.0,468.0,2305.0,1329.0,573.0,10.01069519,49.30481283,28.42780749,12.25668449,784.7634,13.085004,192.763427734375,-4.914996147155762
29047,MO,Clay County,256930,19491.0,0.0759,13807.0,342.0,137802.0,134241.0,3561.0,2.6,78930.0,9744.0,46784.0,55301.0,62919.0,5.576029482,26.77226635,31.64614187,36.0055623,14634.534,331.75452,827.5341796875,-10.2454833984375
29049,MO,Clinton County,21303,2655.0,0.1246,2047.0,29.0,10548.0,10239.0,309.0,2.9,68337.0,929.0,6189.0,4314.0,3363.0,6.279148361,41.8316999,29.15849949,22.73065225,2007.1633,26.830597,-39.836669921875,-2.169403076171875
29051,MO,Cole County,76956,7108.0,0.0924,8524.0,64.0,38856.0,38065.0,791.0,2.0,70837.0,3406.0,15684.0,14209.0,19952.0,6.396124016,29.45296802,26.68306698,37.46784098,9742.331,50.4929,1218.3310546875,-13.507099151611328
29053,MO,Cooper County,16763,1773.0,0.1058,1413.0,22.0,7036.0,6862.0,174.0,2.5,63247.0,1077.0,4561.0,3145.0,2779.0,9.314997405,39.44819235,27.20117627,24.03563397,1822.4135,23.85788,409.4134521484375,1.857879638671875
29055,MO,Crawford County,22659,3406.0,0.1503,2275.0,37.0,10685.0,10371.0,314.0,2.9,52536.0,2430.0,6477.0,5174.0,2060.0,15.05482932,40.1276253,32.05501518,12.7625302,2597.4573,34.20251,322.457275390625,-2.7974891662597656
29057,MO,Dade County,7665,1373.0,0.1791,767.0,9.0,3409.0,3331.0,78.0,2.3,49386.0,502.0,2324.0,1881.0,844.0,9.043415601,41.86633039,33.88578634,15.20446766,800.3897,9.167002,33.38970947265625,0.16700172424316406
29059,MO,Dallas County,17587,2755.0,0.1566,1930.0,21.0,7162.0,6962.0,200.0,2.8,49830.0,1167.0,5757.0,3338.0,1782.0,9.689471936,47.79973431,27.71504484,14.79574892,1752.4457,22.670427,-177.5543212890625,1.6704273223876953
29061,MO,Daviess County,8457,1266.0,0.1497,689.0,18.0,3931.0,3832.0,99.0,2.5,53639.0,815.0,2260.0,1566.0,1047.0,14.32841069,39.73277075,27.53164557,18.407173,749.6485,14.465556,60.64849853515625,-3.5344438552856445
29063,MO,DeKalb County,11310,1169.0,0.1034,781.0,12.0,3998.0,3890.0,108.0,2.7,66880.0,911.0,3542.0,2555.0,1219.0,11.07329525,43.05336088,31.05627811,14.81706576,980.8295,13.217399,199.82952880859375,1.2173986434936523
29065,MO,Dent County,14488,2550.0,0.176,1531.0,33.0,6046.0,5850.0,196.0,3.2,52945.0,1474.0,4000.0,2926.0,1859.0,14.36787211,38.99015499,28.52129837,18.12067453,1949.0488,26.772408,418.048828125,-6.227592468261719
29067,MO,Douglas County,11981,2188.0,0.1826,1067.0,19.0,5094.0,4951.0,143.0,2.8,43694.0,1387.0,3087.0,2682.0,1315.0,16.37350962,36.44197851,31.66096093,15.52355094,1269.7241,20.0651,202.72412109375,1.0650997161865234
29069,MO,Dunklin County,27411,6882.0,0.2511,4520.0,41.0,10845.0,10390.0,455.0,4.2,39688.0,3672.0,7536.0,4823.0,2319.0,20.01089918,41.06811989,26.28337875,12.63760218,4693.91,39.07271,173.91015625,-1.9272918701171875
29071,MO,Franklin County,105793,9199.0,0.087,13303.0,133.0,52534.0,51273.0,1261.0,2.4,65779.0,6602.0,24785.0,25435.0,16933.0,8.951257542,33.60450139,34.48579757,22.9584435,13123.289,133.84192,-179.7109375,0.8419189453125
29073,MO,Gasconade County,14772,2031.0,0.1375,1436.0,24.0,7525.0,7348.0,177.0,2.4,59287.0,1084.0,4241.0,3396.0,1987.0,10.12327232,39.60590213,31.7146059,18.55621965,1467.3381,23.88094,31.338134765625,-0.11906051635742188
29075,MO,Gentry County,6274,908.0,0.1447,933.0,9.0,3152.0,3082.0,70.0,2.2,52653.0,489.0,1938.0,928.0,864.0,11.59042427,45.9350557,21.99573359,20.47878644,804.0678,9.195194,-128.93218994140625,0.19519424438476562
29077,MO,Greene County,303197,44048.0,0.1453,33364.0,283.0,153877.0,150613.0,3264.0,2.1,55751.0,13228.0,56132.0,64945.0,64453.0,6.655329597,28.24137896,32.67541432,32.42787712,41078.2,165.75443,7714.19921875,-117.24557495117188
29079,MO,Grundy County,9844,1710.0,0.1737,1151.0,14.0,4008.0,3899.0,109.0,2.7,48457.0,966.0,2514.0,2088.0,1053.0,14.5899411,37.97009515,31.53602175,15.903942,1069.5089,15.416394,-81.4910888671875,1.4163942337036133
29081,MO,Harrison County,8217,1321.0,0.1608,891.0,12.0,3669.0,3577.0,92.0,2.5,51910.0,517.0,2445.0,1637.0,980.0,9.266893709,43.82505825,29.34217602,17.56587202,886.33453,13.196552,-4.66546630859375,1.1965522766113281
29083,MO,Henry County,22421,3098.0,0.1382,2853.0,27.0,10081.0,9809.0,272.0,2.7,54177.0,1560.0,6863.0,4733.0,2530.0,9.945174041,43.75239067,30.17340303,16.12903226,2564.734,28.829014,-288.26611328125,1.8290138244628906
29085,MO,Hickory County,8575,1747.0,0.2037,991.0,14.0,3979.0,3866.0,113.0,2.8,43468.0,775.0,3016.0,1874.0,772.0,12.03977008,46.85412459,29.11294081,11.99316452,947.0573,16.092087,-43.94268798828125,2.0920867919921875
29087,MO,Holt County,4254,496.0,0.1166,490.0,11.0,2407.0,2361.0,46.0,1.9,51295.0,235.0,1350.0,884.0,636.0,7.568438003,43.47826087,28.47020934,20.48309179,438.03818,8.139877,-51.961822509765625,-2.8601226806640625
29089,MO,Howard County,10179,1460.0,0.1434,1218.0,16.0,4683.0,4567.0,116.0,2.5,53862.0,677.0,2319.0,1691.0,1821.0,10.40258144,35.63306699,25.98340504,27.98094653,1111.5687,14.314665,-106.4312744140625,-1.6853351593017578
29091,MO,Howell County,40623,7640.0,0.1881,4229.0,54.0,15786.0,15303.0,483.0,3.1,44858.0,3846.0,10745.0,7963.0,4790.0,14.06524283,39.29564073,29.12156232,17.51755413,4867.282,56.811802,638.2822265625,2.8118019104003906
29093,MO,Iron County,9413,1748.0,0.1857,966.0,19.0,3419.0,3277.0,142.0,4.2,44329.0,967.0,2596.0,2044.0,1257.0,14.08799534,37.82051282,29.77855478,18.31293706,1057.3622,16.896887,91.3621826171875,-2.1031131744384766
29095,MO,Jackson County,716218,105642.0,0.1475,47928.0,955.0,357678.0,347080.0,10598.0,3.0,62509.0,40642.0,137905.0,146656.0,163508.0,8.316162313,28.21810845,30.00873727,33.45699196,48185.793,951.4964,257.79296875,-3.50360107421875
29097,MO,Jasper County,124016,21971.0,0.1772,8560.0,208.0,56628.0,55261.0,1367.0,2.4,53548.0,9126.0,27993.0,23679.0,20425.0,11.23573372,34.46437585,29.15307241,25.14681802,15391.886,143.57932,6831.8857421875,-64.42068481445312
29099,MO,Jefferson County,229220,20356.0,0.0888,26863.0,261.0,117248.0,114377.0,2871.0,2.4,78297.0,13602.0,50457.0,57475.0,37574.0,8.548910174,31.71242175,36.12326219,23.61540589,26733.543,259.0974,-129.45703125,-1.902587890625
29101,MO,Johnson County,54449,6941.0,0.1275,5702.0,36.0,22634.0,22013.0,621.0,2.7,60086.0,2206.0,10583.0,10019.0,9362.0,6.857320485,32.89710911,31.14392291,29.1016475,6101.084,38.69013,399.083984375,2.6901283264160156
29103,MO,Knox County,3777,577.0,0.1528,431.0,11.0,1678.0,1633.0,45.0,2.7,49552.0,430.0,1030.0,626.0,424.0,17.1314741,41.03585657,24.94023904,16.89243028,455.04605,8.138648,24.046051025390625,-2.86135196685791
29105,MO,Laclede County,36345,5375.0,0.1479,3396.0,37.0,16341.0,15912.0,429.0,2.6,53224.0,3481.0,10521.0,6733.0,3849.0,14.15961601,42.79612756,27.38773186,15.65652457,3392.5444,40.257133,-3.45556640625,3.2571334838867188
29107,MO,Lafayette County,32967,3568.0,0.1082,3214.0,52.0,16627.0,16174.0,453.0,2.7,70457.0,2113.0,8783.0,6466.0,5609.0,9.198554699,38.23516608,28.14853511,24.41774411,3508.6042,51.263844,294.604248046875,-0.7361564636230469
29109,MO,Lawrence County,38689,5072.0,0.1311,3273.0,44.0,16923.0,16495.0,428.0,2.5,58031.0,3702.0,9995.0,7603.0,4237.0,14.49661276,39.13928809,29.77248698,16.59161217,3364.147,44.661472,91.14697265625,0.6614723205566406
29111,MO,Lewis County,9886,1204.0,0.1218,1278.0,13.0,4699.0,4587.0,112.0,2.4,57053.0,792.0,2832.0,1645.0,1044.0,12.54554095,44.85981308,26.05734199,16.53730398,1209.6921,13.582538,-68.307861328125,0.5825376510620117
29113,MO,Lincoln County,63182,6143.0,0.0972,6693.0,54.0,29069.0,28278.0,791.0,2.7,77913.0,3705.0,16863.0,13337.0,7663.0,8.913106236,40.56726328,32.08477675,18.43485373,7576.1704,56.112614,883.17041015625,2.1126136779785156
29115,MO,Linn County,11826,1564.0,0.1323,999.0,12.0,5042.0,4887.0,155.0,3.1,52831.0,697.0,3859.0,1979.0,1641.0,8.524951076,47.19911937,24.20499022,20.07093933,888.8421,12.447959,-110.15789794921875,0.44795894622802734
29117,MO,Livingston County,14335,1896.0,0.1323,1518.0,25.0,7118.0,6972.0,146.0,2.1,56654.0,1215.0,4362.0,2680.0,1851.0,12.02018203,43.15393748,26.51365255,18.31222794,1574.7737,23.032251,56.773681640625,-1.9677486419677734
29119,MO,McDonald County,23593,3689.0,0.1564,2223.0,17.0,11050.0,10774.0,276.0,2.5,50100.0,2914.0,6372.0,4235.0,2096.0,18.65915349,40.80169047,27.11788436,13.42127169,2338.8994,18.58772,115.8994140625,1.5877208709716797
29121,MO,Macon County,15076,2074.0,0.1376,1531.0,28.0,7091.0,6904.0,187.0,2.6,52847.0,873.0,4650.0,3027.0,1938.0,8.323798627,44.33638444,28.86155606,18.47826087,1515.6008,23.238317,-15.399169921875,-4.761682510375977
29123,MO,Madison County,12757,2228.0,0.1746,1525.0,19.0,5312.0,5153.0,159.0,3.0,47068.0,1045.0,3761.0,2619.0,1344.0,11.91698027,42.88972517,29.86657544,15.32671912,1283.7878,20.42683,-241.212158203125,1.4268302917480469
29125,MO,Maries County,8432,1290.0,0.153,739.0,19.0,3812.0,3712.0,100.0,2.6,54815.0,853.0,2660.0,1635.0,981.0,13.91744167,43.40022842,26.67645619,16.00587372,989.0161,20.0416,250.01611328125,1.0415992736816406
29127,MO,Marion County,28489,3378.0,0.1186,3403.0,28.0,13624.0,13291.0,333.0,2.4,57635.0,1860.0,7557.0,4903.0,4964.0,9.645301805,39.18792782,25.42522298,25.7415474,3401.152,26.027348,-1.847900390625,-1.9726524353027344
29129,MO,Mercer County,3466,509.0,0.1469,343.0,6.0,1677.0,1634.0,43.0,2.6,49715.0,223.0,1044.0,686.0,427.0,9.369747899,43.86554622,28.82352941,17.94117647,368.85327,5.0109367,25.853271484375,-0.9890632629394531
29131,MO,Miller County,25403,3142.0,0.1237,2338.0,25.0,12641.0,12309.0,332.0,2.6,61711.0,1813.0,6600.0,5296.0,3639.0,10.45077242,38.04473138,30.52801476,20.97648144,2404.7708,28.060843,66.770751953125,3.060842514038086
29133,MO,Mississippi County,11665,2710.0,0.2323,1781.0,14.0,5112.0,4943.0,169.0,3.3,42364.0,1542.0,4233.0,1556.0,1200.0,18.07525495,49.61903646,18.23936233,14.06634627,1767.6838,14.915803,-13.316162109375,0.9158029556274414
29135,MO,Moniteau County,15260,1655.0,0.1085,1286.0,14.0,7011.0,6846.0,165.0,2.4,64519.0,1394.0,4398.0,2737.0,1771.0,13.53398058,42.69902913,26.57281553,17.19417476,1373.2716,15.849641,87.2716064453125,1.8496408462524414
29137,MO,Monroe County,8635,1162.0,0.1346,825.0,16.0,3707.0,3604.0,103.0,2.8,50276.0,624.0,2909.0,1565.0,1071.0,10.11509159,47.15513049,25.36877938,17.36099854,776.846,8.365327,-48.15399169921875,-7.634673118591309
29139,MO,Montgomery County,11479,1660.0,0.1446,1216.0,29.0,5761.0,5616.0,145.0,2.5,56538.0,919.0,3611.0,2148.0,1319.0,11.49180943,45.15443291,26.86007253,16.49368513,1291.8715,23.732769,75.8714599609375,-5.267230987548828
29141,MO,Morgan County,21786,4121.0,0.1892,1728.0,46.0,8255.0,8001.0,254.0,3.1,51700.0,3011.0,5737.0,4096.0,2249.0,19.94964553,38.01099848,27.13840853,14.90094746,2084.6018,41.03694,356.601806640625,-4.9630584716796875
29143,MO,New Madrid County,15710,2653.0,0.1689,2335.0,19.0,8027.0,7779.0,248.0,3.1,48162.0,1836.0,5112.0,2640.0,1465.0,16.61087488,46.24988691,23.88491812,13.25432009,2210.8884,19.372707,-124.111572265625,0.3727073669433594
29145,MO,Newton County,60096,8726.0,0.1452,4862.0,68.0,26816.0,26144.0,672.0,2.5,57423.0,4291.0,13841.0,12853.0,9257.0,10.66298892,34.3944138,31.93926743,23.00332985,5956.273,63.108017,1094.27294921875,-4.8919830322265625
29147,MO,Nodaway County,20715,3332.0,0.1608,3071.0,11.0,10834.0,10589.0,245.0,2.3,57507.0,729.0,4913.0,3680.0,3207.0,5.818501078,39.21302578,29.37185729,25.59661585,2992.5596,13.613783,-78.4404296875,2.6137828826904297
29149,MO,Oregon County,8703,1786.0,0.2052,812.0,14.0,3738.0,3616.0,122.0,3.3,45273.0,801.0,2867.0,1574.0,884.0,13.07541626,46.80052236,25.69376428,14.43029709,1109.9777,11.119869,297.9776611328125,-2.8801307678222656
29151,MO,Osage County,13398,1088.0,0.0812,1216.0,15.0,6988.0,6849.0,139.0,2.0,69094.0,724.0,3577.0,2508.0,2247.0,7.994699647,39.49867491,27.69434629,24.81227915,1241.8491,13.78548,25.84912109375,-1.2145204544067383
29153,MO,Ozark County,8954,1869.0,0.2087,650.0,18.0,3360.0,3230.0,130.0,3.9,44242.0,1108.0,2589.0,2130.0,823.0,16.66165414,38.93233083,32.03007519,12.37593985,1159.6207,14.092897,509.6207275390625,-3.907102584838867
29155,MO,Pemiscot County,14865,4356.0,0.293,1391.0,28.0,5693.0,5469.0,224.0,3.9,38456.0,1662.0,4814.0,2223.0,1273.0,16.66666667,48.27517048,22.29241877,12.76574408,1613.135,26.065474,222.135009765625,-1.9345264434814453
29157,MO,Perry County,18878,2138.0,0.1133,2476.0,10.0,9455.0,9250.0,205.0,2.2,63127.0,1586.0,5429.0,3205.0,2892.0,12.09579012,41.40482001,24.44325808,22.05613179,2098.5298,14.63519,-377.47021484375,4.635190010070801
29159,MO,Pettis County,43397,5526.0,0.1273,6096.0,50.0,19804.0,19276.0,528.0,2.7,58827.0,3660.0,9782.0,9892.0,5342.0,12.76328637,34.11214953,34.49574557,18.62881852,5665.105,50.95615,-430.89501953125,0.9561500549316406
29161,MO,Phelps County,45273,6676.0,0.1475,5133.0,58.0,19864.0,19356.0,508.0,2.6,54740.0,2379.0,9343.0,7656.0,8929.0,8.404281626,33.00597025,27.04631363,31.54343449,5118.174,54.4184,-14.826171875,-3.5816001892089844
29163,MO,Pike County,17644,2438.0,0.1382,1903.0,12.0,7164.0,6979.0,185.0,2.6,59081.0,1557.0,6255.0,2427.0,2039.0,12.68121844,50.94477928,19.76706304,16.60693924,1898.676,16.188063,-4.323974609375,4.18806266784668
29165,MO,Platte County,110570,9020.0,0.0816,5232.0,142.0,59554.0,58204.0,1350.0,2.3,93925.0,2469.0,15794.0,22442.0,34120.0,3.299699298,21.10791848,29.99264952,45.59973271,13683.739,40.26125,8451.7392578125,-101.73875045776367
29167,MO,Polk County,32659,5592.0,0.1712,3824.0,37.0,14625.0,14256.0,369.0,2.5,53693.0,2363.0,7698.0,6566.0,4425.0,11.22458674,36.566597,31.18943568,21.01938058,4005.813,41.351097,181.81298828125,4.351097106933594
29169,MO,Pulaski County,53810,5331.0,0.0991,4701.0,28.0,14406.0,13965.0,441.0,3.1,61718.0,1750.0,9093.0,10372.0,8208.0,5.947727968,30.90439452,35.25133399,27.89654352,4825.857,30.719337,124.85693359375,2.7193374633789062
29171,MO,Putnam County,4662,752.0,0.1613,389.0,7.0,2136.0,2085.0,51.0,2.4,49532.0,209.0,1362.0,1178.0,657.0,6.136230182,39.98825602,34.58602466,19.28948914,553.9391,8.567417,164.9390869140625,1.5674171447753906
29173,MO,Ralls County,10410,967.0,0.0929,1003.0,16.0,5363.0,5234.0,129.0,2.4,65016.0,668.0,3477.0,2058.0,1318.0,8.881797633,46.23055445,27.36338253,17.52426539,1104.4243,15.029164,101.42431640625,-0.9708356857299805
29175,MO,Randolph County,24626,3777.0,0.1534,2715.0,25.0,10125.0,9857.0,268.0,2.6,48762.0,1756.0,7457.0,4991.0,2929.0,10.24922664,43.52419308,29.13091694,17.09566334,2797.9006,29.54295,82.900634765625,4.542949676513672
29177,MO,Ray County,23121,2876.0,0.1244,2299.0,36.0,10824.0,10450.0,374.0,3.5,70506.0,1583.0,6998.0,5190.0,2437.0,9.766781836,43.17620928,32.02122409,15.0357848,2228.7134,32.568974,-70.28662109375,-3.4310264587402344
29179,MO,Reynolds County,5996,1268.0,0.2115,506.0,11.0,2789.0,2705.0,84.0,3.0,44409.0,872.0,1779.0,1141.0,692.0,19.44692239,39.67439786,25.44603033,15.43264942,581.7422,10.671445,75.7421875,-0.3285551071166992
29181,MO,Ripley County,10714,2361.0,0.2204,966.0,16.0,4986.0,4822.0,164.0,3.3,41587.0,1226.0,2925.0,2394.0,972.0,16.30969802,38.91179992,31.84781163,12.93069044,1088.4208,20.422958,122.4207763671875,4.4229583740234375
29183,MO,St. Charles County,413798,21209.0,0.0513,53960.0,281.0,227459.0,222602.0,4857.0,2.1,98925.0,12875.0,63739.0,86436.0,120012.0,4.548473479,22.51768164,30.5360663,42.39777858,53658.992,279.79715,-301.0078125,-1.202850341796875
29185,MO,St. Clair County,9595,1855.0,0.1933,1092.0,14.0,3755.0,3642.0,113.0,3.0,45174.0,830.0,3012.0,2095.0,940.0,12.06921623,43.79816781,30.46386506,13.66875091,1088.5522,15.371179,-3.44775390625,1.3711786270141602
29186,MO,Ste. Genevieve County,18613,1801.0,0.0968,1906.0,11.0,9206.0,8990.0,216.0,2.3,63786.0,960.0,5401.0,4405.0,2430.0,7.274931798,40.92906941,33.38132768,18.41467111,2071.6655,17.396235,165.66552734375,6.396234512329102
29187,MO,St. Francois County,66906,11489.0,0.1717,9153.0,93.0,25335.0,24479.0,856.0,3.4,48574.0,6249.0,17332.0,15952.0,7521.0,13.28048625,36.83427551,33.9014749,15.98376334,9052.164,93.81802,-100.8359375,0.818023681640625
29189,MO,St. Louis County,990791,101623.0,0.1026,131775.0,904.0,522800.0,509543.0,13257.0,2.5,79609.0,38616.0,144696.0,184204.0,324957.0,5.576535114,20.89554394,26.60089274,46.9270282,131644.81,902.61725,-130.1875,-1.38275146484375
29195,MO,Saline County,23003,3188.0,0.1386,2435.0,30.0,10178.0,9918.0,260.0,2.6,54623.0,1831.0,5133.0,3946.0,3840.0,12.41355932,34.8,26.75254237,26.03389831,2572.7485,32.55877,137.74853515625,2.5587692260742188
29197,MO,Schuyler County,4000,599.0,0.1497,316.0,8.0,1787.0,1732.0,55.0,3.1,49508.0,164.0,1416.0,761.0,279.0,6.259541985,54.04580153,29.04580153,10.64885496,282.1077,8.336928,-33.892303466796875,0.3369283676147461
29199,MO,Scotland County,4647,527.0,0.1134,304.0,2.0,2244.0,2194.0,50.0,2.2,54961.0,637.0,1128.0,756.0,427.0,21.60786974,38.26322931,25.64450475,14.4843962,470.88626,5.095647,166.88626098632812,3.095646858215332
29201,MO,Scott County,37868,6247.0,0.165,5405.0,34.0,19697.0,19209.0,488.0,2.5,57678.0,3489.0,10238.0,6408.0,5572.0,13.57217878,39.8257284,24.92706267,21.67503015,5198.876,36.140293,-206.1240234375,2.1402931213378906
29203,MO,Shannon County,7216,1523.0,0.2111,693.0,13.0,3242.0,3120.0,122.0,3.8,39671.0,689.0,2275.0,1418.0,747.0,13.43341782,44.35562488,27.64671476,14.56424254,869.13605,12.097323,176.13604736328125,-0.9026765823364258
29205,MO,Shelby County,5996,875.0,0.1459,872.0,2.0,2915.0,2845.0,70.0,2.4,54264.0,418.0,1873.0,1124.0,750.0,10.03601441,44.969988,26.98679472,18.00720288,802.762,4.6553125,-69.23797607421875,2.6553125381469727
29207,MO,Stoddard County,28390,4201.0,0.148,2239.0,38.0,12944.0,12553.0,391.0,3.0,53391.0,3530.0,8548.0,4664.0,3279.0,17.63148694,42.69517007,23.29553968,16.37780331,2361.8337,38.300694,122.833740234375,0.3006935119628906
29209,MO,Stone County,32134,4113.0,0.128,2398.0,36.0,13313.0,12795.0,518.0,3.9,56418.0,2024.0,8753.0,8200.0,5665.0,8.213619024,35.52065579,33.27651976,22.98920542,2831.6714,37.87696,433.67138671875,1.8769607543945312
29211,MO,Sullivan County,5816,891.0,0.1532,599.0,9.0,2501.0,2429.0,72.0,2.9,52384.0,587.0,1946.0,1005.0,609.0,14.15481071,46.9254883,24.2343863,14.68531469,732.5694,8.541495,133.56939697265625,-0.45850467681884766
29213,MO,Taney County,56749,7332.0,0.1292,5770.0,70.0,25596.0,24531.0,1065.0,4.2,53009.0,3609.0,12900.0,12459.0,9852.0,9.29675425,33.23029366,32.0942813,25.37867079,5937.0156,71.21229,167.015625,1.2122879028320312
29215,MO,Texas County,25304,4533.0,0.1791,2002.0,39.0,8935.0,8660.0,275.0,3.1,46622.0,2546.0,7200.0,5195.0,2794.0,14.35579363,40.59768819,29.29235974,15.75415844,2175.618,39.584198,173.617919921875,0.584197998046875
29217,MO,Vernon County,19599,3336.0,0.1702,2412.0,24.0,9016.0,8782.0,234.0,2.6,51900.0,1581.0,5192.0,4204.0,2415.0,11.80555556,38.76941458,31.39187575,18.03315412,3089.1208,30.39213,677.120849609375,6.392129898071289
29219,MO,Warren County,37290,3063.0,0.0821,3690.0,36.0,18633.0,18153.0,480.0,2.6,74355.0,2706.0,9497.0,8018.0,4924.0,10.76158282,37.76894015,31.88705508,19.58242195,3623.8726,36.241577,-66.12744140625,0.2415771484375
29221,MO,Washington County,23392,4376.0,0.1871,2441.0,50.0,9973.0,9643.0,330.0,3.3,47636.0,2756.0,7153.0,4448.0,2031.0,16.8171833,43.64779107,27.14181108,12.39321455,2696.2837,45.233784,255.28369140625,-4.766216278076172
29223,MO,Wayne County,10817,2693.0,0.249,1023.0,20.0,4686.0,4513.0,173.0,3.7,41724.0,1549.0,3356.0,2249.0,881.0,19.27815806,41.7672682,27.99004356,10.96453018,1284.1312,19.480846,261.1312255859375,-0.5191535949707031
29225,MO,Webster County,40366,6229.0,0.1543,3640.0,43.0,17484.0,17087.0,397.0,2.3,59784.0,2964.0,10201.0,7770.0,4795.0,11.51962689,39.64632724,30.1982122,18.63583366,4286.0576,45.144104,646.0576171875,2.14410400390625
29227,MO,Worth County,1940,315.0,0.1624,232.0,2.0,1139.0,1116.0,23.0,2.0,48397.0,87.0,702.0,363.0,246.0,6.223175966,50.21459227,25.96566524,17.59656652,293.9503,2.5995076,61.950286865234375,0.5995075702667236
29229,MO,Wright County,19143,4317.0,0.2255,1614.0,26.0,7514.0,7301.0,213.0,2.8,45017.0,2134.0,5146.0,3368.0,1771.0,17.1833481,41.43650858,27.11973589,14.26040744,1771.8752,26.678545,157.875244140625,0.6785449981689453
29510,MO,St. Louis city,286193,59041.0,0.2063,35050.0,197.0,147775.0,143010.0,4765.0,3.2,52278.0,20282.0,52175.0,54924.0,85539.0,9.525643434,24.50450874,25.79560398,40.17424385,44156.906,245.19157,9106.90625,48.19157409667969
30001,MT,Beaverhead County,9747,1091.0,0.1119,832.0,9.0,5330.0,5202.0,128.0,2.4,57497.0,470.0,1790.0,2077.0,2388.0,6.988847584,26.61710037,30.88475836,35.50929368,858.47675,7.8578997,26.47674560546875,-1.1421003341674805
30003,MT,Big Horn County,12826,2877.0,0.2243,2221.0,19.0,4647.0,4437.0,210.0,4.5,49113.0,864.0,2249.0,2807.0,1562.0,11.54771451,30.05880781,37.51670676,20.87677092,2043.5332,18.603184,-177.466796875,-0.3968162536621094
30005,MT,Blaine County,6972,1185.0,0.17,1123.0,6.0,2201.0,2130.0,71.0,3.2,53577.0,408.0,1163.0,1637.0,1118.0,9.431345354,26.88395747,37.84096163,25.84373555,769.92737,4.0733204,-353.0726318359375,-1.9266796112060547
30007,MT,Broadwater County,7771,662.0,0.0852,496.0,7.0,2758.0,2662.0,96.0,3.5,67927.0,496.0,1478.0,2071.0,1447.0,9.031318281,26.91187181,37.70939548,26.34741442,1001.3789,9.852571,505.37890625,2.8525705337524414
30009,MT,Carbon County,11236,1018.0,0.0906,805.0,6.0,5815.0,5659.0,156.0,2.7,67062.0,275.0,2794.0,2766.0,2534.0,3.285936193,33.38511172,33.05054367,30.27840841,1011.2618,8.018041,206.26177978515625,2.018040657043457
30011,MT,Carter County,1403,179.0,0.1276,80.0,0.0,675.0,661.0,14.0,2.1,50597.0,68.0,294.0,451.0,207.0,6.666666667,28.82352941,44.21568627,20.29411765,196.86205,1.237244,116.86204528808594,1.2372440099716187
30013,MT,Cascade County,85001,11401.0,0.1341,12330.0,89.0,39572.0,38522.0,1050.0,2.7,59184.0,3546.0,18320.0,19545.0,16699.0,6.102219928,31.52641542,33.63448632,28.73687833,12189.35,84.800606,-140.650390625,-4.199394226074219
30015,MT,Chouteau County,5908,930.0,0.1574,515.0,7.0,2452.0,2394.0,58.0,2.4,51137.0,320.0,1593.0,1298.0,939.0,7.710843373,38.38554217,31.27710843,22.62650602,584.69293,6.6747484,69.69293212890625,-0.32525157928466797
30017,MT,Custer County,12000,1249.0,0.1041,1053.0,11.0,6327.0,6169.0,158.0,2.5,64743.0,455.0,2572.0,3012.0,2563.0,5.289467566,29.90002325,35.01511276,29.79539642,1190.9042,10.15641,137.9041748046875,-0.8435897827148438
30019,MT,Daniels County,1645,159.0,0.0967,164.0,0.0,871.0,854.0,17.0,2.0,57141.0,38.0,335.0,451.0,313.0,3.342128408,29.46350044,39.66578716,27.52858399,201.34436,1.1410545,37.3443603515625,1.1410545110702515
30021,MT,Dawson County,8807,995.0,0.113,860.0,7.0,4513.0,4405.0,108.0,2.4,60763.0,354.0,1528.0,2770.0,1595.0,5.666720026,24.45974068,44.34128382,25.53225548,930.23444,9.172673,70.23443603515625,2.172673225402832
30023,MT,Deer Lodge County,9544,1282.0,0.1343,1488.0,2.0,5342.0,5206.0,136.0,2.5,52848.0,546.0,2900.0,2447.0,1689.0,7.201266157,38.24848325,32.27380638,22.27644421,822.11816,11.581373,-665.8818359375,9.58137321472168
30025,MT,Fallon County,3050,299.0,0.098,225.0,2.0,1643.0,1616.0,27.0,1.6,65637.0,56.0,718.0,762.0,304.0,3.043478261,39.02173913,41.41304348,16.52173913,151.75966,2.8606422,-73.24034118652344,0.8606421947479248
30027,MT,Fergus County,11672,1396.0,0.1196,990.0,9.0,5854.0,5683.0,171.0,2.9,60466.0,489.0,2839.0,3139.0,2016.0,5.764470117,33.46693387,37.0034186,23.76517741,1179.9603,10.698914,189.9603271484375,1.69891357421875
30029,MT,Flathead County,111885,11987.0,0.1071,11892.0,75.0,51914.0,50269.0,1645.0,3.2,66395.0,3400.0,21259.0,25022.0,27987.0,4.377607251,27.37163311,32.21661431,36.03414534,12220.275,76.327286,328.275390625,1.3272857666015625
30031,MT,Gallatin County,124938,11442.0,0.0916,17288.0,29.0,76778.0,75302.0,1476.0,1.9,83520.0,2245.0,14388.0,20462.0,42070.0,2.835849176,18.17469841,25.847281,53.14217141,17115.84,27.621193,-172.16015625,-1.3788070678710938
30033,MT,Garfield County,1218,176.0,0.1445,83.0,0.0,757.0,735.0,22.0,2.9,50762.0,24.0,221.0,279.0,142.0,3.603603604,33.18318318,41.89189189,21.32132132,75.15689,2.120608,-7.843109130859375,2.12060809135437
30035,MT,Glacier County,13650,3474.0,0.2545,2140.0,14.0,5657.0,5365.0,292.0,5.2,46270.0,1200.0,2498.0,3119.0,1502.0,14.42481067,30.02764755,37.49248708,18.05505469,2333.73,16.08621,193.72998046875,2.086210250854492
30037,MT,Golden Valley County,826,160.0,0.1937,46.0,0.0,377.0,365.0,12.0,3.2,45622.0,73.0,227.0,243.0,127.0,10.89552239,33.88059701,36.26865672,18.95522388,-38.387268,1.2870313,-84.38726806640625,1.2870312929153442
30039,MT,Granite County,3497,381.0,0.109,249.0,4.0,1666.0,1600.0,66.0,4.0,58186.0,181.0,851.0,734.0,802.0,7.048286604,33.13862928,28.58255452,31.2305296,374.6933,6.539147,125.69329833984375,2.539146900177002
30041,MT,Hill County,16118,2873.0,0.1782,1906.0,2.0,7512.0,7323.0,189.0,2.5,50518.0,880.0,3398.0,3181.0,2564.0,8.779806445,33.90202534,31.73700489,25.58116332,1602.3292,4.4471736,-303.6707763671875,2.447173595428467
30043,MT,Jefferson County,12831,1007.0,0.0785,1144.0,8.0,6023.0,5865.0,158.0,2.6,83697.0,553.0,2407.0,3223.0,3001.0,6.021341463,26.20862369,35.09364111,32.67639373,1444.4867,7.4870954,300.4866943359375,-0.5129046440124512
30045,MT,Judith Basin County,2079,250.0,0.1203,114.0,0.0,966.0,942.0,24.0,2.5,60677.0,88.0,424.0,554.0,420.0,5.921938089,28.53297443,37.28129206,28.26379542,237.5308,1.7144824,123.53080749511719,1.7144824266433716
30047,MT,Lake County,32853,5923.0,0.1803,3344.0,21.0,14275.0,13831.0,444.0,3.1,57225.0,1584.0,5851.0,8265.0,6895.0,7.010400531,25.89510954,36.57888913,30.5156008,3447.2083,24.210207,103.208251953125,3.210206985473633
30049,MT,Lewis and Clark County,73784,6649.0,0.0901,8844.0,47.0,38130.0,37197.0,933.0,2.4,72491.0,2653.0,12105.0,14705.0,22056.0,5.149556474,23.49618587,28.54286768,42.81138997,8653.724,42.02249,-190.2763671875,-4.977508544921875
30051,MT,Liberty County,1974,343.0,0.1738,255.0,2.0,969.0,945.0,24.0,2.5,53601.0,251.0,290.0,426.0,364.0,18.8580015,21.78812923,32.00601052,27.34785875,297.12396,6.442992,42.12396240234375,4.442992210388184
30053,MT,Lincoln County,21510,3686.0,0.1714,1898.0,22.0,8586.0,8165.0,421.0,4.9,48432.0,1292.0,6334.0,5417.0,2872.0,8.118127553,39.79893183,34.03707194,18.04586868,2614.0251,28.676811,716.025146484375,6.676811218261719
30055,MT,McCone County,1711,237.0,0.1385,129.0,1.0,967.0,949.0,18.0,1.9,59086.0,48.0,437.0,586.0,291.0,3.524229075,32.08516887,43.02496329,21.36563877,136.18669,3.12528,7.1866912841796875,2.1252799034118652
30057,MT,Madison County,9252,885.0,0.0957,920.0,4.0,5102.0,4983.0,119.0,2.3,72487.0,326.0,1784.0,2528.0,2425.0,4.615602435,25.25838879,35.79215631,34.33385247,892.45215,5.7113776,-27.5478515625,1.7113776206970215
30059,MT,Meagher County,2026,295.0,0.1456,304.0,3.0,1000.0,977.0,23.0,2.3,53724.0,69.0,483.0,542.0,437.0,4.506858263,31.54800784,35.40169824,28.54343566,221.81973,3.8037012,-82.18026733398438,0.8037011623382568
30061,MT,Mineral County,5020,628.0,0.1251,581.0,3.0,1848.0,1751.0,97.0,5.2,55979.0,240.0,1223.0,1175.0,955.0,6.679654884,34.03840802,32.70247704,26.57946006,342.6015,11.294514,-238.39849853515625,8.294513702392578
30063,MT,Missoula County,121011,10920.0,0.0902,15112.0,31.0,67346.0,65553.0,1793.0,2.7,68210.0,2816.0,16850.0,24860.0,37768.0,3.421877658,20.4753688,30.2087637,45.89398984,15107.242,36.368248,-4.7578125,5.368247985839844
30065,MT,Musselshell County,5169,824.0,0.1594,321.0,5.0,2343.0,2274.0,69.0,2.9,55291.0,367.0,1212.0,1397.0,836.0,9.62749213,31.79433368,36.64742917,21.93074502,664.59174,6.2485113,343.59173583984375,1.2485113143920898
30067,MT,Park County,17753,1812.0,0.1021,2246.0,8.0,9841.0,9563.0,278.0,2.8,68594.0,450.0,3615.0,4349.0,5176.0,3.311258278,26.6004415,32.00147167,38.08682855,2121.7925,12.239189,-124.20751953125,4.239189147949219
30069,MT,Petroleum County,521,67.0,0.1286,15.0,0.0,270.0,262.0,8.0,3.0,48991.0,4.0,146.0,89.0,89.0,1.219512195,44.51219512,27.13414634,27.13414634,-33.97593,0.28093165,-48.975929260253906,0.28093165159225464
30071,MT,Phillips County,4228,630.0,0.149,255.0,2.0,1804.0,1736.0,68.0,3.8,56043.0,141.0,1026.0,1240.0,625.0,4.650395778,33.83905013,40.89709763,20.61345646,404.95544,4.2090263,149.9554443359375,2.209026336669922
30073,MT,Pondera County,6092,1197.0,0.1965,605.0,5.0,2598.0,2529.0,69.0,2.7,51057.0,549.0,1249.0,1547.0,811.0,13.20981713,30.05293551,37.22329163,19.51395573,713.3782,7.2829633,108.378173828125,2.282963275909424
30075,MT,Powder River County,1732,198.0,0.1143,127.0,0.0,991.0,969.0,22.0,2.2,54102.0,141.0,487.0,377.0,339.0,10.49107143,36.23511905,28.05059524,25.22321429,224.20384,4.189156,97.20384216308594,4.1891560554504395
30077,MT,Powell County,7078,844.0,0.1192,705.0,6.0,2914.0,2835.0,79.0,2.7,60350.0,379.0,2538.0,1559.0,1052.0,6.856005789,45.91172214,28.20188133,19.03039074,652.1971,7.242043,-52.80291748046875,1.2420430183410645
30079,MT,Prairie County,1108,146.0,0.1318,95.0,2.0,494.0,479.0,15.0,3.0,49838.0,110.0,331.0,321.0,191.0,11.54249738,34.73242392,33.68310598,20.04197272,193.83157,1.3751287,98.83157348632812,-0.6248712539672852
30081,MT,Ravalli County,47177,5325.0,0.1129,2750.0,50.0,21714.0,21081.0,633.0,2.9,65789.0,2331.0,10505.0,11415.0,10286.0,6.749283377,30.4166546,33.05150997,29.78255205,3234.9338,45.50099,484.933837890625,-4.4990081787109375
30083,MT,Richland County,11230,1104.0,0.0983,917.0,8.0,5716.0,5560.0,156.0,2.7,72974.0,285.0,3132.0,2682.0,1469.0,3.765856237,41.38477801,35.43868922,19.41067653,1147.7845,8.635611,230.7845458984375,0.6356105804443359
30085,MT,Roosevelt County,10537,2430.0,0.2306,1541.0,6.0,4296.0,4142.0,154.0,3.6,48712.0,502.0,2032.0,2385.0,1219.0,8.178559791,33.10524601,38.85630499,19.85988921,1309.0256,10.49638,-231.974365234375,4.496379852294922
30087,MT,Rosebud County,8152,1424.0,0.1747,1311.0,5.0,3566.0,3438.0,128.0,3.6,64003.0,446.0,1828.0,1914.0,975.0,8.638388534,35.40577184,37.07147008,18.88436955,1056.9231,4.2919073,-254.076904296875,-0.7080926895141602
30089,MT,Sanders County,13384,2298.0,0.1717,762.0,17.0,5358.0,5121.0,237.0,4.4,47976.0,771.0,3733.0,3271.0,2137.0,7.778450363,37.6614205,33.00040355,21.55972559,1304.4445,16.252394,542.4444580078125,-0.7476062774658203
30091,MT,Sheridan County,3555,446.0,0.1255,327.0,3.0,1737.0,1702.0,35.0,2.0,62982.0,226.0,907.0,860.0,652.0,8.54442344,34.29111531,32.51417769,24.65028355,234.01918,3.1132147,-92.98081970214844,0.11321473121643066
30093,MT,Silver Bow County,35947,5658.0,0.1574,3364.0,21.0,17681.0,17156.0,525.0,3.0,58898.0,1461.0,7929.0,8237.0,6756.0,5.991879588,32.51855801,33.78173317,27.70782923,3683.8577,24.818419,319.857666015625,3.818418502807617
30095,MT,Stillwater County,9169,871.0,0.095,464.0,3.0,5401.0,5276.0,125.0,2.3,81147.0,457.0,2193.0,1984.0,1964.0,6.926341316,33.23734465,30.0697181,29.76659594,719.89716,4.4428005,255.89715576171875,1.442800521850586
30097,MT,Sweet Grass County,3727,375.0,0.1006,292.0,5.0,1896.0,1857.0,39.0,2.1,68006.0,96.0,827.0,1108.0,609.0,3.636363636,31.32575758,41.96969697,23.06818182,223.23033,5.08589,-68.76966857910156,0.08588981628417969
30099,MT,Teton County,6346,821.0,0.1294,575.0,8.0,2768.0,2692.0,76.0,2.7,57054.0,391.0,1298.0,1499.0,1113.0,9.090909091,30.17902813,34.85235992,25.87770286,597.1814,8.431661,22.181396484375,0.43166065216064453
30101,MT,Toole County,5077,752.0,0.1481,379.0,4.0,2062.0,2019.0,43.0,2.1,49850.0,501.0,1284.0,1064.0,781.0,13.80165289,35.37190083,29.31129477,21.51515152,457.51202,7.9013114,78.51202392578125,3.9013113975524902
30103,MT,Treasure County,754,94.0,0.1247,32.0,0.0,346.0,338.0,8.0,2.3,60454.0,31.0,173.0,204.0,199.0,5.10708402,28.50082372,33.60790774,32.78418451,95.07745,1.4467942,63.07745361328125,1.4467941522598267
30105,MT,Valley County,7542,863.0,0.1144,685.0,9.0,3965.0,3864.0,101.0,2.5,79703.0,288.0,1660.0,2279.0,1159.0,5.347196435,30.82064612,42.31340512,21.51875232,613.9558,6.5342436,-71.044189453125,-2.465756416320801
30107,MT,Wheatland County,2038,387.0,0.1899,177.0,1.0,748.0,720.0,28.0,3.7,44002.0,111.0,589.0,534.0,267.0,7.395069953,39.24050633,35.57628248,17.78814124,414.69247,5.877261,237.69247436523438,4.877261161804199
30109,MT,Wibaux County,927,125.0,0.1348,66.0,0.0,446.0,435.0,11.0,2.5,56317.0,21.0,290.0,269.0,202.0,2.685421995,37.08439898,34.39897698,25.83120205,35.16304,-0.36680388,-30.836959838867188,-0.3668038845062256
30111,MT,Yellowstone County,169870,15385.0,0.0906,18019.0,124.0,87227.0,85085.0,2142.0,2.5,78216.0,5455.0,34172.0,36550.0,39107.0,4.73179279,29.64158079,31.70431283,33.92231359,18229.797,123.48595,210.796875,-0.5140533447265625
31001,NE,Adams County,30947,3279.0,0.106,2858.0,34.0,17196.0,16843.0,353.0,2.1,64212.0,1662.0,5159.0,7726.0,5889.0,8.132706988,25.24466628,37.80583284,28.81679389,3014.5554,33.177856,156.555419921875,-0.8221435546875
31003,NE,Antelope County,6305,751.0,0.1191,417.0,11.0,3662.0,3597.0,65.0,1.8,63250.0,297.0,1357.0,1791.0,857.0,6.90376569,31.54346815,41.63179916,19.92096699,586.5647,6.305724,169.564697265625,-4.694275856018066
31005,NE,Arthur County,425,61.0,0.1435,5.0,0.0,232.0,227.0,5.0,2.2,57018.0,7.0,71.0,148.0,110.0,2.083333333,21.13095238,44.04761905,32.73809524,-168.06416,1.3226293,-173.0641632080078,1.3226293325424194
31007,NE,Banner County,657,77.0,0.1172,30.0,0.0,387.0,376.0,11.0,2.8,66584.0,50.0,102.0,201.0,171.0,9.541984733,19.46564885,38.35877863,32.63358779,149.29463,-0.42382145,119.29463195800781,-0.42382144927978516
31009,NE,Blaine County,452,80.0,0.177,22.0,3.0,253.0,244.0,9.0,3.6,54936.0,12.0,117.0,95.0,77.0,3.986710963,38.87043189,31.56146179,25.58139535,317.42752,-0.8375591,295.4275207519531,-3.8375591039657593
31011,NE,Boone County,5366,506.0,0.0943,403.0,11.0,3006.0,2955.0,51.0,1.7,68533.0,231.0,1460.0,1333.0,704.0,6.196351931,39.16309013,35.75643777,18.88412017,509.8402,7.7760954,106.8402099609375,-3.223904609680176
31013,NE,Box Butte County,10683,1212.0,0.1135,759.0,10.0,5319.0,5202.0,117.0,2.2,66762.0,567.0,2379.0,2978.0,1488.0,7.649757151,32.09660011,40.17808958,20.07555316,776.2894,9.179489,17.2894287109375,-0.8205108642578125
31015,NE,Boyd County,1730,246.0,0.1422,162.0,8.0,1030.0,1008.0,22.0,2.1,54443.0,56.0,535.0,453.0,254.0,4.314329738,41.21725732,34.89984592,19.56856703,140.03087,4.8418045,-21.969131469726562,-3.1581954956054688
31017,NE,Brown County,2883,345.0,0.1197,234.0,6.0,1424.0,1390.0,34.0,2.4,55394.0,152.0,626.0,772.0,417.0,7.727503813,31.82511439,39.24758516,21.19979664,217.16098,6.4318204,-16.839019775390625,0.4318203926086426
31019,NE,Buffalo County,50532,6265.0,0.124,4963.0,60.0,28257.0,27741.0,516.0,1.8,67809.0,2049.0,7628.0,10824.0,10864.0,6.532759445,24.32010202,34.50980392,34.63733461,4871.5312,55.447647,-91.46875,-4.5523529052734375
31021,NE,Burt County,6770,764.0,0.1129,551.0,14.0,3569.0,3491.0,78.0,2.2,58125.0,371.0,1619.0,1552.0,1227.0,7.779408681,33.94841686,32.54351017,25.72866429,744.0737,9.6261425,193.07373046875,-4.373857498168945
31023,NE,Butler County,8443,721.0,0.0854,870.0,6.0,4706.0,4626.0,80.0,1.7,76417.0,478.0,2033.0,1837.0,1467.0,8.220120378,34.96130696,31.59071367,25.22785899,719.57806,5.027793,-150.42193603515625,-0.9722070693969727
31025,NE,Cass County,27152,1600.0,0.0589,2796.0,33.0,13583.0,13275.0,308.0,2.3,93195.0,785.0,5117.0,6793.0,5942.0,4.212051296,27.45613564,36.4489993,31.88281376,2590.2097,27.870695,-205.790283203125,-5.129304885864258
31027,NE,Cedar County,8366,674.0,0.0806,588.0,24.0,4628.0,4547.0,81.0,1.8,69033.0,215.0,2073.0,1897.0,1394.0,3.853737229,37.15719663,34.00250941,24.98655673,673.44696,17.215008,85.44696044921875,-6.784992218017578
31029,NE,Chase County,3754,347.0,0.0924,235.0,5.0,2280.0,2242.0,38.0,1.7,64985.0,289.0,657.0,963.0,606.0,11.49105368,26.12326044,38.29025845,24.09542744,257.01962,7.6019726,22.019622802734375,2.6019725799560547
31031,NE,Cherry County,5485,648.0,0.1181,158.0,15.0,3395.0,3339.0,56.0,1.6,58017.0,99.0,1254.0,1571.0,934.0,2.566096423,32.50388802,40.72058061,24.20943494,324.8607,11.761275,166.86068725585938,-3.238724708557129
31033,NE,Cheyenne County,9526,1130.0,0.1186,836.0,14.0,4228.0,4130.0,98.0,2.3,56604.0,473.0,2123.0,2609.0,1476.0,7.079778476,31.77668014,39.05104026,22.09250112,873.61237,13.446797,37.61236572265625,-0.5532026290893555
31035,NE,Clay County,6049,591.0,0.0977,570.0,15.0,3103.0,3035.0,68.0,2.2,64251.0,245.0,1499.0,1485.0,957.0,5.852842809,35.80984233,35.47539417,22.86192069,435.55206,8.321281,-134.44793701171875,-6.678718566894531
31037,NE,Colfax County,10453,953.0,0.0912,865.0,8.0,5755.0,5650.0,105.0,1.8,69549.0,1521.0,2100.0,1993.0,921.0,23.27467483,32.13465953,30.49732211,14.09334353,964.4904,7.879136,99.49041748046875,-0.1208639144897461
31039,NE,Cuming County,8953,835.0,0.0933,573.0,8.0,4858.0,4772.0,86.0,1.8,65809.0,479.0,2049.0,2019.0,1501.0,7.919973545,33.87896825,33.38293651,24.81812169,636.9696,7.6262956,63.9696044921875,-0.3737044334411621
31041,NE,Custer County,10504,1147.0,0.1092,728.0,15.0,6362.0,6262.0,100.0,1.6,60328.0,438.0,2299.0,2706.0,1875.0,5.985241869,31.41568735,36.97731621,25.62175458,1188.8549,9.2221985,460.8548583984375,-5.777801513671875
31043,NE,Dakota County,21116,2424.0,0.1148,2665.0,6.0,10971.0,10684.0,287.0,2.6,65986.0,2487.0,4673.0,4003.0,1989.0,18.90967153,35.53071776,30.43643552,15.12317518,2343.4924,10.284236,-321.507568359375,4.284235954284668
31045,NE,Dawes County,8252,1213.0,0.147,344.0,4.0,5024.0,4926.0,98.0,2.0,52621.0,219.0,1350.0,1733.0,1791.0,4.300019635,26.50697035,34.02709601,35.165914,463.83612,5.038872,119.83612060546875,1.0388717651367188
31047,NE,Dawson County,23905,2864.0,0.1198,1567.0,50.0,13640.0,13332.0,308.0,2.3,62089.0,3413.0,4784.0,4498.0,2700.0,22.16953556,31.07502436,29.21727834,17.53816174,1681.7604,39.914715,114.7603759765625,-10.085285186767578
31049,NE,Deuel County,1901,232.0,0.122,95.0,2.0,1022.0,999.0,23.0,2.3,56099.0,120.0,406.0,542.0,310.0,8.708272859,29.46298984,39.33236575,22.49637155,108.90105,3.7890644,13.901046752929688,1.7890644073486328
31051,NE,Dixon County,5516,512.0,0.0928,504.0,8.0,3029.0,2969.0,60.0,2.0,61144.0,587.0,1189.0,1069.0,886.0,15.73304744,31.86813187,28.65183597,23.74698472,307.38187,6.489459,-196.61813354492188,-1.5105409622192383
31053,NE,Dodge County,37045,3843.0,0.1037,4401.0,64.0,20685.0,20273.0,412.0,2.0,68267.0,2646.0,8810.0,7773.0,5281.0,10.79559364,35.94451244,31.71358629,21.54630763,4472.449,52.97723,71.44921875,-11.022769927978516
31055,NE,Douglas County,586106,69886.0,0.1192,74991.0,331.0,303746.0,296286.0,7460.0,2.5,74424.0,32668.0,77828.0,111006.0,161962.0,8.519183026,20.29603822,28.94821939,42.23655936,77238.27,352.18628,2247.2734375,21.186279296875
31057,NE,Dundy County,1595,205.0,0.1285,119.0,1.0,1178.0,1161.0,17.0,1.4,58441.0,62.0,372.0,548.0,298.0,4.84375,29.0625,42.8125,23.28125,202.60469,1.8032451,83.60469055175781,0.8032450675964355
31059,NE,Fillmore County,5541,495.0,0.0893,493.0,7.0,3331.0,3273.0,58.0,1.7,68532.0,220.0,1437.0,1560.0,904.0,5.33851007,34.87017714,37.85488959,21.9364232,419.76855,6.579804,-73.2314453125,-0.4201960563659668
31061,NE,Franklin County,2850,363.0,0.1274,137.0,6.0,1548.0,1515.0,33.0,2.1,59400.0,124.0,694.0,885.0,426.0,5.824330672,32.5974636,41.56881165,20.00939408,173.8677,4.924923,36.867706298828125,-1.0750770568847656
31063,NE,Frontier County,2611,383.0,0.1467,161.0,2.0,1531.0,1500.0,31.0,2.0,58241.0,123.0,470.0,687.0,452.0,7.101616628,27.13625866,39.66512702,26.09699769,246.413,5.4795327,85.41299438476562,3.4795327186584473
31065,NE,Furnas County,4570,617.0,0.135,457.0,12.0,2538.0,2491.0,47.0,1.9,54213.0,309.0,1049.0,1185.0,728.0,9.4466524,32.06970345,36.22745338,22.25619077,408.42984,9.50787,-48.570159912109375,-2.4921302795410156
31067,NE,Gage County,21564,2171.0,0.1007,1617.0,47.0,10849.0,10594.0,255.0,2.4,64406.0,1101.0,5433.0,5294.0,3361.0,7.248666798,35.76930674,34.85417078,22.12785569,1832.5662,36.590168,215.566162109375,-10.409832000732422
31069,NE,Garden County,1835,303.0,0.1651,200.0,4.0,1119.0,1098.0,21.0,1.9,51734.0,60.0,401.0,527.0,258.0,4.81540931,32.18298555,42.2953451,20.70626003,190.53452,4.05122,-9.465484619140625,0.051219940185546875
31071,NE,Garfield County,1787,210.0,0.1175,154.0,8.0,1140.0,1118.0,22.0,1.9,51530.0,58.0,341.0,458.0,416.0,4.556166536,26.78711705,35.97800471,32.6787117,174.72775,4.1209154,20.727752685546875,-3.879084587097168
31073,NE,Gosper County,1835,169.0,0.0921,152.0,2.0,1205.0,1183.0,22.0,1.8,67697.0,65.0,391.0,582.0,420.0,4.458161866,26.8175583,39.91769547,28.80658436,241.41127,2.6396992,89.41127014160156,0.6396992206573486
31075,NE,Grant County,584,62.0,0.1062,23.0,1.0,416.0,410.0,6.0,1.4,63469.0,35.0,116.0,185.0,140.0,7.352941176,24.3697479,38.86554622,29.41176471,51.603195,0.9234314,28.603195190429688,-0.076568603515625
31077,NE,Greeley County,2235,240.0,0.1074,143.0,4.0,1245.0,1222.0,23.0,1.8,58561.0,100.0,578.0,573.0,283.0,6.518904824,37.67926988,37.35332464,18.44850065,119.0018,4.053055,-23.998199462890625,0.0530548095703125
31079,NE,Hall County,62096,7017.0,0.113,7666.0,74.0,32852.0,32117.0,735.0,2.2,66277.0,6120.0,12864.0,12562.0,8443.0,15.30420866,32.16884643,31.41363875,21.11330616,7487.814,68.89277,-178.18603515625,-5.107231140136719
31081,NE,Hamilton County,9439,738.0,0.0782,1158.0,14.0,4925.0,4830.0,95.0,1.9,75369.0,188.0,1809.0,2541.0,1906.0,2.917442582,28.0726257,39.4320298,29.57790192,1079.7401,12.3386,-78.2598876953125,-1.6613998413085938
31083,NE,Harlan County,3032,315.0,0.1039,52.0,9.0,1810.0,1778.0,32.0,1.8,62104.0,159.0,608.0,842.0,513.0,7.492931197,28.65221489,39.6795476,24.17530631,281.28174,7.8481755,229.28173828125,-1.1518244743347168
31085,NE,Hayes County,864,136.0,0.1574,15.0,0.0,597.0,588.0,9.0,1.5,60141.0,34.0,238.0,266.0,102.0,5.3125,37.1875,41.5625,15.9375,24.560444,1.8251787,9.560443878173828,1.8251787424087524
31087,NE,Hitchcock County,2614,370.0,0.1415,184.0,6.0,1299.0,1270.0,29.0,2.2,54488.0,125.0,548.0,804.0,364.0,6.789788159,29.76643129,43.67191744,19.77186312,234.649,6.7025065,50.64900207519531,0.7025065422058105
31089,NE,Holt County,10013,1273.0,0.1271,926.0,16.0,5676.0,5578.0,98.0,1.7,60502.0,479.0,2319.0,2230.0,1861.0,6.953113659,33.66236028,32.37044564,27.01408042,803.99005,12.698944,-122.00994873046875,-3.301055908203125
31091,NE,Hooker County,682,62.0,0.0909,28.0,2.0,407.0,396.0,11.0,2.7,53537.0,27.0,197.0,116.0,89.0,6.293706294,45.92074592,27.03962704,20.74592075,50.72081,1.9321624,22.720809936523438,-0.06783759593963623
31093,NE,Howard County,6509,536.0,0.0823,444.0,10.0,3491.0,3423.0,68.0,1.9,69423.0,212.0,1600.0,1622.0,1024.0,4.755495738,35.89053387,36.38402871,22.96994168,454.33017,6.7930245,10.330169677734375,-3.2069754600524902
31095,NE,Jefferson County,7140,743.0,0.1041,416.0,17.0,4186.0,4111.0,75.0,1.8,59478.0,347.0,2004.0,1693.0,992.0,6.890389198,39.79348689,33.61795075,19.69817315,550.31866,14.624651,134.31866455078125,-2.3753490447998047
31097,NE,Johnson County,5245,560.0,0.1068,156.0,5.0,2013.0,1960.0,53.0,2.6,60549.0,436.0,1593.0,1015.0,713.0,11.60500399,42.40085174,27.01623636,18.97790791,396.1887,6.0216656,240.18869018554688,1.0216655731201172
31099,NE,Kearney County,6706,536.0,0.0799,405.0,6.0,3731.0,3667.0,64.0,1.7,74686.0,275.0,1146.0,1664.0,1513.0,5.980861244,24.92387995,36.18964767,32.90561114,541.1048,6.7234235,136.10479736328125,0.7234234809875488
31101,NE,Keith County,8179,936.0,0.1144,614.0,18.0,4674.0,4593.0,81.0,1.7,60608.0,560.0,1826.0,2393.0,1297.0,9.216589862,30.05266623,39.38446346,21.34628045,600.9576,14.595095,-13.04241943359375,-3.404905319213867
31103,NE,Keya Paha County,805,164.0,0.2037,34.0,0.0,548.0,537.0,11.0,2.0,51579.0,20.0,205.0,243.0,162.0,3.174603175,32.53968254,38.57142857,25.71428571,109.13459,-0.88217884,75.13459014892578,-0.8821788430213928
31105,NE,Kimball County,3336,414.0,0.1241,208.0,9.0,1950.0,1916.0,34.0,1.7,55797.0,270.0,938.0,940.0,358.0,10.77414206,37.4301676,37.50997606,14.28571429,305.58716,6.4855933,97.587158203125,-2.514406681060791
31107,NE,Knox County,8307,1280.0,0.1541,627.0,11.0,4668.0,4570.0,98.0,2.1,54880.0,416.0,2010.0,2182.0,1129.0,7.251176573,35.03573296,38.03381558,19.67927488,812.6212,11.272176,185.6212158203125,0.27217578887939453
31109,NE,Lancaster County,324434,38884.0,0.1199,41880.0,116.0,179486.0,175851.0,3635.0,2.0,68358.0,13225.0,41678.0,64754.0,83408.0,6.51269298,20.52446261,31.88831162,41.07453279,41907.84,118.53018,27.83984375,2.530181884765625
31111,NE,Lincoln County,33614,3923.0,0.1167,4157.0,61.0,18408.0,18031.0,377.0,2.0,62442.0,1560.0,6987.0,10383.0,4856.0,6.558479778,29.37442193,43.65172791,20.41537039,3906.3804,56.189713,-250.61962890625,-4.8102874755859375
31113,NE,Logan County,685,72.0,0.1051,44.0,0.0,483.0,473.0,10.0,2.1,68723.0,10.0,150.0,243.0,147.0,1.818181818,27.27272727,44.18181818,26.72727273,120.7339,-1.2893507,76.73390197753906,-1.2893507480621338
31115,NE,Loup County,601,98.0,0.1631,21.0,0.0,410.0,400.0,10.0,2.4,60487.0,0.0,140.0,171.0,109.0,0.0,33.33333333,40.71428571,25.95238095,4.2765894,-1.8267537,-16.723410606384277,-1.8267537355422974
31117,NE,McPherson County,379,56.0,0.1478,20.0,0.0,434.0,427.0,7.0,1.6,52774.0,12.0,76.0,163.0,81.0,3.614457831,22.89156627,49.09638554,24.39759036,78.22081,1.5166509,58.22080993652344,1.516650915145874
31119,NE,Madison County,35414,4489.0,0.1268,4305.0,26.0,19881.0,19492.0,389.0,2.0,63482.0,1813.0,7243.0,8720.0,5459.0,7.802883581,31.17279966,37.52958898,23.49472778,4530.9175,33.508602,225.91748046875,7.508602142333984
31121,NE,Merrick County,7715,697.0,0.0903,726.0,13.0,4195.0,4119.0,76.0,1.8,68754.0,411.0,1981.0,2068.0,950.0,7.597042514,36.61737523,38.22550832,17.56007394,665.3312,12.623132,-60.6688232421875,-0.37686824798583984
31123,NE,Morrill County,4522,619.0,0.1369,391.0,20.0,2660.0,2608.0,52.0,2.0,58889.0,287.0,1036.0,1139.0,687.0,9.114004446,32.89933312,36.17021277,21.81644967,351.52274,9.371344,-39.477264404296875,-10.628656387329102
31125,NE,Nance County,3317,371.0,0.1118,264.0,7.0,1960.0,1923.0,37.0,1.9,62863.0,171.0,772.0,955.0,428.0,7.351676698,33.1900258,41.05760963,18.40068788,318.9472,5.287121,54.94720458984375,-1.7128791809082031
31127,NE,Nemaha County,7036,911.0,0.1295,443.0,14.0,3611.0,3532.0,79.0,2.2,61933.0,488.0,1414.0,1370.0,1347.0,10.56505737,30.61268673,29.66009959,29.16215631,538.16974,9.4501705,95.16973876953125,-4.549829483032227
31129,NE,Nuckolls County,4069,435.0,0.1069,358.0,6.0,2488.0,2438.0,50.0,2.0,57278.0,243.0,914.0,1111.0,824.0,7.858990944,29.56015524,35.93143596,26.64941785,405.10764,5.089803,47.107635498046875,-0.9101967811584473
31131,NE,Otoe County,16186,1576.0,0.0974,1355.0,11.0,8549.0,8368.0,181.0,2.1,70433.0,720.0,3688.0,3629.0,3000.0,6.523511824,33.41487723,32.88031168,27.18129927,1683.8567,14.319086,328.856689453125,3.3190860748291016
31133,NE,Pawnee County,2531,328.0,0.1296,175.0,7.0,1492.0,1462.0,30.0,2.0,55584.0,213.0,695.0,491.0,358.0,12.12293682,39.55606147,27.94536141,20.3756403,417.37476,5.7054887,242.374755859375,-1.294511318206787
31135,NE,Perkins County,2827,299.0,0.1058,152.0,1.0,1858.0,1829.0,29.0,1.6,67296.0,145.0,518.0,804.0,508.0,7.341772152,26.2278481,40.70886076,25.72151899,269.33868,1.226043,117.33868408203125,0.2260429859161377
31137,NE,Phelps County,8988,831.0,0.0925,970.0,15.0,5006.0,4915.0,91.0,1.8,66287.0,485.0,1689.0,2299.0,1633.0,7.943006878,27.66131674,37.65149034,26.74418605,1007.8893,12.936146,37.8892822265625,-2.063854217529297
31139,NE,Pierce County,7317,681.0,0.0931,504.0,6.0,4213.0,4137.0,76.0,1.8,70906.0,277.0,1494.0,2042.0,1134.0,5.599353143,30.20012129,41.27754194,22.92298363,622.4741,8.282403,118.47412109375,2.282402992248535
31141,NE,Platte County,34355,3361.0,0.0978,3638.0,31.0,18436.0,18079.0,357.0,1.9,67132.0,2286.0,6849.0,7862.0,5393.0,10.20991514,30.58954891,35.11389013,24.08664582,3479.071,33.274067,-158.928955078125,2.274066925048828
31143,NE,Polk County,5240,397.0,0.0758,447.0,8.0,2925.0,2871.0,54.0,1.8,70813.0,243.0,1311.0,1404.0,675.0,6.688687036,36.08587944,38.64574732,18.57968621,490.01825,7.7641354,43.01824951171875,-0.23586463928222656
31145,NE,Red Willow County,10528,1199.0,0.1139,707.0,6.0,5925.0,5816.0,109.0,1.8,60108.0,336.0,2216.0,2784.0,1878.0,4.657610202,30.71804824,38.59162739,26.03271417,1146.9719,8.724718,439.971923828125,2.7247180938720703
31147,NE,Richardson County,7730,960.0,0.1242,926.0,8.0,4158.0,4077.0,81.0,1.9,56121.0,464.0,2281.0,1584.0,1248.0,8.319885243,40.90012552,28.40236686,22.37762238,693.9986,8.715391,-232.00140380859375,0.7153911590576172
31149,NE,Rock County,1241,172.0,0.1386,31.0,1.0,898.0,884.0,14.0,1.6,55648.0,54.0,322.0,291.0,273.0,5.744680851,34.25531915,30.95744681,29.04255319,89.15503,1.3194395,58.155029296875,0.31943953037261963
31151,NE,Saline County,14548,1237.0,0.085,1530.0,12.0,7211.0,7041.0,170.0,2.4,72948.0,1847.0,2655.0,2812.0,1843.0,20.17036147,28.99421208,30.70874741,20.12667904,1360.9326,10.363318,-169.0673828125,-1.6366815567016602
31153,NE,Sarpy County,196427,11259.0,0.0573,23741.0,137.0,98999.0,96926.0,2073.0,2.1,98619.0,5439.0,25060.0,42579.0,52633.0,4.326590354,19.93461193,33.87054434,41.86825337,23793.516,132.38803,52.515625,-4.611968994140625
31155,NE,Saunders County,23177,1687.0,0.0728,1750.0,32.0,11493.0,11272.0,221.0,1.9,86179.0,608.0,4601.0,5626.0,4711.0,3.910973884,29.59603757,36.18937347,30.30361508,1918.2885,30.026703,168.2884521484375,-1.973297119140625
31157,NE,Scotts Bluff County,35769,5280.0,0.1476,3789.0,60.0,17973.0,17540.0,433.0,2.4,56853.0,2559.0,6651.0,8835.0,6308.0,10.50794563,27.3108036,36.27889788,25.90235289,4001.316,56.422245,212.31591796875,-3.5777549743652344
31159,NE,Seward County,17625,1253.0,0.0711,1092.0,11.0,8874.0,8693.0,181.0,2.0,77778.0,563.0,3124.0,3888.0,3503.0,5.082144791,28.20003611,35.09658783,31.62123127,1314.8303,11.628943,222.830322265625,0.6289434432983398
31161,NE,Sheridan County,5006,709.0,0.1416,242.0,17.0,2781.0,2729.0,52.0,1.9,55388.0,363.0,1182.0,1292.0,788.0,10.0137931,32.60689655,35.64137931,21.73793103,670.0967,10.629256,428.0966796875,-6.370743751525879
31163,NE,Sherman County,3006,384.0,0.1277,221.0,6.0,1654.0,1620.0,34.0,2.1,58456.0,186.0,762.0,787.0,403.0,8.699719364,35.64078578,36.8101029,18.84939196,343.6856,5.1790605,122.68560791015625,-0.8209395408630371
31165,NE,Sioux County,1127,181.0,0.1606,21.0,0.0,768.0,754.0,14.0,1.8,60806.0,39.0,213.0,379.0,211.0,4.631828979,25.29691211,45.01187648,25.05938242,128.8929,-0.44302705,107.89289855957031,-0.4430270493030548
31167,NE,Stanton County,5765,461.0,0.08,181.0,3.0,3567.0,3500.0,67.0,1.9,75068.0,193.0,1265.0,1652.0,895.0,4.81897628,31.5855181,41.24843945,22.34706617,364.0339,2.747186,183.03390502929688,-0.25281405448913574
31169,NE,Thayer County,4854,547.0,0.1127,469.0,9.0,2706.0,2658.0,48.0,1.8,61125.0,194.0,1216.0,1275.0,803.0,5.561926606,34.86238532,36.55389908,23.02178899,567.11633,6.4677315,98.1163330078125,-2.532268524169922
31171,NE,Thomas County,665,90.0,0.1353,29.0,0.0,456.0,445.0,11.0,2.4,58818.0,35.0,126.0,208.0,136.0,6.930693069,24.95049505,41.18811881,26.93069307,79.293915,0.004267966,50.293914794921875,0.004267965909093618
31173,NE,Thurston County,6555,1256.0,0.1916,906.0,16.0,3237.0,3136.0,101.0,3.1,57129.0,282.0,1253.0,1411.0,748.0,7.634001083,33.91987006,38.19707634,20.24905252,918.80505,10.706255,12.8050537109375,-5.293745040893555
31175,NE,Valley County,4058,516.0,0.1272,279.0,7.0,2111.0,2068.0,43.0,2.0,55050.0,164.0,951.0,990.0,804.0,5.637676177,32.69164661,34.03231351,27.6383637,204.22853,5.4675527,-74.77146911621094,-1.532447338104248
31177,NE,Washington County,21167,1493.0,0.0705,2014.0,23.0,11412.0,11185.0,227.0,2.0,87368.0,582.0,3630.0,4909.0,5246.0,4.050950094,25.26623512,34.16858078,36.51423401,2000.72,20.905167,-13.280029296875,-2.0948333740234375
31179,NE,Wayne County,9899,1135.0,0.1147,694.0,8.0,5725.0,5611.0,114.0,2.0,65664.0,267.0,1783.0,1806.0,1603.0,4.891005679,32.66165964,33.08298223,29.36435245,734.15753,6.9671373,40.15753173828125,-1.032862663269043
31181,NE,Webster County,3339,368.0,0.1102,268.0,6.0,1673.0,1635.0,38.0,2.3,62679.0,146.0,812.0,924.0,527.0,6.060606061,33.70693234,38.35616438,21.87629722,429.2217,3.564743,161.22171020507812,-2.4352569580078125
31183,NE,Wheeler County,782,115.0,0.1471,45.0,2.0,560.0,552.0,8.0,1.4,55951.0,14.0,200.0,231.0,187.0,2.215189873,31.64556962,36.55063291,29.58860759,72.16087,1.6470892,27.160873413085938,-0.35291075706481934
31185,NE,York County,14312,1488.0,0.104,1909.0,13.0,7418.0,7272.0,146.0,2.0,68440.0,791.0,2831.0,3675.0,2287.0,8.253338898,29.53881469,38.3451586,23.86268781,1440.3481,19.595953,-468.65185546875,6.595952987670898
32001,NV,Churchill County,25798,2556.0,0.0991,3068.0,30.0,10951.0,10571.0,380.0,3.5,70149.0,1415.0,5888.0,7131.0,3300.0,7.979023345,33.20175933,40.21089433,18.608323,3128.865,27.002823,60.864990234375,-2.9971771240234375
32003,NV,Clark County,2322535,304986.0,0.1313,283172.0,2727.0,1150663.0,1083926.0,66737.0,5.8,70838.0,209995.0,439764.0,507886.0,434902.0,13.18611005,27.6138789,31.89142926,27.30858179,283139.6,2727.6204,-32.40625,0.620361328125
32005,NV,Douglas County,49662,4170.0,0.084,3357.0,47.0,22290.0,21431.0,859.0,3.9,91960.0,2456.0,9487.0,14722.0,12578.0,6.258440996,24.1750121,37.51497082,32.05157608,3832.323,46.037148,475.322998046875,-0.9628524780273438
32007,NV,Elko County,53979,4760.0,0.0882,3007.0,39.0,25746.0,24942.0,804.0,3.1,88757.0,4475.0,11516.0,12870.0,6138.0,12.7860796,32.90379725,36.77247921,17.53764393,3170.096,40.133636,163.095947265625,1.133636474609375
32009,NV,Esmeralda County,747,109.0,0.1459,61.0,3.0,414.0,400.0,14.0,3.4,57501.0,196.0,191.0,269.0,208.0,22.68518519,22.10648148,31.13425926,24.07407407,30.837866,1.9505556,-30.162134170532227,-1.0494444370269775
32011,NV,Eureka County,1863,199.0,0.1068,-64.0,1.0,1006.0,978.0,28.0,2.8,80291.0,50.0,398.0,464.0,202.0,4.488330341,35.72710952,41.65170557,18.13285458,8.742362,1.2145035,72.7423620223999,0.21450352668762207
32013,NV,Humboldt County,17296,1663.0,0.0961,-502.0,22.0,7832.0,7583.0,249.0,3.2,80255.0,1452.0,4037.0,3634.0,2252.0,12.76483516,35.49010989,31.94725275,19.7978022,582.58105,15.891233,1084.5810546875,-6.108766555786133
32015,NV,Lander County,5761,602.0,0.1045,451.0,6.0,3038.0,2939.0,99.0,3.3,90190.0,418.0,1382.0,1443.0,644.0,10.7537947,35.55441214,37.12374582,16.56804734,288.12436,5.27828,-162.87564086914062,-0.7217202186584473
32017,NV,Lincoln County,4440,530.0,0.1194,-63.0,5.0,2049.0,1971.0,78.0,3.8,63978.0,189.0,1472.0,929.0,607.0,5.911792305,46.04316547,29.05849234,18.98654989,549.2371,7.6873345,612.2371215820312,2.6873345375061035
32019,NV,Lyon County,61628,6757.0,0.1096,4448.0,89.0,23568.0,22454.0,1114.0,4.7,74741.0,5432.0,14206.0,16837.0,7580.0,12.33004199,32.24605607,38.21813642,17.20576552,4537.3896,85.96109,89.3896484375,-3.038909912109375
32021,NV,Mineral County,4537,727.0,0.1602,813.0,9.0,1667.0,1589.0,78.0,4.7,55704.0,304.0,1533.0,1065.0,376.0,9.273947529,46.76632093,32.48932276,11.47040879,711.07404,8.551166,-101.92596435546875,-0.4488344192504883
32023,NV,Nye County,54769,7936.0,0.1449,3744.0,139.0,17750.0,16779.0,971.0,5.5,51933.0,5530.0,14718.0,15940.0,5252.0,13.34459459,35.51640927,38.46525097,12.67374517,8458.769,83.7416,4714.7685546875,-55.258399963378906
32027,NV,Pershing County,6450,755.0,0.1171,1126.0,3.0,2501.0,2414.0,87.0,3.5,65315.0,710.0,2180.0,1590.0,462.0,14.36665318,44.11169567,32.17320923,9.348441926,756.5998,4.300038,-369.40020751953125,1.3000378608703613
32029,NV,Storey County,4165,299.0,0.0718,-53.0,6.0,2088.0,2007.0,81.0,3.9,90171.0,339.0,488.0,1462.0,1059.0,10.12544803,14.57586619,43.66786141,31.63082437,18.088602,3.7381003,71.08860206604004,-2.261899709701538
32031,NV,Washoe County,496980,50322.0,0.1013,53859.0,271.0,256315.0,247689.0,8626.0,3.4,80245.0,39049.0,81028.0,110593.0,114556.0,11.31114111,23.4710016,32.03495681,33.18290048,54744.82,269.28757,885.8203125,-1.712432861328125
32033,NV,White Pine County,8746,912.0,0.1043,297.0,14.0,4512.0,4379.0,133.0,2.9,67639.0,780.0,2687.0,2253.0,943.0,11.70643854,40.32717995,33.81359748,14.15278403,777.08466,11.159603,480.08465576171875,-2.8403968811035156
32510,NV,Carson City,58065,7235.0,0.1246,7353.0,49.0,25216.0,24243.0,973.0,3.9,62859.0,4599.0,11503.0,15733.0,10334.0,10.90611587,27.27833242,37.3093979,24.50615381,7292.0425,53.928925,-60.95751953125,4.928924560546875
33001,NH,Belknap County,64705,5552.0,0.0858,7598.0,58.0,30876.0,30170.0,706.0,2.3,77531.0,3023.0,14413.0,15477.0,15901.0,6.192895481,29.52636539,31.70606793,32.5746712,7980.31,58.280544,382.31005859375,0.2805442810058594
33003,NH,Carroll County,52154,4843.0,0.0929,5766.0,44.0,23222.0,22674.0,548.0,2.4,71981.0,1801.0,10433.0,12674.0,15788.0,4.425496363,25.63642618,31.14310989,38.79496756,5739.034,42.685455,-26.9658203125,-1.314544677734375
33005,NH,Cheshire County,77463,6432.0,0.083,9172.0,59.0,39128.0,38171.0,957.0,2.4,76227.0,3321.0,17325.0,15089.0,19510.0,6.011403747,31.3603041,27.31287899,35.31541316,9041.987,65.53303,-130.0126953125,6.533027648925781
33007,NH,Coos County,31476,3810.0,0.121,3486.0,48.0,14249.0,13815.0,434.0,3.0,52292.0,2564.0,9490.0,7502.0,4941.0,10.46658775,38.73943748,30.62415806,20.16981671,3646.8828,50.956657,160.8828125,2.9566574096679688
33009,NH,Grafton County,93131,8774.0,0.0942,13198.0,43.0,48551.0,47531.0,1020.0,2.1,81205.0,4027.0,17026.0,15330.0,29573.0,6.105585542,25.81417915,23.24276791,44.8374674,12970.198,43.33448,-227.8017578125,0.33448028564453125
33011,NH,Hillsborough County,427493,27790.0,0.065,53041.0,238.0,239052.0,233468.0,5584.0,2.3,96415.0,21393.0,78060.0,81649.0,123888.0,7.014328339,25.59428178,26.77104167,40.62034821,52995.88,236.95044,-45.12109375,-1.049560546875
33013,NH,Merrimack County,156459,11090.0,0.0709,18277.0,110.0,82076.0,80383.0,1693.0,2.1,84898.0,7043.0,31608.0,30738.0,42673.0,6.284913708,28.20581464,27.42945869,38.07981296,19606.412,112.342316,1329.412109375,2.342315673828125
33015,NH,Rockingham County,319633,17191.0,0.0538,37721.0,212.0,187161.0,182773.0,4388.0,2.3,107445.0,9156.0,58756.0,61873.0,105250.0,3.895590019,24.99882996,26.32501542,44.7805646,37708.77,212.01915,-12.23046875,0.0191497802734375
33017,NH,Strafford County,132571,11209.0,0.0846,16806.0,74.0,73343.0,71801.0,1542.0,2.1,82845.0,4759.0,23287.0,26736.0,34287.0,5.343048648,26.1448989,30.01717769,38.49487476,16661.31,78.0459,-144.689453125,4.0458984375
33019,NH,Sullivan County,43918,4273.0,0.0973,5401.0,28.0,22675.0,22190.0,485.0,2.1,74700.0,2910.0,12160.0,7761.0,10027.0,8.856290705,37.00773023,23.61981861,30.51616045,5288.0723,28.759335,-112.927734375,0.7593345642089844
34001,NJ,Atlantic County,275382,30748.0,0.1117,38341.0,245.0,122428.0,115832.0,6596.0,5.4,76108.0,21485.0,61964.0,49272.0,60079.0,11.1436722,32.13900415,25.5560166,31.16130705,38362.566,244.95044,21.56640625,-0.049560546875
34003,NJ,Bergen County,953540,66461.0,0.0697,151626.0,601.0,504861.0,487201.0,17660.0,3.5,113885.0,48060.0,136071.0,137257.0,356861.0,7.085893234,20.06210109,20.23696312,52.61504256,151582.8,600.1384,-43.203125,-0.861572265625
34005,NJ,Burlington County,466101,29915.0,0.0642,63174.0,330.0,246708.0,238085.0,8623.0,3.5,100188.0,18595.0,86704.0,87306.0,139451.0,5.599959043,26.11125834,26.29255306,41.99622955,63209.082,331.631,35.08203125,1.631011962890625
34007,NJ,Camden County,524649,64621.0,0.1232,74786.0,420.0,269575.0,258219.0,11356.0,4.2,81372.0,36862.0,105529.0,92318.0,127919.0,10.16523821,29.10117255,25.45804516,35.27554408,74602.38,418.2237,-183.6171875,-1.77630615234375
34009,NJ,Cape May County,95405,9063.0,0.095,12074.0,80.0,47265.0,44058.0,3207.0,6.8,80845.0,3893.0,22984.0,18545.0,27192.0,5.361225108,31.65229845,25.53915223,37.44732421,12324.9375,102.28522,250.9375,22.28521728515625
34011,NJ,Cumberland County,151347,22152.0,0.1464,23571.0,137.0,69010.0,65338.0,3672.0,5.3,60892.0,19294.0,40316.0,24926.0,18484.0,18.72840225,39.13414871,24.19530188,17.94214716,15790.328,163.29424,-7780.671875,26.294235229492188
34013,NJ,Essex County,849724,128727.0,0.1515,124876.0,519.0,388290.0,369991.0,18299.0,4.7,74747.0,76050.0,159352.0,122356.0,218230.0,13.20340007,27.66585415,21.24280367,37.88794211,124918.71,518.26666,42.7109375,-0.73333740234375
34015,NJ,Gloucester County,306767,22578.0,0.0736,37915.0,249.0,160615.0,154432.0,6183.0,3.8,97851.0,12584.0,65170.0,56848.0,75003.0,6.003673576,31.09181556,27.12149042,35.78302044,37849.63,249.67351,-65.37109375,0.6735076904296875
34017,NJ,Hudson County,702381,98969.0,0.1409,106207.0,377.0,377810.0,363504.0,14306.0,3.8,82361.0,62330.0,116789.0,89005.0,246539.0,12.11083758,22.69232488,17.29384082,47.90299672,106398.48,376.12674,191.4765625,-0.873260498046875
34019,NJ,Hunterdon County,129805,5227.0,0.0403,16719.0,100.0,68058.0,65989.0,2069.0,3.0,137334.0,3957.0,17862.0,19207.0,53286.0,4.195648486,18.93926542,20.36538298,56.49970311,16758.451,97.58515,39.451171875,-2.4148483276367188
34021,NJ,Mercer County,380779,38810.0,0.1019,53807.0,255.0,215471.0,208265.0,7206.0,3.3,94832.0,26146.0,63662.0,53192.0,116529.0,10.07440402,24.52982133,20.49559009,44.90018457,53110.13,251.4534,-696.87109375,-3.546600341796875
34023,NJ,Middlesex County,861094,69157.0,0.0803,125592.0,431.0,462334.0,446142.0,16192.0,3.5,102073.0,63581.0,138873.0,123625.0,268170.0,10.69938696,23.36949663,20.80356887,45.12754754,106286.7,502.93942,-19305.296875,71.93942260742188
34025,NJ,Monmouth County,644228,40420.0,0.0627,92417.0,526.0,347680.0,335679.0,12001.0,3.5,117699.0,26484.0,97317.0,101186.0,230464.0,5.814895565,21.36717232,22.21665997,50.60127215,92127.55,523.0707,-289.453125,-2.9293212890625
34027,NJ,Morris County,511219,22171.0,0.0434,78007.0,312.0,268634.0,260117.0,8517.0,3.2,131562.0,17729.0,68681.0,68503.0,207434.0,4.89282373,18.95448286,18.90535868,57.24733474,77553.35,311.4285,-453.6484375,-0.571502685546875
34029,NJ,Ocean County,655663,72554.0,0.1107,85523.0,759.0,298173.0,286624.0,11549.0,3.9,81152.0,29192.0,145054.0,116459.0,147739.0,6.658090885,33.08381458,26.56188704,33.6962075,85241.31,754.483,-281.6875,-4.51702880859375
34031,NJ,Passaic County,513634,62652.0,0.122,78751.0,367.0,253380.0,241287.0,12093.0,4.8,78779.0,51716.0,116947.0,73336.0,105257.0,14.89275923,33.67745986,21.11871357,30.31106734,59090.65,370.69772,-19660.3515625,3.697723388671875
34033,NJ,Salem County,65157,6898.0,0.1059,7317.0,45.0,30632.0,29159.0,1473.0,4.8,76005.0,4495.0,17532.0,12459.0,10877.0,9.908956639,38.64823755,27.46511474,23.97769107,8300.679,73.737854,983.6787109375,28.73785400390625
34035,NJ,Somerset County,347047,17692.0,0.051,45644.0,111.0,179197.0,173376.0,5821.0,3.2,134735.0,15033.0,43930.0,45278.0,140175.0,6.15057934,17.97345509,18.52497382,57.35099175,45764.062,114.911026,120.0625,3.9110260009765625
34037,NJ,Sussex County,145575,8578.0,0.0589,19449.0,144.0,77614.0,74621.0,2993.0,3.9,111308.0,4838.0,29260.0,29330.0,42236.0,4.578664446,27.69155058,27.7577983,39.97198667,19311.25,142.7838,-137.75,-1.2162017822265625
34039,NJ,Union County,570417,54080.0,0.0948,81928.0,393.0,289422.0,277712.0,11710.0,4.0,96483.0,53601.0,104348.0,81995.0,150614.0,13.72420998,26.71767061,20.99432095,38.56379846,82068.15,393.1997,140.1484375,0.19970703125
34041,NJ,Warren County,110903,7628.0,0.0688,13790.0,79.0,59058.0,56933.0,2125.0,3.6,97729.0,4811.0,24638.0,21412.0,29147.0,6.013148685,30.79442056,26.76232377,36.43010699,14330.358,92.5214,540.3583984375,13.521400451660156
35001,NM,Bernalillo County,672957,92866.0,0.138,95228.0,835.0,338098.0,325772.0,12326.0,3.6,65034.0,45548.0,105929.0,145610.0,177818.0,9.590970826,22.30530317,30.66086902,37.44285699,95153.5,825.6824,-74.5,-9.317626953125
35003,NM,Catron County,3793,753.0,0.1985,231.0,11.0,1201.0,1142.0,59.0,4.9,44247.0,73.0,1102.0,1227.0,626.0,2.410832232,36.39365918,40.52179657,20.67371202,360.4786,8.781139,129.47860717773438,-2.218860626220703
35005,NM,Chaves County,63892,12152.0,0.1902,9105.0,124.0,27534.0,26348.0,1186.0,4.3,47855.0,8002.0,11569.0,14776.0,7642.0,19.05737217,27.55245421,35.19016885,18.20000476,9121.655,118.00754,16.6552734375,-5.992462158203125
35006,NM,Cibola County,26871,7313.0,0.2722,4838.0,51.0,8215.0,7762.0,453.0,5.5,45674.0,2705.0,5900.0,6435.0,3490.0,14.59794927,31.84025904,34.72746897,18.83432272,4754.9043,47.80634,-83.095703125,-3.1936607360839844
35007,NM,Colfax County,12272,2148.0,0.175,1060.0,13.0,5335.0,5125.0,210.0,3.9,49966.0,877.0,3008.0,3140.0,2218.0,9.488261387,32.54354647,33.97165422,23.99653792,1258.5812,12.53704,198.5811767578125,-0.46296024322509766
35009,NM,Curry County,47430,8131.0,0.1714,5998.0,98.0,22276.0,21551.0,725.0,3.3,52463.0,5294.0,7889.0,10169.0,6317.0,17.8435404,26.59004348,34.27483232,21.29158381,5973.45,88.26855,-24.5498046875,-9.731452941894531
35011,NM,De Baca County,1692,317.0,0.1874,336.0,3.0,724.0,699.0,25.0,3.5,45208.0,135.0,261.0,607.0,91.0,12.34003656,23.85740402,55.48446069,8.31809872,321.45166,3.1791902,-14.54833984375,0.17919015884399414
35013,NM,Doña Ana County,223530,50613.0,0.2264,34852.0,319.0,99295.0,94887.0,4408.0,4.4,52011.0,23888.0,31456.0,39133.0,43242.0,17.34546432,22.84071188,28.41510612,31.39871768,31464.76,152.14203,-3387.240234375,-166.85797119140625
35015,NM,Eddy County,60203,7904.0,0.1313,6455.0,96.0,31250.0,30199.0,1051.0,3.4,65063.0,6260.0,10886.0,14838.0,7907.0,15.69276278,27.28936352,37.19636008,19.82151362,6472.919,83.020676,17.9189453125,-12.979324340820312
35017,NM,Grant County,27693,5330.0,0.1925,5280.0,46.0,11589.0,11108.0,481.0,4.2,47099.0,2133.0,5561.0,7007.0,5932.0,10.33780837,26.95197014,33.96016091,28.75006058,5111.694,43.84321,-168.30615234375,-2.1567916870117188
35019,NM,Guadalupe County,4316,883.0,0.2046,744.0,3.0,1442.0,1360.0,82.0,5.7,43862.0,546.0,1371.0,821.0,503.0,16.84665227,42.30175872,25.33168775,15.51990127,653.5473,5.849771,-90.45269775390625,2.849771022796631
35021,NM,Harding County,621,104.0,0.1675,43.0,0.0,281.0,271.0,10.0,3.6,45217.0,57.0,186.0,111.0,154.0,11.22047244,36.61417323,21.8503937,30.31496063,14.537348,-0.71962166,-28.4626522064209,-0.7196216583251953
35023,NM,Hidalgo County,4011,988.0,0.2463,605.0,4.0,1894.0,1829.0,65.0,3.4,43610.0,436.0,1087.0,851.0,513.0,15.1021822,37.65154139,29.47696571,17.7693107,559.41016,6.333025,-45.58984375,2.3330249786376953
35025,NM,Lea County,72343,12954.0,0.1791,7731.0,119.0,29141.0,27846.0,1295.0,4.4,59194.0,10680.0,14264.0,12112.0,6682.0,24.41812611,32.61237368,27.69216699,15.27733321,7723.6323,113.80478,-7.36767578125,-5.195220947265625
35027,NM,Lincoln County,20343,3517.0,0.1729,2757.0,29.0,8846.0,8487.0,359.0,4.1,54344.0,1294.0,4301.0,5630.0,4535.0,8.210659898,27.29060914,35.72335025,28.77538071,2733.914,28.315094,-23.0859375,-0.684906005859375
35028,NM,Los Alamos County,19273,704.0,0.0365,3508.0,12.0,10579.0,10345.0,234.0,2.2,139217.0,238.0,1433.0,2803.0,9616.0,1.689141235,10.17033357,19.89354152,68.24698368,3496.1155,11.898786,-11.884521484375,-0.10121440887451172
35029,NM,Luna County,25693,6570.0,0.2557,2999.0,42.0,9845.0,8861.0,984.0,10.0,38796.0,3943.0,5738.0,4274.0,2410.0,24.09410327,35.06263367,26.1167125,14.72655057,5545.954,40.895683,2546.9541015625,-1.1043167114257812
35031,NM,McKinley County,69931,22063.0,0.3155,14901.0,104.0,22516.0,21210.0,1306.0,5.8,43720.0,8627.0,16511.0,14361.0,5623.0,19.11927663,36.59190639,31.82704667,12.46177031,14973.513,104.17934,72.5126953125,0.1793365478515625
35033,NM,Mora County,4147,872.0,0.2103,507.0,8.0,1937.0,1829.0,108.0,5.6,45155.0,203.0,1223.0,1015.0,831.0,6.204156479,37.37775061,31.0207824,25.39731051,498.099,7.2632914,-8.9010009765625,-0.7367086410522461
35035,NM,Otero County,68517,12722.0,0.1857,8045.0,77.0,25081.0,24031.0,1050.0,4.2,52787.0,5764.0,13164.0,16634.0,9795.0,12.70807152,29.02308354,36.67350133,21.59534361,8326.214,76.39584,281.2138671875,-0.604156494140625
35037,NM,Quay County,8529,1996.0,0.234,920.0,39.0,2989.0,2859.0,130.0,4.3,39885.0,786.0,2297.0,2001.0,1304.0,12.3043206,35.95804634,31.32435817,20.41327489,901.0816,12.456323,-18.91839599609375,-26.54367733001709
35039,NM,Rio Arriba County,39991,7214.0,0.1804,6789.0,65.0,16453.0,15729.0,724.0,4.4,56353.0,3792.0,9325.0,9495.0,5245.0,13.6123775,33.47453064,34.08479018,18.82830168,6426.604,61.34971,-362.39599609375,-3.6502914428710938
35041,NM,Roosevelt County,18858,3142.0,0.1666,2546.0,28.0,7825.0,7522.0,303.0,3.9,47854.0,1581.0,3298.0,3931.0,2391.0,14.11481118,29.44379966,35.0950808,21.34630837,2536.137,26.405832,-9.863037109375,-1.594167709350586
35043,NM,Sandoval County,153597,15683.0,0.1021,23003.0,185.0,68101.0,65497.0,2604.0,3.8,82862.0,7860.0,26369.0,36644.0,35535.0,7.386662657,24.7810315,34.43726036,33.39504549,22500.777,178.08574,-502.22265625,-6.9142608642578125
35045,NM,San Juan County,120569,26630.0,0.2209,23272.0,193.0,49438.0,47141.0,2297.0,4.6,51898.0,10865.0,24330.0,31619.0,13343.0,13.554649,30.35293237,39.44633656,16.64608206,13470.236,181.5259,-9801.763671875,-11.474105834960938
35047,NM,San Miguel County,26902,6061.0,0.2253,4112.0,44.0,10308.0,9794.0,514.0,5.0,47675.0,2845.0,5140.0,6707.0,5226.0,14.28356261,25.8058038,33.67305954,26.23757405,3995.731,41.54417,-116.26904296875,-2.455829620361328
35049,NM,Santa Fe County,155761,18396.0,0.1181,22725.0,174.0,72251.0,69627.0,2624.0,3.6,72836.0,10162.0,23905.0,32241.0,52450.0,8.55689722,20.12917025,27.14848684,44.1654457,22680.62,170.10654,-44.380859375,-3.893463134765625
35051,NM,Sierra County,11474,2516.0,0.2193,971.0,21.0,3941.0,3705.0,236.0,6.0,40420.0,903.0,3244.0,3551.0,1503.0,9.814150636,35.25703728,38.59363113,16.33518096,1315.8212,19.864603,344.8211669921875,-1.135396957397461
35053,NM,Socorro County,16111,3749.0,0.2327,2103.0,30.0,6083.0,5817.0,266.0,4.4,42280.0,1620.0,4113.0,2630.0,2223.0,15.30323068,38.85320234,24.84413376,20.99943321,2361.608,29.539577,258.60791015625,-0.4604225158691406
35055,NM,Taos County,34590,6319.0,0.1827,3917.0,31.0,14745.0,14016.0,729.0,4.9,48462.0,1772.0,7057.0,7952.0,9881.0,6.646163079,26.46838197,29.82521941,37.06023554,3999.4932,31.489899,82.4931640625,0.489898681640625
35057,NM,Torrance County,15383,3071.0,0.1996,1472.0,34.0,5505.0,5209.0,296.0,5.4,48322.0,1466.0,3595.0,4210.0,1620.0,13.46065559,33.00890644,38.65577082,14.87466716,2185.9753,20.37431,713.975341796875,-13.625690460205078
35059,NM,Union County,3982,665.0,0.167,398.0,8.0,1575.0,1529.0,46.0,2.9,48545.0,312.0,1174.0,821.0,509.0,11.07954545,41.69034091,29.15482955,18.07528409,494.7191,8.14246,96.71908569335938,0.14245986938476562
35061,NM,Valencia County,78201,14404.0,0.1842,11102.0,125.0,31119.0,29772.0,1347.0,4.3,53275.0,7479.0,16644.0,17939.0,11053.0,14.08076814,31.33578085,33.77388685,20.80956415,11238.869,108.21103,136.869140625,-16.788970947265625
36001,NY,Albany County,315921,41781.0,0.1323,35154.0,154.0,158683.0,153760.0,4923.0,3.1,76997.0,14567.0,45949.0,56250.0,96130.0,6.842307981,21.58283857,26.42135127,45.15350218,35970.64,161.24255,816.640625,7.2425537109375
36003,NY,Allegany County,46726,7659.0,0.1639,3552.0,39.0,19028.0,18242.0,786.0,4.1,55466.0,2495.0,10438.0,9540.0,7317.0,8.375293723,35.03860356,32.02416918,24.56193353,4400.4834,40.197567,848.4833984375,1.1975669860839844
36007,NY,Broome County,197258,35947.0,0.1822,23436.0,152.0,82021.0,78855.0,3166.0,3.9,60533.0,11764.0,38708.0,40376.0,40032.0,8.988386308,29.57518337,30.84963325,30.58679707,23324.139,157.38516,-111.861328125,5.385162353515625
36009,NY,Cattaraugus County,76050,12031.0,0.1582,7318.0,78.0,32681.0,31333.0,1348.0,4.1,52383.0,5704.0,21229.0,15044.0,10940.0,10.7791447,40.11754257,28.42942722,20.67388552,8544.437,76.68301,1226.4365234375,-1.3169937133789062
36011,NY,Cayuga County,74679,9386.0,0.1257,8370.0,67.0,35353.0,34112.0,1241.0,3.5,64129.0,6087.0,17076.0,18687.0,13128.0,11.07170141,31.05969661,33.98995962,23.87864237,10738.221,86.7922,2368.220703125,19.792198181152344
36013,NY,Chautauqua County,125344,21515.0,0.1716,10927.0,209.0,52852.0,50751.0,2101.0,4.0,55644.0,8876.0,29205.0,28228.0,22218.0,10.02631965,32.98993527,31.88631717,25.0974279,11938.065,200.10976,1011.0654296875,-8.890243530273438
36015,NY,Chemung County,81641,12033.0,0.1474,10928.0,87.0,34610.0,33313.0,1297.0,3.7,56664.0,5328.0,19255.0,18154.0,15715.0,9.115171423,32.94155889,31.05796209,26.8853076,11372.711,93.51492,444.7109375,6.514923095703125
36017,NY,Chenango County,46331,5452.0,0.1177,4829.0,42.0,21798.0,21068.0,730.0,3.3,60755.0,3805.0,13931.0,9551.0,6475.0,11.27006694,41.26236597,28.28920088,19.17836621,5644.6953,47.113754,815.6953125,5.1137542724609375
36019,NY,Clinton County,78037,10047.0,0.1287,11911.0,64.0,35509.0,34304.0,1205.0,3.4,65272.0,6484.0,17819.0,15876.0,14726.0,11.80948912,32.45423914,28.91539933,26.82087242,11885.11,72.5096,-25.8896484375,8.509597778320312
36021,NY,Columbia County,61108,6648.0,0.1088,6304.0,42.0,30401.0,29549.0,852.0,2.8,83533.0,4020.0,13287.0,12028.0,18050.0,8.483697373,28.04051915,25.3835602,38.09222328,6403.062,45.33258,99.06201171875,3.33258056640625
36023,NY,Cortland County,46081,6401.0,0.1389,5665.0,41.0,22551.0,21678.0,873.0,3.9,58274.0,2655.0,9272.0,9010.0,8277.0,9.088108441,31.73820771,30.84137742,28.33230643,5771.1733,42.831524,106.17333984375,1.8315238952636719
36025,NY,Delaware County,44774,6229.0,0.1391,4336.0,62.0,18419.0,17726.0,693.0,3.8,61424.0,3179.0,12303.0,8828.0,8853.0,9.58598438,37.09857371,26.62002834,26.69541356,4880.3506,59.812363,544.3505859375,-2.1876373291015625
36027,NY,Dutchess County,297609,25435.0,0.0855,36014.0,229.0,145356.0,140829.0,4527.0,3.1,90740.0,17317.0,52992.0,57099.0,83972.0,8.192355,25.069543,27.01248936,39.72561264,36318.84,230.30695,304.83984375,1.30694580078125
36029,NY,Erie County,948423,122456.0,0.1291,112079.0,779.0,443121.0,426888.0,16233.0,3.7,69888.0,50862.0,173751.0,199479.0,248289.0,7.564461221,25.84115256,29.66755456,36.92683166,112448.5,775.98004,369.5,-3.01995849609375
36031,NY,Essex County,36763,4576.0,0.1245,3709.0,25.0,16539.0,15937.0,602.0,3.6,62376.0,2457.0,9581.0,7828.0,9052.0,8.496438205,33.13161353,27.0696452,31.30230306,3853.7644,37.925453,144.764404296875,12.925453186035156
36033,NY,Franklin County,46393,6905.0,0.1488,5351.0,43.0,18876.0,18184.0,692.0,3.7,59192.0,4245.0,11347.0,9931.0,7959.0,12.67845409,33.88985126,29.66071322,23.77098142,5387.503,45.139187,36.5029296875,2.1391868591308594
36035,NY,Fulton County,52256,6454.0,0.1235,7117.0,89.0,22353.0,21450.0,903.0,4.0,61512.0,4390.0,13686.0,12011.0,8073.0,11.50419287,35.86477987,31.47536688,21.15566038,6137.8994,53.399746,-979.1005859375,-35.60025405883789
36037,NY,Genesee County,57398,5613.0,0.0978,6006.0,59.0,29566.0,28621.0,945.0,3.2,68973.0,3115.0,15321.0,13472.0,9864.0,7.457148329,36.67767883,32.25126879,23.61390405,6455.894,55.43519,449.89404296875,-3.5648117065429688
36039,NY,Greene County,47345,5115.0,0.108,4404.0,49.0,20246.0,19516.0,730.0,3.6,71433.0,4061.0,11870.0,9839.0,10491.0,11.19936019,32.73489424,27.13383525,28.93191032,4885.9194,48.84531,481.91943359375,-0.15468978881835938
36041,NY,Hamilton County,5121,546.0,0.1066,449.0,1.0,2186.0,2090.0,96.0,4.4,62149.0,442.0,1280.0,1301.0,1112.0,10.68923821,30.95525998,31.46311971,26.8923821,759.95953,4.6862698,310.95953369140625,3.686269760131836
36043,NY,Herkimer County,59584,7195.0,0.1208,6823.0,59.0,27340.0,26251.0,1089.0,4.0,62197.0,3562.0,14602.0,15046.0,9706.0,8.299934756,34.02460621,35.05918539,22.61627365,6592.0913,61.547935,-230.90869140625,2.5479354858398438
36045,NY,Jefferson County,115461,15329.0,0.1328,12912.0,37.0,43990.0,42182.0,1808.0,4.1,58763.0,6491.0,23947.0,25040.0,19164.0,8.696176415,32.08247367,33.54679671,25.6745532,12864.272,53.394863,-47.7275390625,16.39486312866211
36049,NY,Lewis County,26595,3627.0,0.1364,2394.0,22.0,11650.0,11175.0,475.0,4.1,64452.0,1596.0,7903.0,5392.0,3586.0,8.637765871,42.77209504,29.18222655,19.40791254,3123.979,28.75315,729.97900390625,6.753150939941406
36051,NY,Livingston County,61340,6013.0,0.098,5497.0,48.0,30200.0,29184.0,1016.0,3.4,75077.0,3096.0,13073.0,12778.0,12762.0,7.422858376,31.34335515,30.63607375,30.59771272,6041.0503,54.740948,544.05029296875,6.740947723388672
36053,NY,Madison County,67054,6748.0,0.1006,7230.0,59.0,32611.0,31484.0,1127.0,3.5,69851.0,3096.0,15575.0,14498.0,12910.0,6.718895809,33.80064672,31.46335641,28.01710107,7384.6064,59.10387,154.6064453125,0.10387039184570312
36055,NY,Monroe County,750887,100844.0,0.1343,72571.0,563.0,363686.0,350887.0,12799.0,3.5,68169.0,43279.0,120443.0,145810.0,216673.0,8.224741308,22.88898813,27.7097329,41.17653766,73698.28,559.6494,1127.28125,-3.3505859375
36057,NY,Montgomery County,49333,6694.0,0.1357,6244.0,51.0,22175.0,21259.0,916.0,4.1,58176.0,3928.0,12119.0,11159.0,7022.0,11.47598457,35.40668459,32.6019633,20.51536754,7458.597,56.252216,1214.59716796875,5.252216339111328
36059,NY,Nassau County,1385294,75800.0,0.0547,233892.0,1279.0,727435.0,706044.0,21391.0,2.9,135528.0,76343.0,204149.0,218016.0,473504.0,7.854121143,21.00272425,22.42935272,48.71380189,234007.92,1277.7781,115.921875,-1.221923828125
36063,NY,Niagara County,210467,29821.0,0.1417,23501.0,306.0,97827.0,94010.0,3817.0,3.9,63565.0,12145.0,49424.0,49444.0,41401.0,7.968428097,32.42746729,32.44058945,27.16351516,24281.828,299.37106,780.828125,-6.628936767578125
36065,NY,Oneida County,228358,34520.0,0.1512,27696.0,155.0,100071.0,96450.0,3621.0,3.6,63894.0,17606.0,47867.0,49454.0,44142.0,11.06815281,30.09197267,31.08965292,27.7502216,27390.48,156.34143,-305.51953125,1.3414306640625
36067,NY,Onondaga County,469728,61353.0,0.1306,67383.0,304.0,222271.0,214753.0,7518.0,3.4,70939.0,26811.0,79231.0,94871.0,123843.0,8.255736615,24.39708581,29.21300915,38.13416842,67180.62,310.4914,-202.3828125,6.49139404296875
36069,NY,Ontario County,112481,10547.0,0.0938,11244.0,88.0,55665.0,53924.0,1741.0,3.1,76601.0,5376.0,20867.0,24368.0,29943.0,6.673784045,25.90436229,30.25051518,37.17133848,11518.526,88.822205,274.5263671875,0.82220458984375
36071,NY,Orange County,406491,57032.0,0.1403,57695.0,370.0,190509.0,184299.0,6210.0,3.3,88532.0,26700.0,72466.0,76077.0,83389.0,10.32354852,28.0189613,29.41515358,32.2423366,50106.066,300.63205,-7588.93359375,-69.36795043945312
36073,NY,Orleans County,39163,4268.0,0.109,3789.0,23.0,17104.0,16447.0,657.0,3.8,62900.0,3870.0,11996.0,8185.0,5102.0,13.27479162,41.14842383,28.07601276,17.50077179,3849.7432,27.8139,60.7431640625,4.813899993896484
36075,NY,Oswego County,118239,19649.0,0.1662,16279.0,99.0,52456.0,50279.0,2177.0,4.2,59335.0,8026.0,29469.0,25210.0,17608.0,9.993400819,36.69268985,31.38968785,21.92422148,15689.417,98.81748,-589.5830078125,-0.18251800537109375
36077,NY,Otsego County,60409,7081.0,0.1172,6271.0,64.0,26941.0,25991.0,950.0,3.5,68962.0,3093.0,12049.0,10821.0,13287.0,7.880254777,30.69808917,27.56942675,33.8522293,7409.5806,48.426712,1138.58056640625,-15.573287963867188
36079,NY,Putnam County,98312,6116.0,0.0622,13475.0,100.0,51592.0,50049.0,1543.0,3.0,112167.0,4791.0,17647.0,17730.0,30981.0,6.733755921,24.80287847,24.91953506,43.54383055,13202.0,100.86075,-273.0,0.860748291015625
36083,NY,Rensselaer County,159421,17178.0,0.1078,19396.0,100.0,81856.0,79295.0,2561.0,3.1,80040.0,8252.0,28882.0,34015.0,42276.0,7.275292043,25.46352215,29.9889795,37.2722063,19215.898,101.83838,-180.1015625,1.83837890625
36087,NY,Rockland County,340357,48087.0,0.1413,47703.0,455.0,159358.0,154732.0,4626.0,2.9,99839.0,25658.0,45118.0,49959.0,87859.0,12.30044968,21.62957707,23.95035332,42.11961993,47586.215,450.29312,-116.78515625,-4.706878662109375
36089,NY,St. Lawrence County,107089,17074.0,0.1594,10536.0,94.0,42695.0,40894.0,1801.0,4.2,59451.0,7752.0,24038.0,21858.0,17541.0,10.88932279,33.76645268,30.70418183,24.6400427,11309.098,92.5632,773.09765625,-1.436798095703125
36091,NY,Saratoga County,238468,15356.0,0.0644,28740.0,166.0,121104.0,117811.0,3293.0,2.7,93341.0,9952.0,42049.0,44945.0,75452.0,5.772688778,24.39065418,26.07048806,43.76616898,28595.29,170.20575,-144.7109375,4.20574951171875
36093,NY,Schenectady County,159694,17868.0,0.1119,19753.0,94.0,77582.0,74955.0,2627.0,3.4,74206.0,8967.0,28899.0,33527.0,38542.0,8.156638013,26.28735162,30.49711193,35.05889844,19996.008,99.55176,243.0078125,5.5517578125
36095,NY,Schoharie County,30091,2888.0,0.096,2978.0,30.0,14718.0,14173.0,545.0,3.7,67975.0,1729.0,7457.0,6982.0,5393.0,8.019108576,34.58559436,32.38254255,25.01275451,2988.2358,31.175268,10.23583984375,1.1752681732177734
36097,NY,Schuyler County,17609,2006.0,0.1139,1846.0,13.0,8029.0,7727.0,302.0,3.8,63233.0,1219.0,4425.0,4237.0,3358.0,9.207644082,33.42397462,32.00392779,25.36445351,2000.0646,19.790415,154.0645751953125,6.790414810180664
36099,NY,Seneca County,32586,4264.0,0.1309,3459.0,17.0,14771.0,14284.0,487.0,3.3,65354.0,3678.0,7706.0,6752.0,5770.0,15.38525893,32.23458546,28.24395549,24.13620012,3712.9937,25.39701,253.99365234375,8.397010803222656
36101,NY,Steuben County,92505,11667.0,0.1261,10117.0,100.0,41212.0,39687.0,1525.0,3.7,60558.0,5433.0,23124.0,20414.0,17225.0,8.207444559,34.93262433,30.83872137,26.02120974,10850.057,100.21476,733.056640625,0.21475982666015625
36103,NY,Suffolk County,1527974,100921.0,0.066,227916.0,1637.0,798630.0,773162.0,25468.0,3.2,119253.0,101857.0,265633.0,276192.0,426656.0,9.516339698,24.81767442,25.80418522,39.86180066,215920.47,1218.1288,-11995.53125,-418.8712158203125
36105,NY,Sullivan County,79735,12527.0,0.1571,11313.0,95.0,37348.0,36103.0,1245.0,3.3,63733.0,6884.0,16623.0,15701.0,16553.0,12.34554617,29.81115834,28.15767293,29.68562257,9247.841,73.604485,-2065.1591796875,-21.39551544189453
36107,NY,Tioga County,47766,4950.0,0.1036,6032.0,71.0,22181.0,21452.0,729.0,3.3,76197.0,2771.0,12406.0,10558.0,8855.0,8.010985834,35.86585718,30.52327262,25.59988436,6144.103,65.21891,112.10302734375,-5.781089782714844
36109,NY,Tompkins County,104299,14405.0,0.1381,14258.0,32.0,49504.0,48089.0,1415.0,2.9,72025.0,2535.0,10041.0,12491.0,36447.0,4.121013103,16.32311344,20.30594661,59.24992685,14252.24,34.008892,-5.759765625,2.008892059326172
36111,NY,Ulster County,182320,28283.0,0.1551,19262.0,137.0,87437.0,84618.0,2819.0,3.2,79340.0,11085.0,37570.0,35902.0,49768.0,8.252372976,27.96947701,26.72771264,37.05043737,19328.92,135.63362,66.919921875,-1.3663787841796875
36113,NY,Warren County,65427,6569.0,0.1004,9242.0,43.0,31078.0,29981.0,1097.0,3.5,69849.0,4012.0,13854.0,14451.0,17109.0,8.117185287,28.0297819,29.2376482,34.61538462,8688.333,53.694454,-553.6669921875,10.694454193115234
36115,NY,Washington County,60810,6150.0,0.1011,6988.0,58.0,27367.0,26460.0,907.0,3.3,67013.0,4382.0,18041.0,13219.0,9606.0,9.684405941,39.87137553,29.21455092,21.22966761,7146.1694,66.616806,158.16943359375,8.616806030273438
36117,NY,Wayne County,90958,10101.0,0.1111,8965.0,100.0,43303.0,41886.0,1417.0,3.3,70917.0,5888.0,20369.0,22424.0,16691.0,9.006914275,31.15860001,34.30214771,25.532338,11589.264,103.37033,2624.263671875,3.370330810546875
36119,NY,Westchester County,991736,90385.0,0.0911,139789.0,894.0,496415.0,480605.0,15810.0,3.2,108037.0,74220.0,124954.0,131927.0,366101.0,10.64540836,17.92220906,18.92234962,52.51003296,139983.47,885.55524,194.46875,-8.44476318359375
36121,NY,Wyoming County,39601,4468.0,0.1128,3475.0,30.0,17419.0,16796.0,623.0,3.6,65526.0,3958.0,11289.0,8999.0,5406.0,13.34817213,38.07163092,30.34871172,18.23148523,3680.4783,32.724903,205.478271484375,2.724903106689453
36123,NY,Yates County,24502,3504.0,0.143,1935.0,13.0,11619.0,11270.0,349.0,3.0,62637.0,2598.0,5849.0,4072.0,4179.0,15.55874955,35.02814708,24.38615403,25.02694934,2257.3672,21.124113,322.3671875,8.124113082885742
37001,NC,Alamance County,176618,21639.0,0.1225,28359.0,172.0,83565.0,80446.0,3119.0,3.7,61034.0,13458.0,33739.0,37711.0,32545.0,11.4582003,28.72553277,32.10731101,27.70895592,28137.025,164.79825,-221.974609375,-7.201751708984375
37003,NC,Alexander County,36316,4854.0,0.1337,5045.0,53.0,17930.0,17347.0,583.0,3.3,67717.0,3808.0,10419.0,8104.0,4067.0,14.42533525,39.46889916,30.6992954,15.40647019,4988.8555,47.84825,-56.14453125,-5.1517486572265625
37005,NC,Alleghany County,11193,1730.0,0.1546,1488.0,20.0,4462.0,4284.0,178.0,4.0,49524.0,1455.0,2560.0,2636.0,1967.0,16.88326758,29.70526804,30.58714319,22.82432119,1419.8441,20.153008,-68.1558837890625,0.15300750732421875
37007,NC,Anson County,21958,4538.0,0.2067,3761.0,41.0,10244.0,9791.0,453.0,4.4,48284.0,2747.0,6761.0,4421.0,1701.0,17.57517594,43.2565579,28.28534869,10.88291747,3426.5684,39.045387,-334.431640625,-1.9546127319335938
37009,NC,Ashe County,27062,3861.0,0.1427,3240.0,66.0,12885.0,12444.0,441.0,3.4,54379.0,2578.0,6382.0,7044.0,4622.0,12.49878794,30.94153011,34.15107146,22.40861049,3452.97,59.092445,212.969970703125,-6.907554626464844
37011,NC,Avery County,17541,2288.0,0.1304,2240.0,22.0,7681.0,7427.0,254.0,3.3,53894.0,1840.0,4328.0,4383.0,2954.0,13.62458349,32.04738986,32.45464643,21.87338023,1958.6243,27.273317,-281.375732421875,5.273317337036133
37013,NC,Beaufort County,44400,7815.0,0.176,7531.0,44.0,19716.0,18923.0,793.0,4.0,54415.0,3912.0,10402.0,11745.0,6755.0,11.92174072,31.6998842,35.79264948,20.5857256,7651.776,58.73877,120.77587890625,14.73876953125
37015,NC,Bertie County,17068,3758.0,0.2202,2500.0,31.0,7163.0,6811.0,352.0,4.9,44434.0,2392.0,4728.0,3780.0,2368.0,18.02833886,35.63460959,28.48959904,17.84745252,2456.087,21.770521,-43.9130859375,-9.22947883605957
37017,NC,Bladen County,29391,5392.0,0.1835,5398.0,53.0,14544.0,13907.0,637.0,4.4,46002.0,2414.0,7054.0,7287.0,4339.0,11.44401252,33.44078885,34.54536835,20.56983028,4530.44,50.921436,-867.56005859375,-2.078563690185547
37019,NC,Brunswick County,152908,12872.0,0.0842,20516.0,136.0,57142.0,54444.0,2698.0,4.7,73536.0,7827.0,30770.0,39758.0,38981.0,6.670587032,26.22383582,33.883889,33.22168814,20510.25,138.47333,-5.75,2.47332763671875
37021,NC,Buncombe County,273790,32755.0,0.1196,34757.0,218.0,142267.0,138014.0,4253.0,3.0,67906.0,15555.0,45861.0,50521.0,90206.0,7.695047565,22.68740446,24.99270319,44.62484479,34886.41,218.83101,129.41015625,0.8310089111328125
37023,NC,Burke County,87972,10770.0,0.1224,13560.0,104.0,40681.0,39260.0,1421.0,3.5,60629.0,9613.0,21385.0,20582.0,13033.0,14.87781097,33.09705477,31.85427081,20.17086345,8682.571,103.07777,-4877.4287109375,-0.9222335815429688
37025,NC,Cabarrus County,235909,18756.0,0.0795,31109.0,173.0,116084.0,112114.0,3970.0,3.4,79649.0,12582.0,38196.0,45001.0,57865.0,8.189060425,24.86006613,29.28913592,37.66173752,29786.146,172.60336,-1322.853515625,-0.396636962890625
37027,NC,Caldwell County,80347,12850.0,0.1599,13583.0,141.0,36235.0,34920.0,1315.0,3.6,53586.0,10057.0,18505.0,18990.0,10855.0,17.21882651,31.68284623,32.51322615,18.5851011,12858.348,139.418,-724.65234375,-1.582000732421875
37029,NC,Camden County,11090,819.0,0.0739,795.0,13.0,4694.0,4514.0,180.0,3.8,82620.0,521.0,2292.0,2697.0,1912.0,7.019671248,30.88116411,36.33791431,25.76125034,1264.4874,7.6681147,469.4874267578125,-5.33188533782959
37031,NC,Carteret County,69326,8260.0,0.1191,8496.0,76.0,32165.0,31037.0,1128.0,3.5,67806.0,3837.0,12417.0,19329.0,17006.0,7.296202628,23.61140162,36.75483466,32.33756109,9022.226,56.355713,526.2255859375,-19.644287109375
37033,NC,Caswell County,22431,3515.0,0.1567,2813.0,38.0,9630.0,9237.0,393.0,4.1,54215.0,2717.0,5944.0,5291.0,2667.0,16.34875745,35.76629159,31.83705397,16.04789699,3079.6882,37.248512,266.688232421875,-0.7514877319335938
37035,NC,Catawba County,163167,19702.0,0.1207,26432.0,196.0,79114.0,76349.0,2765.0,3.5,63934.0,14136.0,32589.0,38158.0,28194.0,12.50121599,28.82018448,33.74514711,24.93345243,26290.486,195.51125,-141.513671875,-0.4887542724609375
37037,NC,Chatham County,79939,7015.0,0.0878,9291.0,30.0,37442.0,36273.0,1169.0,3.1,84516.0,5547.0,10408.0,14049.0,27697.0,9.613351588,18.03781564,24.34793158,48.0009012,9314.481,30.631601,23.4814453125,0.6316013336181641
37039,NC,Cherokee County,29459,4403.0,0.1495,3466.0,61.0,11100.0,10648.0,452.0,4.1,51607.0,1953.0,7349.0,7963.0,5514.0,8.57368629,32.2621713,34.95763642,24.20650599,3725.3582,51.282375,259.358154296875,-9.71762466430664
37041,NC,Chowan County,13898,2222.0,0.1599,2337.0,21.0,5798.0,5563.0,235.0,4.1,55818.0,1325.0,3686.0,2912.0,2574.0,12.62265409,35.1147947,27.74125941,24.5212918,1961.3314,19.88659,-375.6685791015625,-1.1134109497070312
37043,NC,Clay County,11615,1566.0,0.1348,1460.0,26.0,4190.0,4022.0,168.0,4.0,57698.0,890.0,2202.0,2973.0,2778.0,10.06445776,24.90105168,33.61981228,31.41467828,1199.6062,17.190538,-260.393798828125,-8.80946159362793
37045,NC,Cleveland County,100653,16448.0,0.1634,15129.0,164.0,49037.0,47129.0,1908.0,3.9,53170.0,8671.0,23396.0,22528.0,14575.0,12.53578141,33.8239121,32.56903282,21.07127367,14886.062,156.69394,-242.9384765625,-7.306060791015625
37047,NC,Columbus County,50075,9902.0,0.1977,7765.0,53.0,23539.0,22522.0,1017.0,4.3,45379.0,4819.0,13099.0,12424.0,5382.0,13.48953085,36.66722651,34.77774045,15.06550218,7879.734,59.00277,114.73388671875,6.002769470214844
37049,NC,Craven County,101087,13551.0,0.1341,15175.0,110.0,42075.0,40508.0,1567.0,3.7,63076.0,5657.0,18303.0,26904.0,17897.0,8.227047309,26.61828653,39.12683062,26.02783555,14844.158,109.75274,-330.841796875,-0.24726104736328125
37051,NC,Cumberland County,336781,50909.0,0.1512,57658.0,249.0,127611.0,121003.0,6608.0,5.2,58013.0,15527.0,55506.0,81743.0,57051.0,7.399905637,26.45322099,38.95733152,27.18954186,57396.04,251.345,-261.9609375,2.345001220703125
37053,NC,Currituck County,31008,2753.0,0.0888,2767.0,24.0,14704.0,14187.0,517.0,3.5,76217.0,1298.0,7101.0,6655.0,6235.0,6.097045423,33.35525389,31.26027526,29.28742543,2937.0156,26.039793,170.015625,2.039793014526367
37055,NC,Dare County,37987,2960.0,0.0779,4812.0,27.0,19999.0,19129.0,870.0,4.4,82052.0,1360.0,6368.0,8573.0,12202.0,4.771427569,22.34150791,30.0775357,42.80952882,4626.874,25.189816,-185.1259765625,-1.8101844787597656
37057,NC,Davidson County,172380,21311.0,0.1236,23907.0,257.0,81375.0,78484.0,2891.0,3.6,63590.0,14850.0,39209.0,41653.0,25018.0,12.30017394,32.47660068,34.50095254,20.72227284,23589.535,249.80952,-317.46484375,-7.1904754638671875
37059,NC,Davie County,44115,4985.0,0.113,6468.0,64.0,20745.0,20035.0,710.0,3.4,63436.0,2882.0,9866.0,10020.0,8323.0,9.269563539,31.73265575,32.22797594,26.76980477,5627.8164,58.046043,-840.18359375,-5.953956604003906
37061,NC,Duplin County,48934,9784.0,0.1999,9208.0,58.0,24833.0,23919.0,914.0,3.7,51270.0,5996.0,10164.0,11190.0,5801.0,18.08693554,30.65970861,33.75463787,17.49871799,8507.256,58.73995,-700.744140625,0.7399482727050781
37063,NC,Durham County,333292,35109.0,0.1053,57628.0,111.0,179018.0,173285.0,5733.0,3.2,79524.0,21215.0,37173.0,47723.0,122294.0,9.288325562,16.27503776,20.89402596,53.54261071,50463.02,222.99683,-7164.98046875,111.996826171875
37065,NC,Edgecombe County,48389,9969.0,0.206,8000.0,58.0,20203.0,18862.0,1341.0,6.6,48770.0,5292.0,12901.0,10030.0,5669.0,15.61430426,38.0650301,29.59400448,16.72666116,8155.9263,57.01438,155.92626953125,-0.9856185913085938
37067,NC,Forsyth County,389661,55366.0,0.1421,58955.0,317.0,188496.0,181410.0,7086.0,3.8,62992.0,26193.0,62722.0,75159.0,95835.0,10.07775798,24.13229246,28.91742879,36.87252077,53228.08,262.09708,-5726.921875,-54.902923583984375
37069,NC,Franklin County,74400,7968.0,0.1071,13944.0,79.0,33999.0,32749.0,1250.0,3.7,72415.0,6208.0,14756.0,17084.0,12276.0,12.33606232,29.32199348,33.94801685,24.39392735,12677.296,81.05819,-1266.7041015625,2.0581893920898438
37071,NC,Gaston County,233970,27520.0,0.1176,33100.0,293.0,114695.0,110438.0,4257.0,3.7,65430.0,19228.0,46661.0,53252.0,41791.0,11.94790346,28.99423359,33.08975219,25.96811075,32766.506,278.76553,-333.494140625,-14.234466552734375
37073,NC,Gates County,10370,1452.0,0.14,1066.0,23.0,5128.0,4947.0,181.0,3.5,66561.0,785.0,3068.0,2886.0,815.0,10.39184538,40.61424411,38.20492454,10.78898597,1114.0021,18.95189,48.0020751953125,-4.04810905456543
37075,NC,Graham County,8032,1167.0,0.1453,1364.0,3.0,2953.0,2793.0,160.0,5.4,50301.0,881.0,2123.0,1807.0,968.0,15.24485205,36.7364596,31.26838553,16.75030282,865.28815,5.844032,-498.71185302734375,2.844031810760498
37077,NC,Granville County,61702,6631.0,0.1075,9293.0,28.0,30234.0,29262.0,972.0,3.2,74120.0,5860.0,13434.0,13975.0,10526.0,13.38052289,30.67473456,31.91003539,24.03470716,8808.083,31.5701,-484.9169921875,3.570100784301758
37079,NC,Greene County,20367,4313.0,0.2118,3203.0,21.0,9554.0,9241.0,313.0,3.3,49992.0,3226.0,4868.0,4684.0,1779.0,22.16115958,33.44095624,32.17695954,12.22092464,3013.618,24.263842,-189.382080078125,3.2638416290283203
37081,NC,Guilford County,546457,85573.0,0.1566,74989.0,438.0,259951.0,249172.0,10779.0,4.1,63822.0,34936.0,81267.0,106228.0,136918.0,9.722025107,22.61506224,29.56123434,38.10167831,74110.38,454.83182,-878.6171875,16.831817626953125
37083,NC,Halifax County,47711,9123.0,0.1912,9097.0,56.0,19215.0,18119.0,1096.0,5.7,44804.0,6586.0,12540.0,10037.0,5332.0,19.09262212,36.35309465,29.09697058,15.45731265,8939.477,56.20497,-157.5234375,0.2049713134765625
37085,NC,Harnett County,138478,18068.0,0.1305,20405.0,90.0,54989.0,52711.0,2278.0,4.1,65242.0,10204.0,26062.0,32204.0,21531.0,11.3376518,28.95745603,35.78182465,23.92306752,19723.746,94.16222,-681.25390625,4.1622161865234375
37087,NC,Haywood County,62615,7163.0,0.1144,7985.0,93.0,30256.0,29282.0,974.0,3.2,62374.0,3968.0,13015.0,16381.0,13895.0,8.396284306,27.53972788,34.66218075,29.40180706,7843.2065,87.34266,-141.79345703125,-5.657341003417969
37089,NC,Henderson County,118298,14418.0,0.1219,13856.0,129.0,55624.0,53850.0,1774.0,3.2,65252.0,7782.0,21576.0,27527.0,30713.0,8.88376447,24.63069933,31.42423343,35.06130277,14300.738,130.94524,444.73828125,1.9452362060546875
37091,NC,Hertford County,19634,4146.0,0.2112,2977.0,22.0,8554.0,8112.0,442.0,5.2,43871.0,2179.0,4959.0,4734.0,2388.0,15.28050491,34.77559607,33.19775596,16.74614306,2994.8455,22.100264,17.845458984375,0.10026359558105469
37093,NC,Hoke County,53691,7761.0,0.1445,10398.0,64.0,20266.0,19258.0,1008.0,5.0,60903.0,3832.0,9964.0,13276.0,7334.0,11.13759228,28.9600651,38.58629309,21.31604953,9872.657,61.314842,-525.3427734375,-2.6851577758789062
37095,NC,Hyde County,4656,812.0,0.1744,749.0,3.0,1770.0,1668.0,102.0,5.8,48068.0,484.0,1486.0,1200.0,504.0,13.17365269,40.44637997,32.66194883,13.71801851,781.1125,9.143225,32.11248779296875,6.143224716186523
37097,NC,Iredell County,195874,18210.0,0.093,25601.0,212.0,94619.0,91385.0,3234.0,3.4,73446.0,11731.0,36207.0,41078.0,44504.0,8.78594967,27.1172858,30.7654284,33.33133613,26205.994,206.3315,604.994140625,-5.6685028076171875
37099,NC,Jackson County,43922,6916.0,0.1575,5351.0,28.0,19756.0,18984.0,772.0,3.9,58491.0,2863.0,8339.0,8410.0,8408.0,10.21770164,29.76088508,30.01427552,30.00713776,5598.7246,30.391024,247.724609375,2.391023635864258
37101,NC,Johnston County,234902,23285.0,0.0991,35759.0,144.0,108034.0,104427.0,3607.0,3.3,80612.0,15941.0,41679.0,52012.0,41857.0,10.52287625,27.51288872,34.33384602,27.63038901,34375.695,150.98573,-1383.3046875,6.9857330322265625
37103,NC,Jones County,9219,1560.0,0.1692,1312.0,9.0,4310.0,4161.0,149.0,3.5,56079.0,934.0,2612.0,2119.0,1231.0,13.54408353,37.87703016,30.72795824,17.85092807,988.4751,15.27075,-323.52490234375,6.270750045776367
37105,NC,Lee County,65543,10200.0,0.1556,9074.0,52.0,26030.0,24922.0,1108.0,4.3,58244.0,6509.0,11770.0,16051.0,9466.0,14.86208786,26.87460042,36.6494657,21.61384601,8987.531,54.36454,-86.46875,2.3645401000976562
37107,NC,Lenoir County,54499,11408.0,0.2093,8884.0,62.0,27614.0,26587.0,1027.0,3.7,46410.0,6684.0,12472.0,12961.0,6032.0,17.52077381,32.6928622,33.97467824,15.81168576,7282.9214,90.96381,-1601.07861328125,28.96381378173828
37109,NC,Lincoln County,93108,8267.0,0.0888,11930.0,194.0,46385.0,44910.0,1475.0,3.2,78615.0,6521.0,19091.0,21946.0,17614.0,10.00583072,29.29325477,33.67397042,27.02694409,12219.802,174.37904,289.8017578125,-19.620956420898438
37111,NC,McDowell County,44755,7020.0,0.1569,7338.0,66.0,20251.0,19540.0,711.0,3.5,54042.0,4537.0,11446.0,10966.0,5739.0,13.87971121,35.01590798,33.5474792,17.55690162,7033.7617,67.44682,-304.23828125,1.4468231201171875
37113,NC,Macon County,37969,4662.0,0.1228,4041.0,58.0,15986.0,15424.0,562.0,3.5,53832.0,2811.0,8638.0,9835.0,6930.0,9.963138867,30.61600624,34.85858085,24.56227405,4418.2715,56.161285,377.271484375,-1.838714599609375
37115,NC,Madison County,21881,3121.0,0.1426,2926.0,21.0,10099.0,9751.0,348.0,3.4,54137.0,1440.0,5196.0,4154.0,4955.0,9.145760559,33.00095268,26.38297872,31.47030803,2886.3298,23.117836,-39.670166015625,2.1178359985351562
37117,NC,Martin County,21478,4340.0,0.2021,3522.0,22.0,8575.0,8190.0,385.0,4.5,44445.0,2651.0,4976.0,5849.0,2406.0,16.69185241,31.33106662,36.82785543,15.14922554,3507.915,26.880417,-14.0849609375,4.8804168701171875
37119,NC,Mecklenburg County,1144075,115511.0,0.101,171172.0,523.0,652325.0,629232.0,23093.0,3.5,80645.0,70593.0,125748.0,197779.0,372777.0,9.205017101,16.39698682,25.7895128,48.60848328,171123.9,522.84247,-48.09375,-0.15753173828125
37121,NC,Mitchell County,15048,2356.0,0.1566,2169.0,50.0,6009.0,5756.0,253.0,4.2,53555.0,1150.0,3323.0,4121.0,2581.0,10.29082774,29.7360179,36.87695749,23.09619687,2079.277,41.729397,-89.722900390625,-8.27060317993164
37123,NC,Montgomery County,25841,4139.0,0.1602,3658.0,31.0,11238.0,10817.0,421.0,3.7,55313.0,2989.0,6258.0,5787.0,3597.0,16.04315388,33.58917932,31.06113467,19.30653212,3334.1611,32.059998,-323.8388671875,1.05999755859375
37125,NC,Moore County,105491,10220.0,0.0969,14991.0,113.0,42080.0,40521.0,1559.0,3.7,84458.0,5377.0,14783.0,23569.0,30279.0,7.265430764,19.97486758,31.84655713,40.91314452,14853.596,108.490005,-137.404296875,-4.5099945068359375
37127,NC,Nash County,95820,13636.0,0.1423,14378.0,110.0,42205.0,40066.0,2139.0,5.1,55406.0,9053.0,22102.0,20946.0,14459.0,13.60126202,33.20612981,31.46935096,21.72325721,14190.421,110.76347,-187.5791015625,0.7634735107421875
37129,NC,New Hanover County,235784,26876.0,0.114,30107.0,149.0,129832.0,125541.0,4291.0,3.3,70995.0,10369.0,29042.0,49584.0,72131.0,6.435336321,18.02440326,30.77343197,44.76682844,30027.291,151.37428,-79.708984375,2.3742828369140625
37131,NC,Northampton County,16827,3229.0,0.1919,2786.0,41.0,7236.0,6879.0,357.0,4.9,51550.0,2012.0,4392.0,4130.0,2478.0,15.46264986,33.75345835,31.73993237,19.04395942,2727.0896,36.897278,-58.910400390625,-4.10272216796875
37133,NC,Onslow County,209031,22869.0,0.1094,31012.0,141.0,68184.0,65247.0,2937.0,4.3,62190.0,7658.0,33748.0,42198.0,29462.0,6.773035218,29.84805335,37.3215644,26.05734704,31164.695,140.90018,152.6953125,-0.099822998046875
37135,NC,Orange County,150253,18594.0,0.1238,23547.0,40.0,81535.0,79042.0,2493.0,3.1,87780.0,6323.0,11790.0,17502.0,57674.0,6.777862342,12.63814598,18.76105436,61.82293732,23593.885,39.641445,46.884765625,-0.3585548400878906
37137,NC,Pamlico County,12234,1799.0,0.147,1479.0,10.0,5499.0,5297.0,202.0,3.7,59845.0,979.0,3070.0,3279.0,2492.0,9.969450102,31.26272912,33.3910387,25.37678208,1569.0559,12.8475895,90.055908203125,2.8475894927978516
37139,NC,Pasquotank County,41168,5922.0,0.1438,4298.0,24.0,16774.0,16020.0,754.0,4.5,59066.0,2800.0,7938.0,9741.0,7519.0,10.00071434,28.35202514,34.79177084,26.85548968,4217.2944,28.077017,-80.70556640625,4.077016830444336
37141,NC,Pender County,65698,6779.0,0.1032,8183.0,48.0,30808.0,29735.0,1073.0,3.5,73663.0,4225.0,12354.0,14739.0,13311.0,9.466938538,27.68155235,33.02561115,29.82589796,8356.085,51.971607,173.0849609375,3.971607208251953
37143,NC,Perquimans County,13221,1751.0,0.1324,1545.0,32.0,4980.0,4755.0,225.0,4.5,60665.0,1296.0,3089.0,3385.0,1992.0,13.27596804,31.64310592,34.67527146,20.40565458,1576.8036,20.351315,31.8035888671875,-11.648685455322266
37145,NC,Person County,39343,5397.0,0.1372,5812.0,30.0,18824.0,18106.0,718.0,3.8,61302.0,3056.0,9755.0,9636.0,5553.0,10.91428571,34.83928571,34.41428571,19.83214286,5940.776,34.43625,128.77587890625,4.436248779296875
37147,NC,Pitt County,173610,32848.0,0.1892,31662.0,232.0,87986.0,84352.0,3634.0,4.1,57319.0,9671.0,26245.0,34473.0,36045.0,9.086382171,24.6584738,32.38908619,33.86605784,31118.11,227.10631,-543.890625,-4.8936920166015625
37149,NC,Polk County,20012,2546.0,0.1272,2226.0,37.0,9379.0,9018.0,361.0,3.8,61585.0,1265.0,4229.0,4950.0,5122.0,8.126686368,27.16818707,31.80007709,32.90504947,2105.844,24.35128,-120.156005859375,-12.648719787597656
37151,NC,Randolph County,146196,20479.0,0.1401,17869.0,209.0,65267.0,62865.0,2402.0,3.7,58037.0,16171.0,35278.0,31593.0,17774.0,16.04011268,34.99246151,31.33728773,17.63013807,18084.379,211.554,215.37890625,2.5540008544921875
37153,NC,Richmond County,42573,9410.0,0.221,7763.0,54.0,16904.0,16039.0,865.0,5.1,44383.0,4599.0,8895.0,10869.0,4705.0,15.82152195,30.60066052,37.39163341,16.18618412,7606.161,53.757442,-156.8388671875,-0.24255752563476562
37155,NC,Robeson County,116466,29466.0,0.253,22829.0,141.0,48151.0,45476.0,2675.0,5.6,39931.0,15890.0,26270.0,22129.0,10955.0,21.11796289,34.91308277,29.40965393,14.55930041,22749.287,141.56833,-79.712890625,0.568328857421875
37157,NC,Rockingham County,91966,15436.0,0.1678,12086.0,114.0,39440.0,37781.0,1659.0,4.2,52494.0,10341.0,22926.0,22288.0,10683.0,15.61188442,34.61155228,33.64835895,16.12820435,12240.994,112.86069,154.994140625,-1.139312744140625
37159,NC,Rowan County,149673,21651.0,0.1447,20356.0,134.0,67740.0,65262.0,2478.0,3.7,61105.0,12224.0,33109.0,35043.0,22042.0,11.93540198,32.32732527,34.21566522,21.52160753,20015.238,140.55351,-340.76171875,6.5535125732421875
37161,NC,Rutherford County,64945,10500.0,0.1617,8497.0,79.0,24563.0,23378.0,1185.0,4.8,53485.0,6308.0,14630.0,16392.0,9735.0,13.40274089,31.08467014,34.82842877,20.6841602,6558.5254,84.90614,-1938.474609375,5.9061431884765625
37163,NC,Sampson County,59027,11707.0,0.1983,10307.0,77.0,28265.0,27197.0,1068.0,3.8,52248.0,6238.0,14194.0,12994.0,6282.0,15.70968067,35.7459454,32.72388436,15.82048957,7308.0986,91.79668,-2998.9013671875,14.796676635742188
37165,NC,Scotland County,34350,7420.0,0.216,5884.0,50.0,11164.0,10442.0,722.0,6.5,45996.0,4115.0,8413.0,7343.0,3455.0,17.64125868,36.06704964,31.47989368,14.81179799,6153.9014,52.755272,269.9013671875,2.7552719116210938
37167,NC,Stanly County,64231,8046.0,0.1253,9930.0,74.0,31070.0,30044.0,1026.0,3.3,58642.0,5745.0,14128.0,15980.0,8795.0,12.86731769,31.64307472,35.79107687,19.69853073,9545.917,73.14392,-384.0830078125,-0.8560791015625
37169,NC,Stokes County,45136,4683.0,0.1038,6941.0,80.0,21633.0,20902.0,731.0,3.4,56259.0,3356.0,12679.0,11055.0,6145.0,10.09778848,38.14954115,33.26312622,18.48954416,6661.6763,73.17083,-279.32373046875,-6.829170227050781
37171,NC,Surry County,71482,12242.0,0.1713,12418.0,146.0,32788.0,31651.0,1137.0,3.5,49524.0,8798.0,14463.0,17609.0,9838.0,17.35031948,28.52212669,34.72627593,19.4012779,12127.305,143.88187,-290.6953125,-2.118133544921875
37173,NC,Swain County,13936,1846.0,0.1325,2421.0,31.0,7156.0,6921.0,235.0,3.3,55462.0,1252.0,3424.0,2992.0,2072.0,12.85420945,35.15400411,30.71868583,21.27310062,1922.0992,27.831493,-498.9007568359375,-3.168506622314453
37175,NC,Transylvania County,33373,4362.0,0.1307,3476.0,35.0,14681.0,14169.0,512.0,3.5,62173.0,1575.0,6090.0,8002.0,9866.0,6.168487839,23.85148631,31.33983472,38.64019113,3465.282,34.91217,-10.718017578125,-0.08782958984375
37177,NC,Tyrrell County,3473,639.0,0.184,546.0,5.0,1309.0,1240.0,69.0,5.3,42514.0,500.0,1047.0,642.0,378.0,19.47798987,40.78691079,25.00973899,14.72536034,549.4953,4.9297028,3.49530029296875,-0.0702972412109375
37179,NC,Union County,249172,17565.0,0.0705,34349.0,130.0,130315.0,126174.0,4141.0,3.2,95079.0,15129.0,36167.0,45212.0,61773.0,9.55831717,22.84986827,28.56438865,39.02742591,33946.254,133.59709,-402.74609375,3.5970916748046875
37181,NC,Vance County,42154,8368.0,0.1985,7037.0,50.0,16793.0,15806.0,987.0,5.9,49961.0,4173.0,10261.0,8927.0,5294.0,14.56290351,35.80875938,31.15337637,18.47496074,6856.112,51.8595,-180.88818359375,1.8595008850097656
37183,NC,Wake County,1170778,86727.0,0.0741,221516.0,369.0,631165.0,611634.0,19531.0,3.1,97099.0,47269.0,113488.0,180855.0,439696.0,6.049982849,14.52538564,23.14772151,56.27691,220887.69,369.4621,-628.3125,0.46209716796875
37185,NC,Warren County,18677,3695.0,0.1978,2757.0,20.0,6382.0,5974.0,408.0,6.4,47170.0,1865.0,5490.0,4018.0,2676.0,13.27496619,39.07751441,28.59990035,19.04761905,2984.96,29.763426,227.9599609375,9.763425827026367
37187,NC,Washington County,10776,2252.0,0.209,1958.0,17.0,4350.0,4127.0,223.0,5.1,46072.0,1148.0,2870.0,2964.0,968.0,14.44025157,36.10062893,37.28301887,12.17610063,1821.0464,17.645815,-136.95361328125,0.6458148956298828
37189,NC,Watauga County,55013,10007.0,0.1819,6960.0,46.0,29336.0,28374.0,962.0,3.3,57888.0,2357.0,6474.0,7495.0,14869.0,7.555698029,20.75332585,24.02628626,47.66468985,7958.3696,38.959885,998.36962890625,-7.0401153564453125
37191,NC,Wayne County,117449,20467.0,0.1743,20994.0,113.0,50846.0,48770.0,2076.0,4.1,55635.0,10658.0,23844.0,27183.0,16729.0,13.59196062,30.40783534,34.66600352,21.33420053,12930.72,168.901,-8063.2802734375,55.9010009765625
37193,NC,Wilkes County,65791,12348.0,0.1877,9827.0,98.0,26962.0,25910.0,1052.0,3.9,48229.0,8644.0,15435.0,15663.0,7949.0,18.12501311,32.36459709,32.84267472,16.66771508,9811.24,104.368,-15.759765625,6.3679962158203125
37195,NC,Wilson County,78306,15293.0,0.1953,12119.0,106.0,33678.0,31933.0,1745.0,5.2,51535.0,8430.0,18529.0,16195.0,10967.0,15.57620887,34.23624841,29.92368951,20.26385322,12186.018,106.185425,67.017578125,0.1854248046875
37197,NC,Yadkin County,37507,4478.0,0.1194,6938.0,63.0,17614.0,17019.0,595.0,3.4,61464.0,3605.0,9632.0,9280.0,4210.0,13.48823287,36.03846298,34.72144274,15.75186141,6222.156,53.189434,-715.84423828125,-9.810565948486328
37199,NC,Yancey County,18768,2766.0,0.1474,2694.0,64.0,8262.0,7965.0,297.0,3.6,54455.0,1670.0,4936.0,4213.0,3231.0,11.886121,35.1316726,29.98576512,22.99644128,2278.061,51.19889,-415.93896484375,-12.801109313964844
38001,ND,Adams County,2133,256.0,0.12,208.0,2.0,950.0,931.0,19.0,2.0,57593.0,119.0,579.0,539.0,324.0,7.623318386,37.09160794,34.52914798,20.75592569,184.97054,2.550721,-23.029464721679688,0.5507209300994873
38003,ND,Barnes County,10761,1177.0,0.1094,1287.0,7.0,5273.0,5162.0,111.0,2.1,67058.0,351.0,2244.0,2672.0,2257.0,4.66507177,29.8245614,35.51302499,29.99734184,1508.5687,6.322442,221.5687255859375,-0.6775579452514648
38005,ND,Benson County,5772,1441.0,0.2497,767.0,1.0,2325.0,2260.0,65.0,2.8,56605.0,385.0,983.0,1236.0,739.0,11.51660185,29.40472629,36.97277894,22.10589291,496.6738,5.0277405,-270.3262023925781,4.027740478515625
38007,ND,Billings County,1025,102.0,0.0995,46.0,0.0,456.0,448.0,8.0,1.8,85947.0,38.0,236.0,203.0,229.0,5.382436261,33.42776204,28.75354108,32.43626062,121.35903,1.1824667,75.3590316772461,1.182466745376587
38009,ND,Bottineau County,6384,587.0,0.0919,647.0,4.0,2995.0,2909.0,86.0,2.9,69351.0,268.0,1331.0,1646.0,1227.0,5.992844365,29.76296959,36.80679785,27.43738819,489.18915,5.8821073,-157.81085205078125,1.8821072578430176
38011,ND,Bowman County,2899,257.0,0.0887,237.0,5.0,1556.0,1531.0,25.0,1.6,75386.0,197.0,653.0,611.0,548.0,9.805873569,32.5037332,30.41314087,27.27725236,250.98798,3.3307858,13.98797607421875,-1.6692142486572266
38013,ND,Burke County,2132,207.0,0.0971,122.0,0.0,1048.0,1028.0,20.0,1.9,75931.0,109.0,413.0,625.0,353.0,7.266666667,27.53333333,41.66666667,23.53333333,218.20367,2.2201636,96.20367431640625,2.220163583755493
38015,ND,Burleigh County,99396,9332.0,0.0939,14706.0,22.0,52147.0,51178.0,969.0,1.9,83111.0,3211.0,15179.0,22553.0,25872.0,4.805807079,22.71795256,33.75439647,38.7218439,14306.948,25.471827,-399.0517578125,3.4718265533447266
38017,ND,Cass County,192713,21797.0,0.1131,29719.0,47.0,109988.0,108126.0,1862.0,1.7,70002.0,4977.0,21609.0,41087.0,51648.0,4.171101483,18.10997226,34.43400575,43.28492051,25135.297,71.706,-4583.703125,24.70600128173828
38019,ND,Cavalier County,3608,313.0,0.0868,353.0,0.0,1842.0,1799.0,43.0,2.3,73221.0,177.0,644.0,1171.0,569.0,6.911362749,25.14642718,45.72432643,22.21788364,255.5709,0.5238829,-97.42909240722656,0.5238829255104065
38021,ND,Dickey County,4928,604.0,0.1226,548.0,8.0,2236.0,2199.0,37.0,1.7,56326.0,278.0,836.0,1231.0,870.0,8.646967341,26.00311042,38.28926905,27.06065319,579.4094,7.6483617,31.409423828125,-0.3516383171081543
38023,ND,Divide County,2169,233.0,0.1074,230.0,1.0,1430.0,1412.0,18.0,1.3,70513.0,182.0,321.0,745.0,319.0,11.6145501,20.48500319,47.54307594,20.35737077,188.69632,1.9097936,-41.303680419921875,0.9097936153411865
38025,ND,Dunn County,3994,450.0,0.1127,303.0,5.0,3188.0,3146.0,42.0,1.3,82490.0,206.0,915.0,1129.0,582.0,7.274011299,32.30932203,39.86581921,20.55084746,631.7092,1.6033049,328.709228515625,-3.396695137023926
38027,ND,Eddy County,2307,261.0,0.1131,263.0,0.0,1193.0,1160.0,33.0,2.8,58848.0,129.0,534.0,613.0,501.0,7.259425999,30.05064716,34.49634215,28.19358469,299.10013,4.162345,36.100128173828125,4.162344932556152
38029,ND,Emmons County,3254,388.0,0.1192,220.0,3.0,1450.0,1391.0,59.0,4.1,60952.0,275.0,766.0,917.0,511.0,11.1381126,31.02470636,37.14054273,20.69663832,331.8613,3.7656796,111.86129760742188,0.7656795978546143
38031,ND,Foster County,3380,303.0,0.0896,395.0,4.0,1524.0,1493.0,31.0,2.0,83156.0,170.0,614.0,1029.0,678.0,6.824568446,24.64873545,41.30871136,27.21798475,312.1266,2.4808793,-82.8734130859375,-1.519120693206787
38033,ND,Golden Valley County,1746,253.0,0.1449,116.0,0.0,849.0,835.0,14.0,1.6,64823.0,42.0,380.0,577.0,220.0,3.445447088,31.1730927,47.33388023,18.04757998,-37.684692,3.7076194,-153.6846923828125,3.7076194286346436
38035,ND,Grand Forks County,72421,9118.0,0.1259,11059.0,21.0,37592.0,36911.0,681.0,1.8,64914.0,1849.0,9195.0,16112.0,16059.0,4.278606965,21.27733426,37.28335069,37.16070809,8519.533,19.089266,-2539.466796875,-1.9107341766357422
38037,ND,Grant County,2238,448.0,0.2002,156.0,3.0,1217.0,1194.0,23.0,1.9,43988.0,181.0,558.0,604.0,362.0,10.61583578,32.72727273,35.42521994,21.23167155,145.53036,3.5150423,-10.469635009765625,0.5150423049926758
38039,ND,Griggs County,2249,260.0,0.1156,207.0,0.0,1013.0,993.0,20.0,2.0,59332.0,109.0,535.0,583.0,462.0,6.453522795,31.67554766,34.51746596,27.35346359,251.59785,3.0423677,44.59785461425781,3.042367696762085
38041,ND,Hettinger County,2411,276.0,0.1145,386.0,3.0,1389.0,1366.0,23.0,1.7,66192.0,126.0,613.0,736.0,340.0,6.94214876,33.77410468,40.55096419,18.73278237,65.68689,3.5426102,-320.3131103515625,0.5426101684570312
38043,ND,Kidder County,2381,356.0,0.1495,180.0,2.0,1317.0,1267.0,50.0,3.8,56951.0,135.0,527.0,635.0,350.0,8.196721311,31.99757134,38.55494839,21.25075896,219.35579,2.5524492,39.35578918457031,0.5524492263793945
38045,ND,LaMoure County,4076,398.0,0.0976,368.0,2.0,2098.0,2061.0,37.0,1.8,77744.0,232.0,905.0,1058.0,701.0,8.011049724,31.25,36.53314917,24.2058011,209.38832,3.4933486,-158.61167907714844,1.4933485984802246
38047,ND,Logan County,1838,265.0,0.1442,189.0,1.0,866.0,848.0,18.0,2.1,60695.0,136.0,411.0,449.0,354.0,10.07407407,30.44444444,33.25925926,26.22222222,175.64253,1.6985006,-13.357467651367188,0.6985006332397461
38049,ND,McHenry County,5195,614.0,0.1182,484.0,3.0,3113.0,3016.0,97.0,3.1,65378.0,319.0,1263.0,1361.0,777.0,8.575268817,33.9516129,36.58602151,20.88709677,508.88916,5.4669733,24.88916015625,2.466973304748535
38051,ND,McIntosh County,2495,344.0,0.1379,305.0,1.0,1062.0,1040.0,22.0,2.1,57614.0,230.0,729.0,691.0,338.0,11.5694165,36.67002012,34.75855131,17.00201207,239.90852,4.4277644,-65.09147644042969,3.427764415740967
38053,ND,McKenzie County,13889,1188.0,0.0855,916.0,11.0,9099.0,8932.0,167.0,1.8,84206.0,683.0,2380.0,3829.0,2035.0,7.650946567,26.66069228,42.89234905,22.7960121,899.06964,11.047927,-16.93035888671875,0.047926902770996094
38055,ND,McLean County,9858,969.0,0.0983,896.0,2.0,4757.0,4616.0,141.0,3.0,79935.0,458.0,2235.0,2752.0,1707.0,6.403803132,31.25,38.4787472,23.86744966,969.99066,4.245765,73.99066162109375,2.245765209197998
38057,ND,Mercer County,8327,587.0,0.0705,951.0,2.0,3632.0,3519.0,113.0,3.1,90092.0,568.0,1482.0,2541.0,1338.0,9.580030359,24.99578344,42.85714286,22.56704335,445.1713,8.928739,-505.8287048339844,6.928738594055176
38059,ND,Morton County,33705,3291.0,0.0976,4422.0,11.0,17156.0,16750.0,406.0,2.4,75133.0,1275.0,6623.0,8414.0,6746.0,5.529534218,28.72321971,36.49058895,29.25665713,4346.9155,12.169318,-75.08447265625,1.1693181991577148
38061,ND,Mountrail County,9241,934.0,0.1011,1506.0,6.0,6438.0,6344.0,94.0,1.5,74094.0,695.0,1949.0,2087.0,1363.0,11.40466032,31.98227765,34.24680013,22.3662619,1090.8732,5.840684,-415.1268310546875,-0.1593160629272461
38063,ND,Nelson County,2999,315.0,0.105,270.0,2.0,1457.0,1416.0,41.0,2.8,59947.0,152.0,622.0,849.0,636.0,6.728640992,27.53430722,37.58300133,28.15405046,485.28906,3.8377988,215.2890625,1.837798833847046
38065,ND,Oliver County,1862,179.0,0.0961,113.0,1.0,884.0,856.0,28.0,3.2,79521.0,68.0,361.0,566.0,256.0,5.435651479,28.85691447,45.24380496,20.4636291,217.05634,-2.0031304,104.05633544921875,-3.0031304359436035
38067,ND,Pembina County,6745,635.0,0.0941,800.0,6.0,3237.0,3132.0,105.0,3.2,69141.0,400.0,1581.0,1807.0,1127.0,8.138351984,32.16683622,36.76500509,22.92980671,637.3346,6.695921,-162.6654052734375,0.6959209442138672
38069,ND,Pierce County,3931,442.0,0.1124,373.0,3.0,1692.0,1651.0,41.0,2.4,59007.0,173.0,892.0,965.0,786.0,6.143465909,31.67613636,34.26846591,27.91193182,567.09705,4.133289,194.0970458984375,1.133288860321045
38071,ND,Ramsey County,11516,1437.0,0.1248,1578.0,13.0,5679.0,5557.0,122.0,2.1,71307.0,547.0,2230.0,2981.0,2200.0,6.873586328,28.02211611,37.45916059,27.64513697,1312.3795,10.243993,-265.6204833984375,-2.756007194519043
38073,ND,Ransom County,5647,425.0,0.0753,773.0,5.0,2661.0,2617.0,44.0,1.7,76130.0,368.0,1212.0,1528.0,824.0,9.359104781,30.82400814,38.86063072,20.95625636,630.679,6.1349883,-142.32098388671875,1.1349883079528809
38075,ND,Renville County,2250,188.0,0.0836,193.0,0.0,1215.0,1192.0,23.0,1.9,71271.0,125.0,520.0,579.0,346.0,7.961783439,33.12101911,36.87898089,22.03821656,204.30377,-0.9241483,11.30377197265625,-0.9241483211517334
38077,ND,Richland County,16574,1504.0,0.0907,1660.0,11.0,8810.0,8649.0,161.0,1.8,74253.0,545.0,2735.0,4774.0,2682.0,5.076378539,25.47503726,44.46721311,24.98137109,1483.796,9.271152,-176.2039794921875,-1.7288484573364258
38079,ND,Rolette County,11867,3020.0,0.2545,3928.0,10.0,4735.0,4432.0,303.0,6.4,50598.0,1146.0,1862.0,2939.0,1181.0,16.07744108,26.12233446,41.23176207,16.5684624,1956.3245,8.461774,-1971.675537109375,-1.5382261276245117
38081,ND,Sargent County,3804,301.0,0.0791,470.0,0.0,2300.0,2262.0,38.0,1.7,75325.0,216.0,938.0,1097.0,531.0,7.764198418,33.71675054,39.43206326,19.08698778,326.58432,2.8851178,-143.41567993164062,2.885117769241333
38083,ND,Sheridan County,1286,220.0,0.1711,88.0,1.0,654.0,637.0,17.0,2.6,56922.0,95.0,377.0,351.0,209.0,9.205426357,36.53100775,34.01162791,20.25193798,216.4334,1.8815506,128.4333953857422,0.8815505504608154
38085,ND,Sioux County,3686,1196.0,0.3245,623.0,1.0,1225.0,1195.0,30.0,2.4,43721.0,270.0,757.0,810.0,231.0,13.05609284,36.60541586,39.16827853,11.17021277,555.1448,0.9690442,-67.855224609375,-0.030955791473388672
38087,ND,Slope County,682,81.0,0.1188,16.0,0.0,339.0,331.0,8.0,2.4,69249.0,54.0,209.0,215.0,141.0,8.723747981,33.7641357,34.73344103,22.77867528,96.53917,0.13620614,80.53916931152344,0.13620613515377045
38089,ND,Stark County,32718,2980.0,0.0911,4399.0,10.0,18014.0,17686.0,328.0,1.8,86963.0,1882.0,6457.0,7216.0,5802.0,8.812099078,30.23364705,33.78751697,27.1667369,2902.9678,26.36976,-1496.0322265625,16.369760513305664
38091,ND,Steele County,1793,139.0,0.0775,123.0,0.0,946.0,928.0,18.0,1.9,81081.0,69.0,353.0,466.0,373.0,5.47184774,27.99365583,36.95479778,29.57969865,237.95847,0.8194682,114.95846557617188,0.8194682002067566
38093,ND,Stutsman County,21476,2162.0,0.1007,2899.0,5.0,10614.0,10405.0,209.0,2.0,65633.0,1074.0,5552.0,4596.0,3627.0,7.23281029,37.38972321,30.95157923,24.42588727,2578.3972,13.601276,-320.602783203125,8.601276397705078
38095,ND,Towner County,2060,204.0,0.099,254.0,1.0,1127.0,1102.0,25.0,2.2,70656.0,158.0,428.0,636.0,285.0,10.4844061,28.40079628,42.20305242,18.91174519,344.4793,2.5467312,90.47930908203125,1.5467312335968018
38097,ND,Traill County,7955,654.0,0.0822,761.0,5.0,4470.0,4384.0,86.0,1.9,79065.0,342.0,1412.0,1979.0,1694.0,6.301824212,26.01805786,36.46581905,31.21429888,664.4212,5.8845973,-96.57879638671875,0.8845973014831543
38099,ND,Walsh County,10460,1097.0,0.1049,1384.0,5.0,5234.0,5076.0,158.0,3.0,67249.0,906.0,2519.0,2435.0,1423.0,12.4399286,34.5873953,33.43402444,19.53865165,784.88403,8.007605,-599.115966796875,3.0076045989990234
38101,ND,Ward County,68788,6529.0,0.0949,8312.0,17.0,32069.0,31369.0,700.0,2.2,72091.0,2186.0,12765.0,16300.0,13180.0,4.919988296,28.72994081,36.68609754,29.66397335,8291.901,25.300564,-20.0986328125,8.30056381225586
38103,ND,Wells County,3922,481.0,0.1226,358.0,2.0,1898.0,1841.0,57.0,3.0,66294.0,225.0,1037.0,873.0,611.0,8.193736344,37.76402039,31.79169701,22.25054625,197.99583,4.4708834,-160.00416564941406,2.470883369445801
38105,ND,Williams County,37966,3009.0,0.0793,3850.0,11.0,21781.0,21308.0,473.0,2.2,84145.0,2307.0,8302.0,8192.0,5854.0,9.357128372,33.67268303,33.22652606,23.74366254,3855.8452,26.52712,5.84521484375,15.527120590209961
39001,OH,Adams County,27459,5354.0,0.195,3620.0,45.0,10964.0,10376.0,588.0,5.4,49068.0,2787.0,8489.0,4831.0,2677.0,14.8370954,45.19271721,25.71869676,14.25149063,4050.3777,47.605648,430.377685546875,2.6056480407714844
39003,OH,Allen County,101097,12570.0,0.1243,12010.0,131.0,46717.0,44748.0,1969.0,4.2,60384.0,5204.0,27871.0,21698.0,13637.0,7.607074989,40.74111972,31.71758515,19.93422014,12050.047,128.86314,40.046875,-2.1368560791015625
39005,OH,Ashland County,52024,5393.0,0.1037,5356.0,69.0,25920.0,24922.0,998.0,3.9,62037.0,3252.0,15602.0,9153.0,7929.0,9.049421193,43.41607302,25.4702805,22.06422529,5473.078,67.28073,117.078125,-1.719268798828125
39007,OH,Ashtabula County,96960,16280.0,0.1679,9675.0,153.0,42858.0,40967.0,1891.0,4.4,52468.0,8562.0,28976.0,20106.0,10956.0,12.48104956,42.23906706,29.3090379,15.97084548,10017.991,151.597,342.9912109375,-1.4029998779296875
39009,OH,Athens County,60881,11625.0,0.1909,10187.0,51.0,26044.0,24792.0,1252.0,4.8,48265.0,2974.0,10825.0,9678.0,12880.0,8.179992849,29.77418379,26.61935803,35.42646533,10250.037,53.18034,63.037109375,2.180339813232422
39011,OH,Auglaize County,45946,3790.0,0.0825,5107.0,61.0,23978.0,23238.0,740.0,3.1,71669.0,2023.0,13101.0,9895.0,6553.0,6.407576333,41.49562904,31.3410617,20.75573293,4866.2314,42.778687,-240.7685546875,-18.2213134765625
39013,OH,Belmont County,65495,10591.0,0.1617,7289.0,82.0,27464.0,26065.0,1399.0,5.1,55573.0,3847.0,22186.0,13295.0,9057.0,7.950811202,45.85305363,27.47752403,18.71861114,8956.441,88.92364,1667.44140625,6.923637390136719
39015,OH,Brown County,43700,7019.0,0.1606,5651.0,61.0,19466.0,18587.0,879.0,4.5,64034.0,3738.0,14026.0,7970.0,4821.0,12.23367698,45.90410735,26.08411062,15.77810506,4785.4985,54.170315,-865.50146484375,-6.829685211181641
39017,OH,Butler County,389728,44146.0,0.1133,49156.0,332.0,196838.0,189835.0,7003.0,3.6,74841.0,22174.0,80506.0,66983.0,81803.0,8.817891882,32.014666,26.63700063,32.53044149,48489.28,332.37738,-666.71875,0.37738037109375
39019,OH,Carroll County,26686,3055.0,0.1145,1969.0,42.0,12509.0,11968.0,541.0,4.3,62482.0,1970.0,9273.0,5319.0,2703.0,10.22579808,48.13392162,27.60965481,14.03062549,2225.3718,42.8895,256.371826171875,0.8894996643066406
39021,OH,Champaign County,38743,3753.0,0.0969,3964.0,60.0,19193.0,18477.0,716.0,3.7,72784.0,2233.0,11723.0,8139.0,5219.0,8.175294721,42.919382,29.79790584,19.10741744,4091.8025,57.94512,127.802490234375,-2.0548782348632812
39023,OH,Clark County,134732,19944.0,0.148,17292.0,201.0,62666.0,60100.0,2566.0,4.1,57264.0,10047.0,35185.0,30994.0,17344.0,10.73741584,37.60286417,33.12386449,18.53585551,17604.596,198.53891,312.595703125,-2.461090087890625
39025,OH,Clermont County,210679,18724.0,0.0889,27959.0,199.0,107937.0,104095.0,3842.0,3.6,79492.0,11942.0,46715.0,41923.0,46021.0,8.145919878,31.86540337,28.59666714,31.3920096,28030.24,198.8371,71.240234375,-0.16290283203125
39027,OH,Clinton County,41890,4970.0,0.1186,5181.0,64.0,17867.0,17086.0,781.0,4.4,65927.0,2373.0,11388.0,8829.0,5667.0,8.3979191,40.30151821,31.24535513,20.05520756,4464.49,58.127193,-716.509765625,-5.872806549072266
39029,OH,Columbiana County,100569,15017.0,0.1493,10071.0,121.0,44774.0,42709.0,2065.0,4.6,54167.0,7557.0,32712.0,21241.0,11747.0,10.31573775,44.65375322,28.99518135,16.03532768,10223.051,120.93489,152.05078125,-0.0651092529296875
39031,OH,Coshocton County,36615,5448.0,0.1488,3711.0,36.0,13663.0,12997.0,666.0,4.9,50731.0,3778.0,10486.0,6748.0,4227.0,14.96889734,41.54681247,26.73640002,16.74789017,4106.6055,40.250355,395.60546875,4.250354766845703
39033,OH,Crawford County,41509,6206.0,0.1495,5440.0,59.0,17652.0,16808.0,844.0,4.8,55912.0,2793.0,13556.0,8492.0,4558.0,9.50032314,46.11041192,28.88533624,15.50392871,5466.2886,59.304077,26.28857421875,0.3040771484375
39035,OH,Cuyahoga County,1236994,201450.0,0.1629,112013.0,1211.0,600431.0,571700.0,28731.0,4.8,60808.0,77752.0,241691.0,249617.0,318951.0,8.755747395,27.21711781,28.10967432,35.91746048,111984.97,1212.2816,-28.03125,1.2816162109375
39037,OH,Darke County,51526,5539.0,0.1075,5386.0,62.0,25537.0,24634.0,903.0,3.5,65643.0,3297.0,16091.0,10197.0,5839.0,9.307249322,45.42400632,28.78556911,16.48317525,5419.9463,59.786007,33.9462890625,-2.2139930725097656
39039,OH,Defiance County,38128,4023.0,0.1055,4117.0,43.0,17324.0,16638.0,686.0,4.0,63904.0,2023.0,10364.0,8647.0,5297.0,7.68295925,39.36044966,32.8396187,20.11697239,4184.746,38.670994,67.74609375,-4.329006195068359
39041,OH,Delaware County,226526,10385.0,0.0458,23433.0,104.0,115171.0,111711.0,3460.0,3.0,121528.0,4311.0,24196.0,33313.0,85499.0,2.926302785,16.42422227,22.61283338,58.03664157,23513.652,104.85374,80.65234375,0.8537368774414062
39043,OH,Erie County,74514,8335.0,0.1119,9370.0,64.0,36512.0,34733.0,1779.0,4.9,67925.0,4110.0,18596.0,16430.0,15163.0,7.569200169,34.24740787,30.25838413,27.92500783,9049.41,71.312035,-320.58984375,7.312034606933594
39045,OH,Fairfield County,162956,13961.0,0.0857,18397.0,148.0,80029.0,77231.0,2798.0,3.5,82447.0,6557.0,35961.0,32142.0,34987.0,5.980099775,32.79706695,29.31407152,31.90876175,18606.389,144.00713,209.388671875,-3.9928741455078125
39047,OH,Fayette County,28832,4166.0,0.1445,3573.0,54.0,13670.0,13142.0,528.0,3.9,56901.0,2816.0,9453.0,4780.0,2739.0,14.23084698,47.77137659,24.15605417,13.84172226,3826.2344,54.97857,253.234375,0.9785690307617188
39049,OH,Franklin County,1321730,195678.0,0.148,149053.0,814.0,706390.0,682093.0,24297.0,3.4,69762.0,77881.0,213006.0,224023.0,372415.0,8.77705463,24.00540952,25.24700645,41.9705294,149068.78,809.3466,15.78125,-4.65338134765625
39051,OH,Fulton County,42158,3393.0,0.0805,4198.0,49.0,21626.0,20758.0,868.0,4.0,75383.0,1536.0,12394.0,9853.0,5520.0,5.241784118,42.29601065,33.62454356,18.83766167,4292.5166,48.21895,94.5166015625,-0.7810516357421875
39053,OH,Gallia County,29030,5676.0,0.1955,4869.0,51.0,12041.0,11477.0,564.0,4.7,51449.0,2607.0,8300.0,5374.0,3550.0,13.14608441,41.85366346,27.09898644,17.9012657,4774.8833,50.27339,-94.11669921875,-0.7266082763671875
39055,OH,Geauga County,95491,5997.0,0.0628,6473.0,82.0,48394.0,46485.0,1909.0,3.9,101636.0,5832.0,17592.0,17279.0,25723.0,8.779694698,26.48360582,26.01240478,38.7242947,7016.1104,81.99677,543.1103515625,-0.00322723388671875
39057,OH,Greene County,169027,15145.0,0.0896,20183.0,134.0,81766.0,78826.0,2940.0,3.6,82769.0,6339.0,26275.0,34576.0,47248.0,5.539243957,22.96003076,30.21374019,41.28698509,20279.107,133.4012,96.107421875,-0.5988006591796875
39059,OH,Guernsey County,38060,5719.0,0.1503,5505.0,64.0,17729.0,16860.0,869.0,4.9,56004.0,3856.0,11144.0,7804.0,4135.0,14.31382011,41.36753406,28.96915253,15.3494933,5488.2773,57.253193,-16.72265625,-6.746807098388672
39061,OH,Hamilton County,824721,124767.0,0.1513,100036.0,540.0,416987.0,401963.0,15024.0,3.6,67033.0,42283.0,142993.0,143446.0,231851.0,7.542817795,25.50836376,25.58917393,41.35964451,99442.555,544.02936,-593.4453125,4.02935791015625
39063,OH,Hancock County,74774,6286.0,0.0841,7892.0,78.0,40188.0,38868.0,1320.0,3.3,72658.0,2618.0,18361.0,15140.0,15283.0,5.093187036,35.72039998,29.45410684,29.73230614,7721.152,76.13969,-170.84814453125,-1.8603134155273438
39065,OH,Hardin County,30391,4269.0,0.1405,3113.0,46.0,13131.0,12579.0,552.0,4.2,58844.0,1540.0,8803.0,4731.0,3508.0,8.287590141,47.3738026,25.4601227,18.87848455,3118.759,43.947365,5.759033203125,-2.0526351928710938
39067,OH,Harrison County,14351,1962.0,0.1367,1612.0,23.0,6463.0,6145.0,318.0,4.9,55129.0,1063.0,5125.0,2895.0,1355.0,10.18394328,49.09944434,27.73519831,12.98141406,1419.9813,20.72669,-192.0186767578125,-2.2733097076416016
39069,OH,Henry County,27526,2444.0,0.0888,2827.0,25.0,12694.0,12119.0,575.0,4.5,72122.0,1416.0,7975.0,6153.0,3568.0,7.408957723,41.72771034,32.19443282,18.66889912,2833.4392,24.024998,6.439208984375,-0.9750022888183594
39071,OH,Highland County,43426,6339.0,0.146,5475.0,54.0,17317.0,16463.0,854.0,4.9,59464.0,3898.0,11964.0,9160.0,4626.0,13.14759849,40.35348084,30.89584458,15.60307609,4480.382,61.310345,-994.6181640625,7.310344696044922
39073,OH,Hocking County,27818,4194.0,0.1508,3715.0,37.0,12915.0,12384.0,531.0,4.1,57353.0,2361.0,8356.0,6274.0,2848.0,11.90080145,42.11905842,31.62457785,14.35556228,3839.9219,35.239124,124.921875,-1.7608757019042969
39075,OH,Holmes County,44375,3505.0,0.079,1421.0,34.0,21626.0,21012.0,614.0,2.8,75226.0,11353.0,8754.0,3434.0,2896.0,42.94360177,33.11268298,12.98937096,10.95434429,1444.5219,34.738968,23.5218505859375,0.7389678955078125
39077,OH,Huron County,58219,7438.0,0.1278,6335.0,59.0,27659.0,26251.0,1408.0,5.1,61482.0,3721.0,17830.0,11515.0,6746.0,9.346428213,44.78549181,28.92344017,16.94463981,6428.232,59.69665,93.23193359375,0.6966514587402344
39079,OH,Jackson County,32611,5912.0,0.1813,5039.0,37.0,12324.0,11712.0,612.0,5.0,54893.0,2812.0,10542.0,5336.0,3724.0,12.54573035,47.03310431,23.80654948,16.61461587,5255.463,41.22263,216.462890625,4.222629547119141
39081,OH,Jefferson County,64273,11626.0,0.1809,7527.0,88.0,26933.0,25464.0,1469.0,5.5,54272.0,3282.0,19142.0,14166.0,9468.0,7.125797907,41.56064093,30.75687177,20.55668939,7503.799,81.66838,-23.201171875,-6.3316192626953125
39083,OH,Knox County,63196,7287.0,0.1153,6331.0,58.0,30837.0,29760.0,1077.0,3.5,68334.0,3697.0,15792.0,11913.0,10105.0,8.906931361,38.04659455,28.70118293,24.34529116,6558.998,57.939896,227.998046875,-0.0601043701171875
39085,OH,Lake County,231736,20444.0,0.0882,19122.0,239.0,124804.0,119559.0,5245.0,4.2,76163.0,10368.0,53322.0,53644.0,51559.0,6.138797937,31.57146833,31.76212158,30.52761216,19378.87,236.6327,256.869140625,-2.3672943115234375
39087,OH,Lawrence County,56572,9583.0,0.1694,11511.0,101.0,23346.0,22267.0,1079.0,4.6,51062.0,4046.0,17340.0,11660.0,7540.0,9.968954812,42.72409205,28.72911842,18.57783472,11100.184,94.84992,-410.81640625,-6.150077819824219
39089,OH,Licking County,181765,18074.0,0.0994,20500.0,133.0,91692.0,88549.0,3143.0,3.4,76596.0,8437.0,41635.0,36955.0,36033.0,6.856005201,33.83308955,30.03006663,29.28083862,21016.27,134.91728,516.26953125,1.9172821044921875
39091,OH,Logan County,46062,5858.0,0.1272,4673.0,43.0,22525.0,21746.0,779.0,3.5,62449.0,2298.0,14172.0,9844.0,5893.0,7.135094855,44.00285652,30.56478405,18.29726457,4515.631,54.746967,-157.369140625,11.746967315673828
39093,OH,Lorain County,316031,39513.0,0.125,32966.0,310.0,154121.0,146477.0,7644.0,5.0,67124.0,18803.0,68540.0,71487.0,61447.0,8.536070493,31.11536838,32.45322934,27.89533179,33597.04,309.22952,631.0390625,-0.770477294921875
39095,OH,Lucas County,426719,74533.0,0.1747,51241.0,405.0,202831.0,193865.0,8966.0,4.4,57971.0,26405.0,87518.0,95075.0,83308.0,9.033341772,29.94054176,32.5258462,28.50027026,52270.496,403.70813,1029.49609375,-1.2918701171875
39097,OH,Madison County,43581,3926.0,0.0901,4160.0,45.0,20909.0,20235.0,674.0,3.2,78533.0,3541.0,12086.0,9209.0,7149.0,11.07081444,37.7864624,28.79162107,22.35110208,4153.9624,42.966915,-6.03759765625,-2.0330848693847656
39099,OH,Mahoning County,225922,41912.0,0.1855,24097.0,287.0,97955.0,93256.0,4699.0,4.8,54774.0,13633.0,59043.0,47030.0,42851.0,8.386596701,36.32141341,28.93139022,26.36059967,30313.451,282.27362,6216.451171875,-4.72637939453125
39101,OH,Marion County,64609,10029.0,0.1552,9003.0,68.0,27290.0,26085.0,1205.0,4.4,59012.0,5026.0,20131.0,14496.0,6294.0,10.93869023,43.81352428,31.54939387,13.69839163,8892.769,67.40045,-110.2314453125,-0.59954833984375
39103,OH,Medina County,183489,12288.0,0.067,17474.0,140.0,97765.0,93925.0,3840.0,3.9,89108.0,7108.0,37633.0,37973.0,47027.0,5.478607379,29.00625092,29.26831148,36.24683022,17809.117,142.32227,335.1171875,2.322265625
39105,OH,Meigs County,21961,3969.0,0.1807,2820.0,35.0,8558.0,8056.0,502.0,5.9,46393.0,2098.0,7417.0,4450.0,1865.0,13.25331649,46.85407454,28.1111813,11.78142767,2851.49,35.460926,31.489990234375,0.4609260559082031
39107,OH,Mercer County,42424,3447.0,0.0813,3671.0,36.0,22723.0,22110.0,613.0,2.7,72077.0,1492.0,12152.0,8118.0,6194.0,5.336958077,43.46830734,29.03848905,22.15624553,4182.9297,36.68508,511.9296875,0.6850814819335938
39109,OH,Miami County,110213,10693.0,0.097,11669.0,128.0,53145.0,51250.0,1895.0,3.6,72887.0,5478.0,28853.0,22842.0,18980.0,7.19341326,37.88819876,29.99487873,24.92350925,11728.43,126.40089,59.4296875,-1.5991134643554688
39111,OH,Monroe County,13215,1823.0,0.1379,1492.0,16.0,5125.0,4798.0,327.0,6.4,56384.0,958.0,4877.0,2748.0,1032.0,9.963598544,50.72282891,28.58034321,10.73322933,1662.3254,17.16403,170.325439453125,1.1640300750732422
39113,OH,Montgomery County,533474,74391.0,0.1394,67652.0,659.0,244612.0,234562.0,10050.0,4.1,62794.0,29132.0,101677.0,124817.0,112293.0,7.918047179,27.63570242,33.92513026,30.52112014,67330.24,657.8931,-321.7578125,-1.10687255859375
39115,OH,Morgan County,13669,2292.0,0.1677,1645.0,19.0,6761.0,6401.0,360.0,5.3,58803.0,1130.0,4281.0,3046.0,1400.0,11.46393426,43.43106422,30.90189713,14.20310439,1775.8645,17.977322,130.864501953125,-1.0226783752441406
39117,OH,Morrow County,35336,3783.0,0.1071,3342.0,42.0,16968.0,16305.0,663.0,3.9,71835.0,2144.0,11561.0,6670.0,4532.0,8.608021841,46.41667001,26.77962019,18.19568796,3430.6262,40.89201,88.626220703125,-1.1079902648925781
39119,OH,Muskingum County,86114,11524.0,0.1338,12396.0,86.0,40536.0,38790.0,1746.0,4.3,58791.0,5722.0,24835.0,16627.0,12036.0,9.662276258,41.93684566,28.07666329,20.32421479,12351.349,89.78198,-44.6513671875,3.781982421875
39121,OH,Noble County,14325,1835.0,0.1281,1411.0,12.0,4583.0,4307.0,276.0,6.0,57054.0,1602.0,5488.0,2335.0,1502.0,14.66093164,50.22421525,21.36908575,13.74576737,2030.2904,20.844885,619.2904052734375,8.844884872436523
39123,OH,Ottawa County,39968,3917.0,0.098,4047.0,40.0,20494.0,19421.0,1073.0,5.2,72780.0,1797.0,10759.0,9269.0,8715.0,5.884086444,35.2292076,30.35036018,28.53634578,4077.4392,36.391247,30.439208984375,-3.608753204345703
39125,OH,Paulding County,18762,1861.0,0.0992,1885.0,18.0,8645.0,8342.0,303.0,3.5,66332.0,1248.0,5738.0,3961.0,2044.0,9.606650758,44.1690401,30.49033947,15.73396967,2337.1492,22.678375,452.149169921875,4.678375244140625
39127,OH,Perry County,35471,5445.0,0.1535,3913.0,41.0,15911.0,15209.0,702.0,4.4,60448.0,2885.0,11516.0,6463.0,3693.0,11.74817771,46.89497903,26.31836136,15.0384819,4065.0786,44.09303,152.07861328125,3.093029022216797
39129,OH,Pickaway County,60007,5369.0,0.0895,7407.0,74.0,26727.0,25734.0,993.0,3.7,75916.0,4820.0,17030.0,10863.0,8831.0,11.60215675,40.99268246,26.14818024,21.25698055,7478.8545,73.15987,71.8544921875,-0.8401336669921875
39131,OH,Pike County,27012,5252.0,0.1944,4618.0,53.0,11024.0,10466.0,558.0,5.1,55029.0,2676.0,9091.0,4116.0,2706.0,14.39561031,48.90526656,22.14212706,14.55699607,4455.8877,49.568516,-162.1123046875,-3.4314842224121094
39133,OH,Portage County,161742,19299.0,0.1193,15750.0,144.0,85243.0,81995.0,3248.0,3.8,72965.0,7597.0,38463.0,27524.0,33871.0,7.069936252,35.79451864,25.61444326,31.52110186,16566.102,144.00592,816.1015625,0.00592041015625
39135,OH,Preble County,40574,4221.0,0.104,4236.0,54.0,21779.0,21045.0,734.0,3.4,67605.0,2111.0,13210.0,8212.0,5130.0,7.36489551,46.08729023,28.65017619,17.89763807,4220.603,53.133503,-15.39697265625,-0.8664970397949219
39137,OH,Putnam County,34330,2206.0,0.0643,2895.0,34.0,18806.0,18236.0,570.0,3.0,81780.0,1229.0,8712.0,7019.0,6052.0,5.340691813,37.8585086,30.50147749,26.29932209,3533.2722,32.861984,638.272216796875,-1.1380157470703125
39139,OH,Richland County,125261,17953.0,0.1433,14386.0,141.0,50422.0,48141.0,2281.0,4.5,54906.0,9228.0,36727.0,26008.0,15670.0,10.53027969,41.91001107,29.67831753,17.88139171,14253.595,142.95514,-132.4052734375,1.95513916015625
39141,OH,Ross County,76508,9783.0,0.1279,11149.0,80.0,35088.0,33744.0,1344.0,3.8,60352.0,6063.0,24618.0,14624.0,9349.0,11.09342409,45.04336371,26.7574194,17.10579281,10556.273,84.69394,-592.7265625,4.693939208984375
39143,OH,Sandusky County,58567,6996.0,0.1195,6452.0,65.0,29904.0,28496.0,1408.0,4.7,62473.0,2792.0,17798.0,13118.0,7961.0,6.700424776,42.71280808,31.48143704,19.1053301,6349.306,67.06947,-102.69384765625,2.0694732666015625
39145,OH,Scioto County,72189,15113.0,0.2094,12901.0,79.0,29219.0,27738.0,1481.0,5.1,48465.0,5761.0,22135.0,13894.0,9143.0,11.3109379,43.45905405,27.27897434,17.95103371,12733.168,77.545815,-167.83203125,-1.4541854858398438
39147,OH,Seneca County,54534,6258.0,0.1148,5459.0,55.0,26291.0,25195.0,1096.0,4.2,63221.0,2505.0,15965.0,10914.0,7676.0,6.759309228,43.07879115,29.44954128,20.71235834,5620.407,57.044724,161.4072265625,2.0447235107421875
39149,OH,Shelby County,47684,4402.0,0.0923,4821.0,48.0,23496.0,22670.0,826.0,3.5,72498.0,2770.0,13133.0,9602.0,6622.0,8.622031313,40.87838889,29.88763345,20.61194634,4988.411,45.66777,167.4111328125,-2.3322296142578125
39151,OH,Stark County,372785,48044.0,0.1289,32369.0,481.0,179690.0,172413.0,7277.0,4.0,64557.0,18910.0,96960.0,80768.0,65486.0,7.214142925,36.99012681,30.81289771,24.98283255,32229.47,480.48163,-139.529296875,-0.51837158203125
39153,OH,Summit County,535769,66303.0,0.1238,48363.0,515.0,265461.0,254663.0,10798.0,4.1,66034.0,27211.0,111631.0,108781.0,135020.0,7.111328314,29.17366841,28.42884882,35.28615446,48694.926,518.86346,331.92578125,3.86346435546875
39155,OH,Trumbull County,200726,31959.0,0.1592,19403.0,302.0,82752.0,78656.0,4096.0,4.9,54406.0,14407.0,62093.0,38597.0,29304.0,9.977077721,43.00039473,26.72903927,20.29348827,19858.377,300.52298,455.376953125,-1.477020263671875
39157,OH,Tuscarawas County,91971,10432.0,0.1134,8459.0,131.0,44347.0,42651.0,1696.0,3.8,59626.0,7082.0,28834.0,15501.0,12528.0,11.0751427,45.09187583,24.24114473,19.59183673,11430.164,102.603905,2971.1640625,-28.396095275878906
39159,OH,Union County,66876,3331.0,0.0498,8572.0,32.0,30108.0,29196.0,912.0,3.0,104512.0,2124.0,13406.0,11564.0,17397.0,4.773999236,30.1319368,25.99177362,39.10229035,3930.6255,47.884514,-4641.37451171875,15.884513854980469
39161,OH,Van Wert County,28804,2634.0,0.0914,2927.0,48.0,14357.0,13878.0,479.0,3.3,59377.0,1286.0,8886.0,6393.0,3392.0,6.443854287,44.52573032,32.03387283,16.99654257,2893.5913,44.061356,-33.40869140625,-3.9386444091796875
39163,OH,Vinton County,12577,2607.0,0.2073,1520.0,16.0,5396.0,5128.0,268.0,5.0,51015.0,1513.0,3951.0,2138.0,1354.0,16.89370255,44.11567664,23.8722644,15.11835641,1725.7382,15.659158,205.7381591796875,-0.34084224700927734
39165,OH,Warren County,249735,13373.0,0.0535,30146.0,199.0,122415.0,118391.0,4024.0,3.3,104523.0,8343.0,41295.0,41463.0,76632.0,4.973976498,24.61948454,24.71964372,45.68689524,30279.986,194.24255,133.986328125,-4.7574462890625
39167,OH,Washington County,58868,8812.0,0.1497,5719.0,76.0,26595.0,25343.0,1252.0,4.7,59196.0,3005.0,15773.0,14986.0,8815.0,7.057469645,37.04408276,35.19575378,20.70269382,6136.85,72.956764,417.85009765625,-3.0432357788085938
39169,OH,Wayne County,116552,11468.0,0.0984,9965.0,139.0,60006.0,58114.0,1892.0,3.2,70121.0,10519.0,29197.0,18129.0,18990.0,13.69037548,37.99960955,23.59471595,24.71529902,10134.227,138.85812,169.2265625,-0.141876220703125
39171,OH,Williams County,36648,4368.0,0.1192,4455.0,43.0,18107.0,17490.0,617.0,3.4,60983.0,2225.0,11325.0,8635.0,3682.0,8.601693277,43.7816523,33.38230177,14.23435265,4429.476,44.611675,-25.52392578125,1.6116752624511719
39173,OH,Wood County,131642,15268.0,0.116,14987.0,113.0,69232.0,66800.0,2432.0,3.5,67254.0,4021.0,23652.0,24523.0,31137.0,4.825219301,28.38251353,29.42771771,37.36454946,19329.232,96.340904,4342.232421875,-16.659095764160156
39175,OH,Wyandot County,21552,1929.0,0.0895,2293.0,27.0,13176.0,12795.0,381.0,2.9,65631.0,790.0,7156.0,4143.0,3151.0,5.183727034,46.95538058,27.18503937,20.67585302,2238.2495,27.298779,-54.75048828125,0.2987785339355469
40001,OK,Adair County,19516,4014.0,0.2057,4381.0,50.0,8674.0,8380.0,294.0,3.4,47799.0,2193.0,5772.0,3304.0,1508.0,17.16365344,45.17492369,25.85896533,11.80245754,3707.475,43.62588,-673.52490234375,-6.374118804931641
40003,OK,Alfalfa County,5689,797.0,0.1401,430.0,10.0,2717.0,2662.0,55.0,2.0,58045.0,615.0,1543.0,1285.0,899.0,14.16397973,35.53661907,29.59465684,20.70474436,512.0298,12.072462,82.02978515625,2.0724620819091797
40005,OK,Atoka County,14327,2523.0,0.1761,1783.0,28.0,5160.0,4958.0,202.0,3.9,46160.0,1658.0,4185.0,2737.0,1553.0,16.36238034,41.30070068,27.01075693,15.32616204,1677.3848,21.328703,-105.615234375,-6.671297073364258
40007,OK,Beaver County,5019,613.0,0.1221,470.0,12.0,2726.0,2675.0,51.0,1.9,64431.0,500.0,1058.0,1027.0,771.0,14.89868892,31.52562574,30.60190703,22.97377831,375.33868,10.417305,-94.66131591796875,-1.5826950073242188
40009,OK,Beckham County,21976,3771.0,0.1716,2800.0,27.0,10439.0,10164.0,275.0,2.6,53119.0,2374.0,6351.0,4397.0,2011.0,15.68757021,41.96788476,29.05570607,13.28883896,2637.844,27.572569,-162.156005859375,0.5725688934326172
40011,OK,Blaine County,8445,1401.0,0.1659,1142.0,24.0,4439.0,4338.0,101.0,2.3,54616.0,921.0,2196.0,1808.0,1080.0,15.33721898,36.5695254,30.10824313,17.98501249,1077.1133,18.261562,-64.88671875,-5.738437652587891
40013,OK,Bryan County,48038,7726.0,0.1608,7278.0,95.0,23261.0,22618.0,643.0,2.8,53782.0,3890.0,10813.0,9102.0,7678.0,12.3558746,34.3455198,28.91084077,24.38776483,6978.322,86.31576,-299.67822265625,-8.684242248535156
40015,OK,Caddo County,26237,4294.0,0.1637,4112.0,58.0,11926.0,11533.0,393.0,3.3,51071.0,2409.0,8443.0,4503.0,2810.0,13.26176713,46.47949353,24.78943022,15.46930911,4014.978,56.20255,-97.02197265625,-1.7974510192871094
40017,OK,Canadian County,169254,14428.0,0.0852,21678.0,109.0,81247.0,79164.0,2083.0,2.6,81761.0,8448.0,29424.0,35719.0,34242.0,7.834336428,27.28663767,33.12436824,31.75465767,21177.56,118.97041,-500.439453125,9.970413208007812
40019,OK,Carter County,48336,7436.0,0.1538,8782.0,55.0,21778.0,21012.0,766.0,3.5,56052.0,3936.0,11895.0,9992.0,6457.0,12.19330855,36.84944238,30.95415118,20.00309789,8017.3584,56.531754,-764.6416015625,1.5317535400390625
40021,OK,Cherokee County,48074,8578.0,0.1784,7610.0,39.0,20325.0,19602.0,723.0,3.6,49403.0,3090.0,9823.0,8708.0,9011.0,10.08749021,32.06777226,28.42778793,29.4169496,7559.268,41.995823,-50.73193359375,2.9958229064941406
40023,OK,Choctaw County,14407,3451.0,0.2395,2040.0,48.0,6021.0,5738.0,283.0,4.7,41999.0,1331.0,3822.0,3083.0,1481.0,13.69764331,39.33312751,31.72789956,15.24132963,2292.8103,40.8129,252.810302734375,-7.187099456787109
40025,OK,Cimarron County,2233,381.0,0.1706,268.0,12.0,1603.0,1580.0,23.0,1.4,50900.0,226.0,516.0,307.0,486.0,14.72312704,33.61563518,20.0,31.66123779,297.50635,9.017278,29.50634765625,-2.982722282409668
40027,OK,Cleveland County,299484,37908.0,0.1266,50220.0,235.0,149727.0,145867.0,3860.0,2.6,70923.0,14776.0,47290.0,61009.0,68104.0,7.728882356,24.73598042,31.91197778,35.62315945,49487.434,230.719,-732.56640625,-4.281005859375
40029,OK,Coal County,5291,1221.0,0.2308,926.0,5.0,2352.0,2274.0,78.0,3.3,44040.0,557.0,1479.0,929.0,600.0,15.62412342,41.48667602,26.05890603,16.83029453,736.09076,6.933014,-189.90924072265625,1.933013916015625
40031,OK,Comanche County,122225,17939.0,0.1468,16147.0,92.0,47985.0,46232.0,1753.0,3.7,55600.0,7404.0,25881.0,26269.0,18983.0,9.427403644,32.95389434,33.447929,24.17077301,15643.141,97.28928,-503.859375,5.289283752441406
40033,OK,Cotton County,5449,1014.0,0.1861,607.0,16.0,2711.0,2627.0,84.0,3.1,51036.0,566.0,1333.0,1143.0,806.0,14.70893971,34.64137214,29.7037422,20.94594595,599.6821,15.281411,-7.31787109375,-0.7185888290405273
40035,OK,Craig County,14176,2740.0,0.1933,2503.0,28.0,5944.0,5758.0,186.0,3.1,48922.0,1367.0,4058.0,3018.0,1475.0,13.78302077,40.91550716,30.42952208,14.87194999,1869.7441,25.222055,-633.255859375,-2.777944564819336
40037,OK,Creek County,72686,10554.0,0.1452,9726.0,77.0,31810.0,30683.0,1127.0,3.5,57545.0,4720.0,20003.0,15737.0,9124.0,9.519199742,40.34164247,31.73806066,18.40109713,9558.17,81.489624,-167.830078125,4.4896240234375
40039,OK,Custer County,28039,4169.0,0.1487,3703.0,42.0,15137.0,14734.0,403.0,2.7,54056.0,1924.0,4724.0,4446.0,5545.0,11.5631949,28.39112927,26.72035579,33.32532003,3791.3464,37.898922,88.346435546875,-4.101078033447266
40041,OK,Delaware County,41480,7158.0,0.1726,5356.0,82.0,20069.0,19473.0,596.0,3.0,54799.0,3769.0,11684.0,8792.0,5766.0,12.55872847,38.93239146,29.29592483,19.21295525,5469.435,74.42035,113.43505859375,-7.57965087890625
40043,OK,Dewey County,4404,611.0,0.1387,437.0,11.0,2998.0,2938.0,60.0,2.0,55444.0,212.0,1293.0,780.0,563.0,7.443820225,45.4002809,27.38764045,19.76825843,442.7743,9.4206,5.7742919921875,-1.5794000625610352
40045,OK,Ellis County,3683,544.0,0.1477,449.0,11.0,2113.0,2064.0,49.0,2.3,54087.0,306.0,968.0,805.0,519.0,11.77829099,37.25943033,30.98537336,19.97690531,420.02722,11.564907,-28.9727783203125,0.5649070739746094
40047,OK,Garfield County,61951,9431.0,0.1522,6667.0,90.0,26965.0,26177.0,788.0,2.9,55515.0,5040.0,14852.0,11496.0,9009.0,12.47617397,36.76510632,28.45755873,22.30116098,7272.6543,82.37874,605.654296875,-7.6212615966796875
40049,OK,Garvin County,25771,4272.0,0.1658,3141.0,48.0,12804.0,12432.0,372.0,2.9,49245.0,2138.0,7450.0,4657.0,3060.0,12.35481075,43.05114129,26.91129731,17.68275065,3142.903,47.280655,1.903076171875,-0.7193450927734375
40051,OK,Grady County,56648,8226.0,0.1452,7458.0,60.0,27613.0,26847.0,766.0,2.8,66930.0,3611.0,15022.0,11008.0,8331.0,9.509638681,39.56072896,28.98978194,21.93985042,7719.0415,60.931812,261.04150390625,0.9318122863769531
40053,OK,Grant County,4122,581.0,0.141,503.0,11.0,2796.0,2742.0,54.0,1.9,55657.0,254.0,1157.0,808.0,653.0,8.844011142,40.28551532,28.13370474,22.7367688,672.33075,8.014662,169.33074951171875,-2.9853382110595703
40055,OK,Greer County,5546,1062.0,0.1915,702.0,16.0,1853.0,1788.0,65.0,3.5,40545.0,729.0,1401.0,1247.0,608.0,18.293601,35.15683814,31.2923463,15.25721455,659.82587,13.830594,-42.17413330078125,-2.169405937194824
40057,OK,Harmon County,2416,617.0,0.2554,415.0,5.0,1217.0,1184.0,33.0,2.7,41170.0,282.0,590.0,559.0,278.0,16.50087771,34.52311293,32.70918666,16.2668227,278.27222,4.569035,-136.727783203125,-0.43096494674682617
40059,OK,Harper County,3165,331.0,0.1046,271.0,3.0,1816.0,1780.0,36.0,2.0,65228.0,271.0,657.0,680.0,584.0,12.36313869,29.97262774,31.02189781,26.64233577,279.45026,4.518527,8.45025634765625,1.5185270309448242
40061,OK,Haskell County,11667,2372.0,0.2033,1326.0,33.0,4202.0,4019.0,183.0,4.4,44536.0,1151.0,3300.0,2352.0,1222.0,14.34267913,41.12149533,29.30841121,15.22741433,1593.1633,26.87934,267.163330078125,-6.120660781860352
40063,OK,Hughes County,13434,2649.0,0.1972,1180.0,21.0,5175.0,4972.0,203.0,3.9,43773.0,1491.0,3760.0,2703.0,1415.0,15.91418508,40.13235137,28.8504643,15.10299925,1449.3562,21.07399,269.356201171875,0.0739898681640625
40065,OK,Jackson County,24659,4032.0,0.1635,3576.0,23.0,10824.0,10525.0,299.0,2.8,53513.0,2123.0,4311.0,5626.0,3850.0,13.34380893,27.09616593,35.36140792,24.19861722,3384.8396,25.802046,-191.160400390625,2.8020458221435547
40067,OK,Jefferson County,5408,1132.0,0.2093,543.0,10.0,2515.0,2436.0,79.0,3.1,44188.0,556.0,1547.0,976.0,575.0,15.21620142,42.33716475,26.7104543,15.73617953,581.9677,7.951388,38.96771240234375,-2.048612117767334
40069,OK,Johnston County,10346,2080.0,0.201,1730.0,18.0,3881.0,3738.0,143.0,3.7,48452.0,853.0,2495.0,2029.0,1459.0,12.47805734,36.49795202,29.68110006,21.34289058,1325.5886,16.743736,-404.411376953125,-1.2562637329101562
40071,OK,Kay County,43738,6820.0,0.1559,6785.0,66.0,18735.0,18075.0,660.0,3.5,53066.0,2745.0,10254.0,10617.0,5369.0,9.470415732,35.3769191,36.62929101,18.52337416,6872.545,64.36042,87.544921875,-1.6395797729492188
40073,OK,Kingfisher County,15228,1803.0,0.1184,1978.0,15.0,9022.0,8841.0,181.0,2.0,73023.0,971.0,4139.0,2513.0,2254.0,9.83092032,41.90543687,25.44294826,22.82069454,1765.4501,14.923531,-212.5499267578125,-0.07646942138671875
40075,OK,Kiowa County,8480,1872.0,0.2208,1083.0,11.0,3692.0,3572.0,120.0,3.3,44959.0,815.0,1909.0,2040.0,1076.0,13.95547945,32.68835616,34.93150685,18.42465753,972.00336,11.1816435,-110.99664306640625,0.18164348602294922
40077,OK,Latimer County,9556,1930.0,0.202,1004.0,22.0,3175.0,2995.0,180.0,5.7,42409.0,998.0,2565.0,2281.0,679.0,15.29970872,39.32239767,34.96857274,10.40932086,1096.378,19.232264,92.3780517578125,-2.7677364349365234
40079,OK,Le Flore County,49002,8966.0,0.183,6353.0,116.0,19773.0,19035.0,738.0,3.7,47026.0,4801.0,13397.0,9678.0,4853.0,14.66894803,40.93311742,29.57010602,14.82782853,6247.0728,105.14669,-105.92724609375,-10.853309631347656
40081,OK,Lincoln County,34134,5189.0,0.152,4309.0,29.0,16368.0,15863.0,505.0,3.1,54922.0,2564.0,9786.0,7432.0,3621.0,10.95586036,41.8151519,31.7566124,15.47237534,4420.987,35.92786,111.98681640625,6.927860260009766
40083,OK,Logan County,51924,6069.0,0.1169,6526.0,47.0,23590.0,22946.0,644.0,2.7,76331.0,2829.0,10997.0,10002.0,10436.0,8.256479103,32.09491011,29.19098763,30.45762316,5179.8174,42.06889,-1346.1826171875,-4.931110382080078
40085,OK,Love County,10174,1363.0,0.134,1740.0,28.0,5920.0,5777.0,143.0,2.4,64723.0,1010.0,2508.0,2244.0,1095.0,14.72947353,36.575762,32.72568179,15.96908269,1148.3411,21.488104,-591.658935546875,-6.511896133422852
40087,OK,McClain County,45410,4499.0,0.0991,6084.0,37.0,21136.0,20567.0,569.0,2.7,75474.0,3331.0,9141.0,8640.0,8228.0,11.35310157,31.15541922,29.44785276,28.04362645,5529.19,38.808834,-554.81005859375,1.8088340759277344
40089,OK,McCurtain County,30773,6395.0,0.2078,3557.0,103.0,16053.0,15408.0,645.0,4.0,44465.0,2902.0,8428.0,5821.0,3150.0,14.29486232,41.5151963,28.67346436,15.51647702,3654.5176,88.73978,97.517578125,-14.260223388671875
40091,OK,McIntosh County,19403,4013.0,0.2068,2526.0,23.0,7351.0,6988.0,363.0,4.9,43700.0,1889.0,5944.0,4252.0,2040.0,13.37345133,42.08141593,30.10265487,14.44247788,2844.8923,37.05736,318.892333984375,14.057361602783203
40093,OK,Major County,7536,900.0,0.1194,1104.0,7.0,3827.0,3736.0,91.0,2.4,63840.0,514.0,2216.0,1541.0,935.0,9.873223204,42.56626969,29.60046101,17.9600461,973.96893,8.790696,-130.03106689453125,1.790696144104004
40095,OK,Marshall County,15921,2413.0,0.1516,2506.0,44.0,7463.0,7233.0,230.0,3.1,51341.0,1651.0,4072.0,3242.0,1828.0,15.29695173,37.72815714,30.03798758,16.93690355,2080.4263,37.204494,-425.57373046875,-6.795505523681641
40097,OK,Mayes County,39570,6977.0,0.1763,5377.0,43.0,19954.0,19323.0,631.0,3.2,50174.0,2886.0,10676.0,9066.0,4458.0,10.6549509,39.41519604,33.47116592,16.45868714,5469.6206,42.334023,92.62060546875,-0.6659774780273438
40099,OK,Murray County,13681,1783.0,0.1303,2304.0,27.0,6179.0,5989.0,190.0,3.1,60307.0,1364.0,3981.0,2534.0,1706.0,14.2305686,41.53364632,26.43714137,17.79864371,1585.9325,17.47229,-718.0675048828125,-9.5277099609375
40101,OK,Muskogee County,66307,11939.0,0.1801,9486.0,96.0,29120.0,28103.0,1017.0,3.5,53035.0,5762.0,15111.0,14972.0,8424.0,13.01588019,34.13449592,33.82050645,19.02911744,9440.026,93.84037,-45.9736328125,-2.1596298217773438
40103,OK,Noble County,10845,1278.0,0.1178,1511.0,14.0,5877.0,5748.0,129.0,2.2,61415.0,673.0,2660.0,2682.0,1530.0,8.919814447,35.25513585,35.54671968,20.27833002,1265.6608,15.946917,-245.3392333984375,1.9469165802001953
40105,OK,Nowata County,9413,1476.0,0.1568,1211.0,13.0,4753.0,4616.0,137.0,2.9,54339.0,627.0,2722.0,2098.0,1072.0,9.618039577,41.75487038,32.18285013,16.44423991,1028.9467,13.452798,-182.0533447265625,0.45279788970947266
40107,OK,Okfuskee County,11227,2395.0,0.2133,1635.0,20.0,4466.0,4288.0,178.0,4.0,43544.0,1318.0,3220.0,2314.0,1033.0,16.71528218,40.83703234,29.34686113,13.10082435,1645.8654,18.673672,10.8653564453125,-1.3263282775878906
40109,OK,Oklahoma County,803103,125992.0,0.1569,108452.0,667.0,401978.0,390008.0,11970.0,3.0,61580.0,60044.0,125926.0,152675.0,183108.0,11.50812741,24.13517507,29.26193045,35.09476706,107896.62,667.1078,-555.3828125,0.1077880859375
40111,OK,Okmulgee County,37011,6844.0,0.1849,4789.0,56.0,15774.0,15106.0,668.0,4.2,45754.0,2926.0,8481.0,9068.0,4283.0,11.81840213,34.25559415,36.62654496,17.29945876,5209.1167,57.540524,420.11669921875,1.5405235290527344
40113,OK,Osage County,45852,6270.0,0.1367,5795.0,45.0,20774.0,20018.0,756.0,3.6,58677.0,3424.0,11900.0,10401.0,7045.0,10.44858102,36.31370156,31.73939579,21.49832164,5744.2393,47.963547,-50.7607421875,2.9635467529296875
40115,OK,Ottawa County,30329,5806.0,0.1914,4646.0,47.0,15209.0,14776.0,433.0,2.8,47855.0,2509.0,6940.0,7263.0,2942.0,12.76584919,35.31087819,36.95430956,14.96896306,4323.809,43.22817,-322.19091796875,-3.771831512451172
40117,OK,Pawnee County,15681,2618.0,0.167,2016.0,18.0,7455.0,7181.0,274.0,3.7,54690.0,1319.0,4721.0,3051.0,1773.0,12.1410162,43.45544919,28.08357879,16.31995582,2035.8236,23.278147,19.8236083984375,5.278146743774414
40119,OK,Payne County,82701,14232.0,0.1721,9660.0,62.0,39340.0,38230.0,1110.0,2.8,51236.0,3052.0,12092.0,11638.0,17933.0,6.825450073,27.04237951,26.02706027,40.10511014,9901.694,62.71035,241.6943359375,0.7103500366210938
40121,OK,Pittsburg County,43476,7068.0,0.1626,6153.0,70.0,16501.0,15784.0,717.0,4.3,47930.0,3870.0,10854.0,9684.0,5991.0,12.73068193,35.70512188,31.85631106,19.70788513,6125.123,69.136475,-27.876953125,-0.863525390625
40123,OK,Pontotoc County,38032,5262.0,0.1384,8297.0,59.0,19621.0,19073.0,548.0,2.8,56077.0,2408.0,8135.0,7182.0,7500.0,9.546085233,32.24975223,28.47175421,29.73240833,7068.1025,55.278687,-1228.8974609375,-3.7213134765625
40125,OK,Pottawatomie County,73351,13444.0,0.1833,12427.0,89.0,33515.0,32347.0,1168.0,3.5,52695.0,5575.0,17142.0,15733.0,10220.0,11.45469488,35.22087528,32.32586809,20.99856174,11687.323,91.30875,-739.6767578125,2.308746337890625
40127,OK,Pushmataha County,10709,2344.0,0.2189,1281.0,20.0,4610.0,4430.0,180.0,3.9,39267.0,1126.0,3319.0,2169.0,1107.0,14.58360316,42.98665976,28.09221603,14.33752105,1035.4573,19.180716,-245.542724609375,-0.8192844390869141
40129,OK,Roger Mills County,3337,538.0,0.1612,386.0,8.0,1815.0,1773.0,42.0,2.3,55183.0,150.0,839.0,787.0,557.0,6.429489927,35.96228033,33.73339048,23.87483926,351.39124,6.836268,-34.6087646484375,-1.1637320518493652
40131,OK,Rogers County,99060,10019.0,0.1011,13345.0,93.0,46016.0,44665.0,1351.0,2.9,72952.0,5186.0,21868.0,22227.0,16959.0,7.82910628,33.01328502,33.55525362,25.60235507,13527.739,95.33785,182.7392578125,2.3378524780273438
40133,OK,Seminole County,23464,5672.0,0.2417,3282.0,37.0,9327.0,8934.0,393.0,4.2,44114.0,2308.0,5836.0,5154.0,2369.0,14.73160146,37.25027127,32.8971724,15.12095487,3232.8096,33.23975,-49.1904296875,-3.7602500915527344
40135,OK,Sequoyah County,39801,8282.0,0.2081,5525.0,98.0,17000.0,16408.0,592.0,3.5,47450.0,4193.0,10344.0,8386.0,4093.0,15.52043234,38.28842168,31.04086467,15.15028131,5795.3896,55.349785,270.3896484375,-42.65021514892578
40137,OK,Stephens County,43616,8361.0,0.1917,4781.0,60.0,19363.0,18733.0,630.0,3.3,55309.0,3525.0,12289.0,8454.0,5875.0,11.69425737,40.76900109,28.04631258,19.49042896,5412.8315,59.182545,631.83154296875,-0.8174552917480469
40139,OK,Texas County,20505,2543.0,0.124,2191.0,35.0,12011.0,11794.0,217.0,1.8,60719.0,3163.0,3664.0,2735.0,3089.0,25.00197613,28.96213738,21.61884436,24.41704213,1968.7362,21.920382,-222.2637939453125,-13.079618453979492
40141,OK,Tillman County,6971,1446.0,0.2074,705.0,19.0,2954.0,2854.0,100.0,3.4,44333.0,865.0,1798.0,1210.0,809.0,18.47501068,38.40239214,25.84365656,17.27894062,886.68854,15.457687,181.68853759765625,-3.5423126220703125
40143,OK,Tulsa County,677061,102568.0,0.1515,89096.0,535.0,330103.0,320002.0,10101.0,3.1,63442.0,45172.0,110884.0,137207.0,149170.0,10.20990749,25.06232582,31.01192723,33.71583946,89257.25,541.4813,161.25,6.4813232421875
40145,OK,Wagoner County,86697,7946.0,0.0917,12644.0,76.0,39612.0,38406.0,1206.0,3.0,73851.0,4780.0,17728.0,19748.0,15518.0,8.27361789,30.68508326,34.18146571,26.85983314,12067.829,76.90197,-576.1708984375,0.9019699096679688
40147,OK,Washington County,53238,7268.0,0.1365,6121.0,68.0,22587.0,21836.0,751.0,3.3,61704.0,3054.0,11920.0,9970.0,10925.0,8.514315983,33.23203881,27.79558951,30.4580557,6452.186,59.028797,331.18603515625,-8.971202850341797
40149,OK,Washita County,10736,1825.0,0.17,1431.0,31.0,5303.0,5140.0,163.0,3.1,54789.0,828.0,2960.0,2150.0,1520.0,11.10217216,39.68892464,28.82810405,20.38079914,1502.7213,24.700834,71.7213134765625,-6.299165725708008
40151,OK,Woods County,8602,1300.0,0.1511,897.0,15.0,4673.0,4583.0,90.0,1.9,54020.0,612.0,1699.0,1304.0,1743.0,11.42217245,31.70959313,24.33743934,32.53079507,948.65155,13.968498,51.65155029296875,-1.0315017700195312
40153,OK,Woodward County,20015,2744.0,0.1371,1863.0,31.0,8695.0,8436.0,259.0,3.0,61248.0,1648.0,5226.0,3861.0,2961.0,12.03271028,38.15712617,28.19071262,21.61945093,2324.3586,23.915539,461.358642578125,-7.084461212158203
41001,OR,Baker County,16937,2570.0,0.1517,1456.0,27.0,7368.0,7037.0,331.0,4.5,54382.0,954.0,3437.0,4763.0,3381.0,7.610690068,27.41922617,37.9976067,26.97247706,2211.9277,20.090816,755.927734375,-6.909183502197266
41003,OR,Benton County,97661,16365.0,0.1676,14691.0,46.0,48739.0,47108.0,1631.0,3.3,70117.0,2370.0,8347.0,16416.0,32313.0,3.98681156,14.04131481,27.6149783,54.35689533,14734.715,44.62449,43.71484375,-1.3755111694335938
41005,OR,Clackamas County,423118,34381.0,0.0813,46914.0,341.0,225320.0,217242.0,8078.0,3.6,96915.0,16137.0,64347.0,102133.0,120172.0,5.329453844,21.25143252,33.7307498,39.68836384,47204.59,337.74695,290.58984375,-3.2530517578125
41007,OR,Clatsop County,41652,5342.0,0.1283,3271.0,25.0,19531.0,18743.0,788.0,4.0,63667.0,2225.0,7986.0,12705.0,8177.0,7.1559515,25.68423761,40.86128711,26.29852378,3237.9744,28.090065,-33.025634765625,3.0900650024414062
41009,OR,Columbia County,53607,5957.0,0.1111,5225.0,53.0,24960.0,23828.0,1132.0,4.5,77572.0,3708.0,12670.0,14828.0,7403.0,9.603978347,32.81618276,38.40555311,19.17428579,5278.1323,55.370926,53.13232421875,2.3709259033203125
41011,OR,Coos County,64923,10552.0,0.1625,8170.0,65.0,26391.0,25083.0,1308.0,5.0,55983.0,4397.0,14957.0,18988.0,10621.0,8.980250393,30.54755632,38.78030349,21.69188979,8124.432,71.45056,-45.56787109375,6.4505615234375
41013,OR,Crook County,26377,2786.0,0.1056,4096.0,35.0,11182.0,10608.0,574.0,5.1,69563.0,1695.0,6054.0,7061.0,4306.0,8.866917765,31.6698054,36.93764386,22.52563298,3782.796,33.411823,-313.2041015625,-1.5881767272949219
41015,OR,Curry County,23613,3266.0,0.1383,2482.0,27.0,9165.0,8698.0,467.0,5.1,54595.0,1812.0,5189.0,7549.0,4641.0,9.441925903,27.03871606,39.33614715,24.18321088,2702.6519,27.95716,220.65185546875,0.9571609497070312
41017,OR,Deschutes County,206483,19627.0,0.0951,34351.0,157.0,102623.0,98610.0,4013.0,3.9,84281.0,7891.0,29183.0,48179.0,65280.0,5.242039951,19.38644683,32.00560674,43.36590648,33892.36,154.4555,-458.640625,-2.54449462890625
41019,OR,Douglas County,112290,18753.0,0.167,11259.0,137.0,47438.0,45091.0,2347.0,4.9,55837.0,6962.0,26532.0,33914.0,15757.0,8.371310046,31.90284374,40.77917393,18.94667228,11442.115,138.87216,183.115234375,1.872161865234375
41021,OR,Gilliam County,2008,223.0,0.1111,121.0,2.0,969.0,933.0,36.0,3.7,69038.0,194.0,457.0,534.0,314.0,12.94196131,30.48699133,35.62374917,20.9472982,77.60146,0.6448394,-43.398536682128906,-1.3551605939865112
41023,OR,Grant County,7225,1106.0,0.1531,1036.0,9.0,3204.0,3018.0,186.0,5.8,58348.0,585.0,1790.0,2155.0,1108.0,10.37601987,31.74884711,38.22277403,19.65235899,1113.3466,11.267515,77.3465576171875,2.267515182495117
41025,OR,Harney County,7532,1095.0,0.1454,687.0,7.0,3763.0,3589.0,174.0,4.6,56001.0,455.0,2078.0,2157.0,869.0,8.184925346,37.38082389,38.8019428,15.63230797,801.0092,8.6518755,114.00921630859375,1.6518754959106445
41027,OR,Hood River County,24035,2408.0,0.1002,2250.0,11.0,14273.0,13793.0,480.0,3.4,75818.0,2634.0,3236.0,4249.0,6574.0,15.77906907,19.38537111,25.45378302,39.38177679,3138.4114,19.081848,888.411376953125,8.08184814453125
41029,OR,Jackson County,221669,27349.0,0.1234,26791.0,221.0,105908.0,101237.0,4671.0,4.4,68239.0,13993.0,41819.0,55750.0,49152.0,8.706771034,26.02075737,34.68895056,30.58352104,26852.69,218.18114,61.689453125,-2.8188629150390625
41031,OR,Jefferson County,25324,2911.0,0.115,4468.0,34.0,10208.0,9676.0,532.0,5.2,65600.0,1964.0,5465.0,6487.0,3484.0,11.28735632,31.40804598,37.2816092,20.02298851,4125.909,33.19199,-342.0908203125,-0.8080101013183594
41033,OR,Josephine County,87800,15571.0,0.1773,9480.0,125.0,36322.0,34411.0,1911.0,5.3,54983.0,6416.0,20605.0,25739.0,12955.0,9.763372137,31.35509397,39.16761774,19.71391615,9704.092,124.409485,224.091796875,-0.59051513671875
41035,OR,Klamath County,70190,10752.0,0.1532,8119.0,83.0,30074.0,28373.0,1701.0,5.7,54961.0,5139.0,16575.0,17026.0,10618.0,10.41168605,33.58118238,34.4949147,21.51221686,8262.623,86.29038,143.623046875,3.2903823852539062
41037,OR,Lake County,8373,1291.0,0.1542,562.0,11.0,3661.0,3473.0,188.0,5.1,54707.0,661.0,2079.0,2124.0,1282.0,10.75496258,33.82687927,34.55906281,20.85909535,850.3432,15.269464,288.34320068359375,4.269463539123535
41039,OR,Lane County,382181,56320.0,0.1474,44952.0,298.0,182468.0,174653.0,7815.0,4.3,64192.0,18301.0,60882.0,98476.0,89228.0,6.857209231,22.81190167,36.89801302,33.43287609,50716.746,389.7546,5764.74609375,91.75460815429688
41041,OR,Lincoln County,50752,7756.0,0.1528,5092.0,51.0,20917.0,19899.0,1018.0,4.9,57216.0,3262.0,9443.0,15456.0,11397.0,8.246119622,23.87127762,39.07174276,28.81086,5271.524,51.992947,179.52392578125,0.9929466247558594
41043,OR,Linn County,130622,16554.0,0.1267,16583.0,109.0,61099.0,58440.0,2659.0,4.4,67265.0,7941.0,26427.0,37808.0,18926.0,8.716603368,29.00814472,41.50073544,20.77451648,16624.502,109.96602,41.501953125,0.9660186767578125
41045,OR,Malheur County,31858,5681.0,0.1783,3425.0,30.0,12695.0,12176.0,519.0,4.1,49380.0,3353.0,6650.0,7504.0,3201.0,16.19180993,32.11319297,36.23720301,15.45779409,3439.3662,31.813944,14.3662109375,1.813943862915039
41047,OR,Marion County,346719,45903.0,0.1324,43791.0,270.0,168836.0,162048.0,6788.0,4.0,70861.0,32364.0,58325.0,81032.0,60279.0,13.95,25.14008621,34.92758621,25.98232759,43756.605,266.3207,-34.39453125,-3.679290771484375
41049,OR,Morrow County,12292,1637.0,0.1332,1269.0,12.0,5984.0,5753.0,231.0,3.9,67524.0,1828.0,2490.0,2557.0,746.0,23.9863535,32.67287758,33.55202729,9.788741635,1275.7041,10.680395,6.7041015625,-1.3196048736572266
41051,OR,Multnomah County,794563,94900.0,0.1194,101462.0,525.0,465107.0,447900.0,17207.0,3.7,79432.0,46289.0,98875.0,161856.0,290508.0,7.746749943,16.54734171,27.08760092,48.61830743,101663.734,525.9682,201.734375,0.96820068359375
41053,OR,Polk County,89593,11158.0,0.1245,11109.0,49.0,42362.0,40678.0,1684.0,4.0,77156.0,4779.0,13892.0,21792.0,17868.0,8.192899145,23.81580978,37.35920865,30.63208243,10854.183,54.110012,-254.8173828125,5.110012054443359
41055,OR,Sherman County,1947,259.0,0.133,184.0,3.0,955.0,925.0,30.0,3.1,71460.0,160.0,455.0,529.0,220.0,11.73020528,33.35777126,38.7829912,16.12903226,286.22168,0.7991319,102.2216796875,-2.2008681297302246
41057,OR,Tillamook County,27521,3256.0,0.1183,2516.0,26.0,12121.0,11617.0,504.0,4.2,64877.0,1979.0,5866.0,7890.0,5272.0,9.420669301,27.92402532,37.55890894,25.09639644,2685.0452,31.677345,169.045166015625,5.677345275878906
41059,OR,Umatilla County,80261,8917.0,0.1111,10231.0,61.0,37918.0,36279.0,1639.0,4.3,71012.0,8279.0,16888.0,18419.0,9563.0,15.57696288,31.77482173,34.65540274,17.99281266,10453.681,63.164745,222.6806640625,2.164745330810547
41061,OR,Union County,26165,3841.0,0.1468,2233.0,30.0,12089.0,11546.0,543.0,4.5,57091.0,1133.0,5789.0,6264.0,4375.0,6.451796595,32.9650931,35.66995046,24.91315984,2552.641,33.607906,319.64111328125,3.6079063415527344
41063,OR,Wallowa County,7650,908.0,0.1187,758.0,12.0,3595.0,3411.0,184.0,5.1,61648.0,399.0,1413.0,1745.0,2083.0,7.074468085,25.05319149,30.93971631,36.93262411,547.27795,10.409031,-210.7220458984375,-1.5909690856933594
41065,OR,Wasco County,26555,4160.0,0.1567,3261.0,29.0,13391.0,12846.0,545.0,4.1,60506.0,2462.0,5118.0,7153.0,4102.0,13.07140961,27.17281656,37.97717016,21.77860366,3031.0298,28.428991,-229.97021484375,-0.5710086822509766
41067,OR,Washington County,600086,45303.0,0.0755,73861.0,297.0,332525.0,321631.0,10894.0,3.3,98706.0,29803.0,71509.0,122735.0,196224.0,7.091376755,17.01497367,29.20377566,46.68987391,73929.93,289.92365,68.9296875,-7.07635498046875
41069,OR,Wheeler County,1435,228.0,0.1589,164.0,1.0,740.0,716.0,24.0,3.2,49716.0,99.0,370.0,452.0,236.0,8.556611927,31.9792567,39.06655143,20.39757995,159.92068,2.7233057,-4.079315185546875,1.7233057022094727
41071,OR,Yamhill County,108362,11015.0,0.1017,11716.0,93.0,56051.0,54013.0,2038.0,3.6,77969.0,7598.0,18984.0,25870.0,21677.0,10.24969985,25.60941062,34.89862267,29.24226686,11606.172,93.66795,-109.828125,0.6679534912109375
42001,PA,Adams County,105959,8731.0,0.0824,12057.0,132.0,54709.0,53012.0,1697.0,3.1,76554.0,6866.0,30052.0,18762.0,18329.0,9.277250064,40.60587226,25.35097083,24.76590685,13019.625,138.45476,962.625,6.4547576904296875
42003,PA,Allegheny County,1232605,135204.0,0.1097,151322.0,978.0,628783.0,604049.0,24734.0,3.9,71973.0,40798.0,228685.0,227844.0,403248.0,4.530216806,25.393221,25.29983622,44.77672598,158426.58,896.0366,7104.578125,-81.96337890625
42005,PA,Armstrong County,64704,7982.0,0.1234,5954.0,104.0,31006.0,29478.0,1528.0,4.9,57609.0,3365.0,23541.0,12448.0,9146.0,6.93814433,48.53814433,25.66597938,18.85773196,6147.6665,103.68744,193.66650390625,-0.31256103515625
42007,PA,Beaver County,165737,16640.0,0.1004,18077.0,208.0,81464.0,77384.0,4080.0,5.0,67135.0,6043.0,44648.0,37384.0,34755.0,4.919807865,36.34942604,30.43556134,28.29520475,18307.975,203.67676,230.974609375,-4.3232421875
42009,PA,Bedford County,47421,5913.0,0.1247,3793.0,59.0,24372.0,23352.0,1020.0,4.2,55517.0,3505.0,16890.0,8808.0,5707.0,10.04010312,48.38155256,25.23059295,16.34775136,3934.2534,61.231544,141.25341796875,2.2315444946289062
42011,PA,Berks County,431573,45310.0,0.105,45546.0,404.0,213323.0,204729.0,8594.0,4.0,72157.0,34165.0,108364.0,71601.0,79881.0,11.62031353,36.85712439,24.35317046,27.16939162,45943.656,404.57297,397.65625,0.572967529296875
42013,PA,Blair County,120734,15337.0,0.127,11244.0,172.0,58879.0,56422.0,2457.0,4.2,57884.0,5911.0,39403.0,20848.0,20990.0,6.782403158,45.21181384,23.92142464,24.08435836,11144.895,170.15588,-99.10546875,-1.8441162109375
42015,PA,Bradford County,59854,7360.0,0.123,9129.0,74.0,28122.0,27014.0,1108.0,3.9,63529.0,3801.0,19788.0,9931.0,9023.0,8.93448981,46.51293985,23.34344075,21.20912959,8645.782,72.52563,-483.2177734375,-1.4743728637695312
42017,PA,Bucks County,645557,37561.0,0.0582,58297.0,529.0,350406.0,337962.0,12444.0,3.6,105202.0,23823.0,128441.0,109156.0,204982.0,5.107825438,27.5386898,23.40384475,43.94964001,58325.027,528.59235,28.02734375,-0.40765380859375
42019,PA,Butler County,197368,16947.0,0.0859,20533.0,204.0,98291.0,94455.0,3836.0,3.9,81507.0,6084.0,44904.0,35289.0,54328.0,4.327015398,31.93627538,25.09796949,38.63873973,18561.197,175.78885,-1971.802734375,-28.211151123046875
42021,PA,Cambria County,131429,20467.0,0.1557,16518.0,179.0,55396.0,52625.0,2771.0,5.0,54612.0,6783.0,42090.0,24501.0,21907.0,7.118942916,44.17459934,25.71446563,22.99199211,16589.148,179.63918,71.1484375,0.6391754150390625
42023,PA,Cameron County,4406,571.0,0.1296,337.0,9.0,1935.0,1832.0,103.0,5.3,50338.0,315.0,1748.0,1037.0,393.0,9.018036072,50.04294303,29.68794732,11.25107358,422.48248,9.739405,85.48248291015625,0.7394046783447266
42025,PA,Carbon County,65493,6600.0,0.1008,7550.0,97.0,32481.0,30940.0,1541.0,4.7,64766.0,4694.0,21447.0,13213.0,8840.0,9.739801635,44.50139021,27.41627588,18.34253227,7630.0654,92.817154,80.0654296875,-4.1828460693359375
42027,PA,Centre County,157533,22171.0,0.1407,16444.0,96.0,78275.0,75657.0,2618.0,3.3,67654.0,5293.0,27750.0,19135.0,45345.0,5.42743763,28.45482604,19.62101248,46.49672385,22660.684,88.46997,6216.68359375,-7.530029296875
42029,PA,Chester County,546638,29965.0,0.0548,46428.0,318.0,294834.0,286041.0,8793.0,3.0,117326.0,18906.0,71857.0,70604.0,210289.0,5.086962137,19.33427686,18.99713714,56.58162387,47007.824,320.36557,579.82421875,2.365570068359375
42031,PA,Clarion County,37227,4821.0,0.1295,3122.0,46.0,16129.0,15351.0,778.0,4.8,57844.0,2283.0,11650.0,5526.0,5907.0,9.000236537,45.92761965,21.78506662,23.28707719,3413.4087,46.42665,291.40869140625,0.4266510009765625
42033,PA,Clearfield County,77824,8635.0,0.111,8973.0,128.0,35419.0,33663.0,1756.0,5.0,59318.0,5633.0,27368.0,14071.0,11810.0,9.566590809,46.47939948,23.89694644,20.05706328,8996.674,124.07405,23.673828125,-3.9259490966796875
42035,PA,Clinton County,37776,4650.0,0.1231,4016.0,35.0,17051.0,16205.0,846.0,5.0,58892.0,2581.0,11446.0,5656.0,5324.0,10.32111009,45.77118407,22.61766705,21.29003879,3932.5405,38.21514,-83.45947265625,3.2151412963867188
42037,PA,Columbia County,65289,8498.0,0.1302,7782.0,81.0,33868.0,32451.0,1417.0,4.2,59127.0,3591.0,19655.0,9686.0,10906.0,8.191523336,44.83553082,22.09498609,24.87795976,7861.2446,79.284904,79.24462890625,-1.7150955200195312
42039,PA,Crawford County,82405,10976.0,0.1332,8781.0,94.0,37890.0,36199.0,1691.0,4.5,54774.0,5279.0,27538.0,13519.0,12484.0,8.97483849,46.81740904,22.98367902,21.22407344,8882.262,98.61653,101.26171875,4.6165313720703125
42041,PA,Cumberland County,268532,20090.0,0.0748,24224.0,235.0,134905.0,130606.0,4299.0,3.2,81295.0,12049.0,56350.0,42807.0,72797.0,6.5482628,30.62450069,23.2642946,39.56294191,24539.441,232.43733,315.44140625,-2.5626678466796875
42043,PA,Dauphin County,288687,34778.0,0.1205,26183.0,293.0,145887.0,140459.0,5428.0,3.7,67813.0,17000.0,64001.0,50105.0,68415.0,8.520406373,32.07732519,25.11264478,34.28962365,27754.637,248.06755,1571.63671875,-44.93244934082031
42045,PA,Delaware County,575873,53893.0,0.0936,55957.0,439.0,299925.0,288308.0,11617.0,3.9,83856.0,25164.0,106929.0,97330.0,163404.0,6.405873323,27.22037945,24.77681015,41.59693707,56826.152,439.1619,869.15234375,0.161895751953125
42047,PA,Elk County,30467,3009.0,0.0988,2984.0,39.0,14669.0,14000.0,669.0,4.6,57570.0,1477.0,11062.0,5676.0,4538.0,6.491451677,48.61776469,24.94616095,19.94462269,3015.5032,40.20929,31.503173828125,1.20928955078125
42049,PA,Erie County,268840,38149.0,0.1419,28197.0,238.0,125838.0,120023.0,5815.0,4.6,56489.0,13831.0,69954.0,47426.0,55240.0,7.418034765,37.51870465,25.43617358,29.62708701,28162.256,240.3662,-34.744140625,2.3661956787109375
42051,PA,Fayette County,125368,21097.0,0.1683,14955.0,202.0,54802.0,51670.0,3132.0,5.7,51494.0,9402.0,44466.0,22031.0,17723.0,10.04251138,47.49524684,23.53186217,18.93037961,13880.025,198.6154,-1074.974609375,-3.3845977783203125
42053,PA,Forest County,6603,1038.0,0.1572,651.0,4.0,1706.0,1603.0,103.0,6.0,43362.0,854.0,3068.0,1306.0,720.0,14.35776732,51.58036315,21.95696032,12.10490921,1160.2982,16.50795,509.2982177734375,12.507949829101562
42055,PA,Franklin County,156951,13339.0,0.085,19976.0,225.0,77884.0,75200.0,2684.0,3.4,73709.0,10317.0,47881.0,25846.0,26471.0,9.335384337,43.32534045,23.38687056,23.95240465,19885.855,180.36009,-90.14453125,-44.63990783691406
42057,PA,Fulton County,14554,1608.0,0.1105,1806.0,22.0,7208.0,6930.0,278.0,3.9,64405.0,1138.0,5139.0,2533.0,1820.0,10.70555033,48.34430856,23.82878645,17.12135466,1803.8608,19.8407,-2.13916015625,-2.159299850463867
42059,PA,Greene County,34529,4164.0,0.1206,3983.0,53.0,15525.0,14755.0,770.0,5.0,63082.0,2552.0,11223.0,6198.0,5342.0,10.08097966,44.33339917,24.4835078,21.10211337,4034.1326,50.153122,51.132568359375,-2.8468780517578125
42061,PA,Huntingdon County,43297,5036.0,0.1163,5002.0,68.0,19258.0,18248.0,1010.0,5.2,58170.0,2960.0,15944.0,7137.0,5790.0,9.29911093,50.08953536,22.42153875,18.18981496,4938.358,67.02327,-63.64208984375,-0.9767303466796875
42063,PA,Indiana County,83064,10759.0,0.1295,8680.0,88.0,36691.0,34879.0,1812.0,4.9,53040.0,4158.0,21854.0,13794.0,14662.0,7.633840053,40.12264082,25.32496145,26.91855769,8611.165,85.23105,-68.8349609375,-2.768951416015625
42065,PA,Jefferson County,43731,5738.0,0.1312,3945.0,75.0,19526.0,18645.0,881.0,4.5,54248.0,2709.0,16256.0,7022.0,5509.0,8.601092202,51.61290323,22.29489459,17.49110998,4949.8154,55.624306,1004.8154296875,-19.375694274902344
42067,PA,Juniata County,23281,2555.0,0.1097,1795.0,44.0,12459.0,11962.0,497.0,4.0,62661.0,2752.0,8058.0,3160.0,2465.0,16.74475205,49.02951019,19.2272589,14.99847886,2773.1362,34.234108,978.13623046875,-9.765892028808594
42069,PA,Lackawanna County,215750,27211.0,0.1261,26457.0,270.0,104935.0,100315.0,4620.0,4.4,61168.0,12732.0,53977.0,39734.0,45914.0,8.356688567,35.42797508,26.07953688,30.13579947,25628.979,240.5417,-828.021484375,-29.458297729492188
42071,PA,Lancaster County,556660,48929.0,0.0879,52742.0,478.0,289525.0,280002.0,9523.0,3.3,82434.0,48520.0,130089.0,81986.0,116943.0,12.85168645,34.45719371,21.71595972,30.97516012,52446.42,480.26892,-295.578125,2.2689208984375
42073,PA,Lawrence County,84812,10521.0,0.1241,7954.0,116.0,39277.0,37299.0,1978.0,5.0,58730.0,4689.0,26610.0,16214.0,14016.0,7.620796697,43.24789936,26.35180159,22.77950235,8267.408,115.777695,313.408203125,-0.2223052978515625
42075,PA,Lebanon County,143902,15850.0,0.1101,16425.0,158.0,73340.0,70790.0,2550.0,3.5,69490.0,11845.0,41242.0,22265.0,23733.0,11.9543826,41.62284907,22.47060605,23.95216228,17371.797,170.16841,946.796875,12.168411254882812
42077,PA,Lehigh County,376274,41650.0,0.1107,43701.0,295.0,196923.0,188905.0,8018.0,4.1,72590.0,25012.0,82865.0,63793.0,86009.0,9.706650523,32.15822787,24.75677102,33.37835058,43925.777,294.95474,224.77734375,-0.045257568359375
42079,PA,Luzerne County,326496,47930.0,0.1468,37197.0,469.0,157927.0,150080.0,7847.0,5.0,59358.0,21644.0,86188.0,66289.0,57994.0,9.324688193,37.13159425,28.55868858,24.98502897,37247.84,465.16904,50.83984375,-3.830963134765625
42081,PA,Lycoming County,113034,12939.0,0.1145,12155.0,137.0,54945.0,52510.0,2435.0,4.4,61729.0,7090.0,30753.0,22308.0,19836.0,8.86394039,38.44749772,27.88953205,24.79902984,12189.446,135.7106,34.4462890625,-1.289398193359375
42083,PA,McKean County,39819,5725.0,0.1438,3239.0,54.0,16871.0,16027.0,844.0,5.0,58112.0,2141.0,13390.0,7248.0,5819.0,7.48653752,46.82145605,25.34442968,20.34757675,3609.5154,53.954716,370.515380859375,-0.045284271240234375
42085,PA,Mercer County,109137,12979.0,0.1189,9275.0,106.0,47745.0,45520.0,2225.0,4.7,57702.0,6844.0,31854.0,20277.0,19738.0,8.694878864,40.4685376,25.76067486,25.07590868,9547.755,107.34558,272.7548828125,1.3455810546875
42087,PA,Mifflin County,45984,6660.0,0.1448,5423.0,63.0,20994.0,20061.0,933.0,4.4,57096.0,5058.0,15703.0,7280.0,4280.0,15.64926828,48.58451162,22.52405557,13.24216454,5555.81,63.185883,132.81005859375,0.185882568359375
42089,PA,Monroe County,167451,20227.0,0.1208,20088.0,162.0,82054.0,77663.0,4391.0,5.4,79824.0,11596.0,42466.0,32297.0,33384.0,9.684073391,35.46428601,26.97193155,27.87970904,23787.123,198.90356,3699.123046875,36.903564453125
42091,PA,Montgomery County,865044,55916.0,0.0646,81433.0,558.0,466300.0,451148.0,15152.0,3.2,106743.0,30977.0,133819.0,125403.0,317581.0,5.096745533,22.01767087,20.63295929,52.2526243,81452.36,559.1347,19.359375,1.13470458984375
42093,PA,Montour County,18054,1680.0,0.0931,2415.0,15.0,9216.0,8921.0,295.0,3.2,76229.0,952.0,4501.0,2948.0,4856.0,7.181111865,33.95187448,22.23730859,36.62970506,2154.1494,15.496008,-260.8505859375,0.49600791931152344
42095,PA,Northampton County,317900,32077.0,0.1009,37581.0,321.0,164085.0,157608.0,6477.0,3.9,75468.0,16308.0,73087.0,57660.0,74974.0,7.344986466,32.917772,25.96958055,33.76766098,37201.074,320.9248,-379.92578125,-0.0751953125
42097,PA,Northumberland County,90123,12222.0,0.1356,10522.0,103.0,42348.0,40399.0,1949.0,4.6,57822.0,6656.0,31760.0,15451.0,12778.0,9.987245855,47.65548803,23.18403481,19.1732313,10583.846,103.92669,61.845703125,0.9266891479492188
42099,PA,Perry County,46113,3968.0,0.086,3311.0,42.0,24665.0,23828.0,837.0,3.4,67834.0,3364.0,15386.0,8272.0,6176.0,10.13314055,46.34616543,24.91716368,18.60353033,3398.3062,42.016926,87.30615234375,0.016925811767578125
42101,PA,Philadelphia County,1566836,325746.0,0.2079,151612.0,1163.0,730158.0,693345.0,36813.0,5.0,56385.0,137248.0,324642.0,249868.0,377211.0,12.60348091,29.81186792,22.9453731,34.63927807,151603.69,1164.1353,-8.3125,1.13525390625
42103,PA,Pike County,60576,5417.0,0.0894,5671.0,94.0,25674.0,24320.0,1354.0,5.3,81886.0,3074.0,15174.0,13938.0,13064.0,6.793370166,33.53370166,30.80220994,28.87071823,5814.3584,89.13093,143.3583984375,-4.869071960449219
42105,PA,Potter County,16206,2399.0,0.148,1201.0,20.0,6886.0,6509.0,377.0,5.5,53935.0,1094.0,5577.0,3216.0,2036.0,9.175543068,46.77514048,26.97307725,17.0762392,1752.9521,20.406971,551.9521484375,0.4069709777832031
42107,PA,Schuylkill County,143188,16576.0,0.1158,14889.0,186.0,65860.0,62820.0,3040.0,4.6,63680.0,10425.0,46949.0,26904.0,19924.0,10.00460644,45.05575709,25.81908217,19.12055431,14932.747,185.39418,43.7470703125,-0.6058197021484375
42109,PA,Snyder County,39506,3635.0,0.092,3204.0,41.0,19718.0,18932.0,786.0,4.0,62382.0,4184.0,11461.0,5314.0,5714.0,15.68627451,42.96854497,19.92276834,21.42241218,3402.1975,38.921272,198.197509765625,-2.0787277221679688
42111,PA,Somerset County,72629,9781.0,0.1347,7638.0,102.0,32524.0,30883.0,1641.0,5.0,50516.0,5463.0,27087.0,12887.0,9495.0,9.945022937,49.31005607,23.45991408,17.28500692,7712.834,102.84211,74.833984375,0.8421096801757812
42113,PA,Sullivan County,5845,739.0,0.1264,540.0,10.0,2548.0,2422.0,126.0,4.9,59957.0,399.0,2388.0,1126.0,963.0,8.182936833,48.97456932,23.09269893,19.74979491,545.08203,12.827665,5.08203125,2.827665328979492
42115,PA,Susquehanna County,38139,4219.0,0.1106,3968.0,39.0,20233.0,19436.0,797.0,3.9,63413.0,2438.0,13239.0,7272.0,5654.0,8.523581443,46.28535468,25.42390658,19.76715729,3918.4292,40.812347,-49.57080078125,1.812347412109375
42117,PA,Tioga County,40967,4822.0,0.1177,3739.0,47.0,19050.0,18178.0,872.0,4.6,61190.0,2366.0,12863.0,7895.0,6324.0,8.034501494,43.68038576,26.80997012,21.47514262,3920.3943,46.83367,181.394287109375,-0.16632843017578125
42119,PA,Union County,42690,4022.0,0.0942,4292.0,26.0,19587.0,18881.0,706.0,3.6,65521.0,3883.0,12052.0,5521.0,7706.0,13.3152733,41.3277553,18.932172,26.4247994,4394.348,29.256678,102.34814453125,3.2566776275634766
42121,PA,Venango County,49734,6772.0,0.1362,4506.0,64.0,21386.0,20385.0,1001.0,4.7,52449.0,3150.0,17254.0,9490.0,7312.0,8.466376391,46.37424071,25.50663871,19.65274418,4610.0312,63.413998,104.03125,-0.5860023498535156
42123,PA,Warren County,37818,5002.0,0.1323,3781.0,53.0,17645.0,16878.0,767.0,4.3,56707.0,1714.0,13080.0,7890.0,5484.0,6.084919057,46.43567168,28.01050838,19.46890088,3682.1956,53.761234,-98.804443359375,0.7612342834472656
42125,PA,Washington County,209940,23615.0,0.1125,26444.0,193.0,104233.0,99759.0,4474.0,4.3,70751.0,9054.0,53562.0,39568.0,49842.0,5.955560233,35.23213135,26.02712694,32.78518148,23638.299,213.93568,-2805.701171875,20.935684204101562
42127,PA,Wayne County,51084,6205.0,0.1215,5163.0,58.0,22737.0,21664.0,1073.0,4.7,56973.0,3381.0,17083.0,10470.0,8516.0,8.570342205,43.30291508,26.53992395,21.58681876,5335.292,61.571342,172.2919921875,3.5713424682617188
42129,PA,Westmoreland County,351998,33697.0,0.0957,36870.0,388.0,174907.0,167456.0,7451.0,4.3,71152.0,12126.0,92727.0,74603.0,83845.0,4.605375597,35.21710894,28.33373212,31.84378335,36878.176,390.6034,8.17578125,2.6033935546875
42131,PA,Wyoming County,26024,2952.0,0.1134,2503.0,30.0,13504.0,12891.0,613.0,4.5,67643.0,1423.0,8581.0,4760.0,4044.0,7.565929392,45.62420247,25.30837941,21.50148873,2839.9875,30.849361,336.987548828125,0.8493614196777344
42133,PA,York County,461049,41364.0,0.0897,56349.0,425.0,238542.0,230106.0,8436.0,3.5,79938.0,27804.0,122457.0,84239.0,87663.0,8.630413797,38.01088269,26.14794374,27.21075977,43992.598,476.47443,-12356.40234375,51.47442626953125
44001,RI,Bristol County,50307,3277.0,0.0651,9511.0,34.0,26609.0,25922.0,687.0,2.6,101158.0,2306.0,7437.0,7429.0,18420.0,6.478984041,20.89514498,20.87266802,51.75320297,9472.302,34.741272,-38.6982421875,0.74127197265625
44003,RI,Kent County,171134,12518.0,0.0731,32470.0,125.0,93921.0,91231.0,2690.0,2.9,84230.0,9193.0,35928.0,38622.0,43713.0,7.212685162,28.18855134,30.30222194,34.29654155,31758.63,131.38776,-711.369140625,6.38775634765625
44005,RI,Newport County,84721,5831.0,0.0688,13943.0,76.0,45244.0,43986.0,1258.0,2.8,92795.0,2971.0,12524.0,14427.0,33807.0,4.661927851,19.65196378,22.63804547,53.04806289,13681.518,68.07563,-261.482421875,-7.924369812011719
44007,RI,Providence County,657424,88238.0,0.1342,129126.0,457.0,335461.0,323859.0,11602.0,3.5,74190.0,62869.0,131506.0,116362.0,147584.0,13.71724185,28.69299028,25.38875592,32.20101195,128456.99,455.9605,-669.0078125,-1.03948974609375
44009,RI,Washington County,130256,7993.0,0.0614,22908.0,73.0,70521.0,68590.0,1931.0,2.7,99015.0,4337.0,18467.0,22460.0,46143.0,4.744713206,20.20304791,24.57142232,50.48081657,22484.637,76.128044,-423.36328125,3.1280441284179688
45001,SC,Abbeville County,24338,4011.0,0.1648,3315.0,41.0,9475.0,9111.0,364.0,3.8,50325.0,2380.0,6462.0,5066.0,3332.0,13.80510441,37.48259861,29.38515081,19.32714617,2891.668,38.085052,-423.33203125,-2.914947509765625
45003,SC,Aiken County,174228,29144.0,0.1673,21325.0,289.0,73747.0,71447.0,2300.0,3.1,67728.0,12384.0,36211.0,35335.0,37801.0,10.17325086,29.74673666,29.02711717,31.05289532,21475.342,283.5496,150.341796875,-5.450408935546875
45005,SC,Allendale County,7418,2423.0,0.3266,970.0,14.0,2285.0,2157.0,128.0,5.6,35249.0,1139.0,2338.0,1366.0,745.0,20.38296349,41.83965641,24.4452398,13.3321403,1008.17474,12.084453,38.17474365234375,-1.9155473709106445
45007,SC,Anderson County,209652,31607.0,0.1508,27579.0,247.0,92055.0,89311.0,2744.0,3.0,62708.0,17393.0,43515.0,44177.0,37722.0,12.17937496,30.47119539,30.9347581,26.41467155,27763.414,240.43826,184.4140625,-6.561737060546875
45009,SC,Bamberg County,12950,3471.0,0.268,1900.0,12.0,4551.0,4303.0,248.0,5.4,37952.0,2068.0,2676.0,2518.0,1685.0,23.11389293,29.90946686,28.14351179,18.83312842,2015.2926,12.996005,115.2926025390625,0.9960050582885742
45011,SC,Barnwell County,20471,4222.0,0.2062,2558.0,17.0,7565.0,7215.0,350.0,4.6,45080.0,2671.0,5629.0,3835.0,1788.0,19.18408389,40.42950514,27.54435107,12.8420599,2893.065,30.01738,335.06494140625,13.017379760742188
45013,SC,Beaufort County,196147,18794.0,0.0958,23231.0,80.0,77029.0,74636.0,2393.0,3.1,83687.0,8050.0,29627.0,38867.0,62063.0,5.807787485,21.37482234,28.04115232,44.77623785,23927.676,89.74708,696.67578125,9.747077941894531
45015,SC,Berkeley County,244952,21513.0,0.0878,30787.0,151.0,110406.0,107041.0,3365.0,3.0,79259.0,15095.0,45833.0,51154.0,47902.0,9.435318532,28.64848985,31.97444744,29.94174417,25480.568,201.3893,-5306.431640625,50.38929748535156
45017,SC,Calhoun County,14197,2127.0,0.1498,1577.0,7.0,6451.0,6227.0,224.0,3.5,55642.0,1239.0,3661.0,3385.0,2305.0,11.69971671,34.57034939,31.96411709,21.76581681,1924.0709,14.701288,347.0709228515625,7.701288223266602
45019,SC,Charleston County,419350,47690.0,0.1137,62678.0,249.0,216613.0,210699.0,5914.0,2.7,79969.0,21220.0,55508.0,75643.0,146599.0,7.097702111,18.56641135,25.30120079,49.03468575,45808.332,287.7295,-16869.66796875,38.7294921875
45021,SC,Cherokee County,56121,9482.0,0.169,7109.0,62.0,24177.0,23188.0,989.0,4.1,50403.0,5573.0,14195.0,11609.0,7077.0,14.49264056,36.91423519,30.18931711,18.40380715,7819.9697,68.35622,710.9697265625,6.3562164306640625
45023,SC,Chester County,31993,5678.0,0.1775,5155.0,46.0,13429.0,12865.0,564.0,4.2,53488.0,3518.0,8985.0,6935.0,3097.0,15.61127136,39.87131129,30.77435101,13.74306634,4713.544,43.52886,-441.4560546875,-2.471141815185547
45025,SC,Chesterfield County,43741,8439.0,0.1929,6251.0,58.0,21493.0,20740.0,753.0,3.5,44574.0,5507.0,12568.0,8443.0,4033.0,18.02559654,41.13776963,27.6357566,13.20087722,5867.169,57.366394,-383.8310546875,-0.63360595703125
45027,SC,Clarendon County,30927,6008.0,0.1943,5004.0,34.0,12028.0,11541.0,487.0,4.0,46202.0,4088.0,8324.0,6214.0,3997.0,18.07010564,36.79441277,27.46762145,17.66786014,4726.093,37.980743,-277.9072265625,3.980743408203125
45029,SC,Colleton County,38580,7753.0,0.201,4939.0,33.0,15883.0,15332.0,551.0,3.5,47933.0,3897.0,10839.0,7762.0,4500.0,14.43440255,40.14741833,28.7502778,16.66790133,5457.521,41.61534,518.52099609375,8.615341186523438
45031,SC,Darlington County,62436,12842.0,0.2057,8703.0,97.0,29949.0,28898.0,1051.0,3.5,50427.0,5822.0,15812.0,13043.0,8507.0,13.48184513,36.61541312,30.20331604,19.69942571,8604.798,97.139305,-98.2021484375,0.13930511474609375
45033,SC,Dillon County,27747,8272.0,0.2981,4622.0,31.0,12869.0,12285.0,584.0,4.5,37752.0,3406.0,8140.0,4827.0,2167.0,18.37108954,43.90507012,26.03559871,11.68824164,4823.3325,31.544939,201.33251953125,0.5449390411376953
45035,SC,Dorchester County,166050,17484.0,0.1053,31412.0,145.0,80039.0,77734.0,2305.0,2.9,74730.0,9757.0,29151.0,39305.0,33468.0,8.73649054,26.10202273,35.19399003,29.96749671,29747.73,142.44748,-1664.26953125,-2.552520751953125
45037,SC,Edgefield County,26959,4048.0,0.1502,3341.0,40.0,10336.0,10002.0,334.0,3.2,61318.0,3574.0,6394.0,5468.0,4213.0,18.18922083,32.54109624,27.82838821,21.44129472,2564.8586,35.17967,-776.141357421875,-4.820331573486328
45039,SC,Fairfield County,20450,3644.0,0.1782,3734.0,17.0,9281.0,8849.0,432.0,4.7,50743.0,2369.0,5949.0,4679.0,2355.0,15.43121417,38.75065138,30.4781136,15.34002084,3243.894,25.691,-490.10595703125,8.690999984741211
45041,SC,Florence County,136740,27332.0,0.1999,20403.0,123.0,66429.0,64295.0,2134.0,3.2,52650.0,11362.0,30897.0,28462.0,21902.0,12.26693154,33.3578053,30.72886864,23.64639452,20221.896,128.27422,-181.103515625,5.2742156982421875
45043,SC,Georgetown County,64669,9713.0,0.1502,8621.0,72.0,26153.0,25184.0,969.0,3.7,59457.0,3942.0,13355.0,15614.0,15840.0,8.08598798,27.39430986,32.02806096,32.4916412,8781.435,70.017166,160.4345703125,-1.9828338623046875
45045,SC,Greenville County,547845,54179.0,0.0989,86502.0,526.0,261642.0,254376.0,7266.0,2.8,71833.0,34955.0,83855.0,101665.0,147181.0,9.507528777,22.80800531,27.6522075,40.03225842,84838.98,522.1474,-1663.0234375,-3.85260009765625
45047,SC,Greenwood County,69223,12235.0,0.1767,12220.0,81.0,29763.0,28675.0,1088.0,3.7,49867.0,5187.0,15314.0,14210.0,11922.0,11.12302447,32.83940557,30.47198336,25.5655866,11918.049,84.31609,-301.951171875,3.3160934448242188
45049,SC,Hampton County,18136,3665.0,0.2021,2565.0,12.0,7911.0,7685.0,226.0,2.9,43987.0,2305.0,5853.0,3465.0,1549.0,17.49924081,44.4351655,26.30580018,11.7597935,2229.7542,33.07961,-335.245849609375,21.079608917236328
45051,SC,Horry County,383147,46928.0,0.1225,50162.0,313.0,151771.0,145920.0,5851.0,3.9,61375.0,23868.0,86944.0,92393.0,73626.0,8.621866771,31.40688723,33.37523615,26.59600984,49953.684,314.13895,-208.31640625,1.138946533203125
45053,SC,Jasper County,31986,5310.0,0.166,2856.0,25.0,13276.0,12875.0,401.0,3.0,61838.0,2202.0,7631.0,6751.0,5805.0,9.835186922,34.08370182,30.15320023,25.92791103,3150.9368,26.943607,294.936767578125,1.9436073303222656
45055,SC,Kershaw County,67850,8257.0,0.1217,13326.0,55.0,29556.0,28599.0,957.0,3.2,61015.0,5032.0,15512.0,15276.0,10595.0,10.84132285,33.42023053,32.91177421,22.82667241,11638.345,70.264206,-1687.6552734375,15.264205932617188
45057,SC,Lancaster County,104724,10876.0,0.1039,12776.0,77.0,43866.0,42310.0,1556.0,3.5,70113.0,7986.0,20205.0,21951.0,22733.0,10.95849057,27.72555746,30.12144082,31.19451115,12780.745,78.36139,4.7451171875,1.36138916015625
45059,SC,Laurens County,67951,11924.0,0.1755,9699.0,71.0,30273.0,29263.0,1010.0,3.3,53847.0,7698.0,17590.0,13540.0,8447.0,16.28344791,37.20782655,28.64093072,17.86779482,9445.962,80.18241,-253.0380859375,9.182411193847656
45061,SC,Lee County,16161,4098.0,0.2536,2095.0,36.0,6421.0,6125.0,296.0,4.6,41583.0,2231.0,4943.0,3079.0,1503.0,18.97754338,42.04661449,26.19088125,12.78496087,2178.4497,34.38455,83.44970703125,-1.6154518127441406
45063,SC,Lexington County,305105,33295.0,0.1091,59694.0,198.0,152183.0,148158.0,4025.0,2.6,73022.0,17677.0,55489.0,66190.0,68974.0,8.485095762,26.63514616,31.77170835,33.10804973,58442.98,202.97835,-1251.01953125,4.9783477783203125
45065,SC,McCormick County,9741,1531.0,0.1572,1188.0,11.0,3447.0,3324.0,123.0,3.6,56636.0,1194.0,2767.0,2229.0,1857.0,14.83782776,34.38548527,27.69976389,23.07692308,1083.5044,12.961,-104.49560546875,1.9610004425048828
45067,SC,Marion County,28471,8923.0,0.3134,4563.0,36.0,12663.0,12050.0,613.0,4.8,37244.0,3230.0,9864.0,4310.0,2781.0,16.00198167,48.86797127,21.35248947,13.77755759,4626.7466,36.716877,63.74658203125,0.7168769836425781
45069,SC,Marlboro County,26006,6709.0,0.258,4327.0,51.0,8090.0,7557.0,533.0,6.6,39160.0,3495.0,9394.0,4383.0,1652.0,18.46861129,49.64066793,23.16106531,8.729655464,4656.7,50.814213,329.7001953125,-0.18578720092773438
45071,SC,Newberry County,38315,6384.0,0.1666,7725.0,61.0,19190.0,18664.0,526.0,2.7,55050.0,3575.0,8466.0,7884.0,6114.0,13.72940589,32.51276931,30.27766043,23.48016437,4395.9785,43.113033,-3329.021484375,-17.886966705322266
45073,SC,Oconee County,80160,13261.0,0.1654,11364.0,108.0,34437.0,33391.0,1046.0,3.0,61716.0,7531.0,17726.0,16597.0,16697.0,12.86229099,30.27446158,28.34622807,28.51701935,10800.211,78.12454,-563.7890625,-29.875457763671875
45075,SC,Orangeburg County,83101,19422.0,0.2337,12885.0,95.0,32982.0,31341.0,1641.0,5.0,42209.0,9426.0,18864.0,17264.0,10938.0,16.6855484,33.39233874,30.5600793,19.36203356,10250.959,112.60031,-2634.041015625,17.600311279296875
45077,SC,Pickens County,133470,19849.0,0.1487,22911.0,150.0,58341.0,56548.0,1793.0,3.1,55333.0,10710.0,25172.0,25183.0,22947.0,12.74817883,29.96238633,29.97547969,27.31395515,17036.768,128.22191,-5874.232421875,-21.778091430664062
45079,SC,Richland County,421526,63715.0,0.1512,78343.0,199.0,198509.0,192084.0,6425.0,3.2,61010.0,21358.0,55886.0,79330.0,109332.0,8.032161741,21.01720157,29.83385106,41.11678563,77865.44,205.01978,-477.5625,6.019775390625
45081,SC,Saluda County,18984,2963.0,0.1561,1760.0,24.0,8453.0,8213.0,240.0,2.8,57291.0,2128.0,5033.0,3523.0,2646.0,15.963991,37.75693923,26.42910728,19.84996249,1897.8402,23.722239,137.8402099609375,-0.27776145935058594
45083,SC,Spartanburg County,345948,49261.0,0.1424,47027.0,316.0,155135.0,150296.0,4839.0,3.1,58535.0,27826.0,71220.0,70942.0,58913.0,12.15634707,31.11388766,30.99243778,25.73732749,46854.766,314.9953,-172.234375,-1.00469970703125
45085,SC,Sumter County,103936,14610.0,0.1406,16105.0,109.0,42000.0,40399.0,1601.0,3.8,56937.0,7563.0,22398.0,23470.0,16103.0,10.87669342,32.21157995,33.75327178,23.15845486,15335.2295,111.18461,-769.7705078125,2.1846084594726562
45087,SC,Union County,26739,4852.0,0.1815,4309.0,46.0,11266.0,10739.0,527.0,4.7,46461.0,3734.0,7313.0,5725.0,2608.0,19.26728586,37.73477812,29.54076367,13.45717234,4101.8975,44.25349,-207.1025390625,-1.7465095520019531
45089,SC,Williamsburg County,30113,7479.0,0.2484,4094.0,37.0,10797.0,10285.0,512.0,4.7,39757.0,3696.0,9568.0,5547.0,3416.0,16.62842489,43.04674495,24.95613443,15.36869573,4454.215,41.716682,360.21484375,4.716682434082031
45091,SC,York County,294201,23957.0,0.0814,41029.0,247.0,149123.0,144505.0,4618.0,3.1,83692.0,14636.0,46237.0,60542.0,74771.0,7.460267297,23.56794063,30.85949048,38.11230159,40886.82,241.77512,-142.1796875,-5.224884033203125
46003,SD,Aurora County,2762,296.0,0.1072,276.0,1.0,1488.0,1461.0,27.0,1.8,61013.0,153.0,626.0,619.0,321.0,8.90052356,36.41652123,36.00930774,18.67364747,230.51244,2.8353243,-45.48756408691406,1.8353242874145508
46005,SD,Beadle County,19488,2448.0,0.1256,1728.0,15.0,9255.0,9081.0,174.0,1.9,59508.0,1851.0,3850.0,3421.0,3270.0,14.93705617,31.06843125,27.60652034,26.38799225,1737.4675,17.478731,9.467529296875,2.478731155395508
46007,SD,Bennett County,3333,1008.0,0.3024,372.0,7.0,1066.0,1032.0,34.0,3.2,49152.0,244.0,648.0,588.0,376.0,13.14655172,34.9137931,31.68103448,20.25862069,490.296,4.4152946,118.29598999023438,-2.584705352783203
46009,SD,Bon Homme County,7064,817.0,0.1157,643.0,11.0,2848.0,2795.0,53.0,1.9,62963.0,528.0,1911.0,1693.0,1037.0,10.21474173,36.97040046,32.75295028,20.06190753,691.0158,10.399619,48.01580810546875,-0.6003808975219727
46011,SD,Brookings County,35491,4298.0,0.1211,3436.0,21.0,19103.0,18717.0,386.0,2.0,71166.0,625.0,4394.0,5656.0,8376.0,3.280667681,23.06440607,29.68873025,43.966196,3565.59,17.933168,129.590087890625,-3.066831588745117
46013,SD,Brown County,37901,4064.0,0.1072,4098.0,25.0,20088.0,19647.0,441.0,2.2,71731.0,1600.0,7673.0,7602.0,8375.0,6.336633663,30.38811881,30.10693069,33.16831683,5187.0986,28.152048,1089.0986328125,3.152048110961914
46015,SD,Brule County,5301,765.0,0.1443,585.0,10.0,2664.0,2620.0,44.0,1.7,60133.0,355.0,1148.0,1007.0,1085.0,9.874826147,31.93324061,28.01112656,30.18080668,809.3063,8.924225,224.3062744140625,-1.075775146484375
46017,SD,Buffalo County,1854,733.0,0.3954,201.0,5.0,724.0,692.0,32.0,4.4,30659.0,132.0,436.0,284.0,64.0,14.41048035,47.59825328,31.00436681,6.986899563,167.4169,4.8386245,-33.583099365234375,-0.1613755226135254
46019,SD,Butte County,10790,1312.0,0.1216,1027.0,8.0,5054.0,4959.0,95.0,1.9,64528.0,848.0,2719.0,2260.0,1402.0,11.73052981,37.61239452,31.2629686,19.39410707,1155.3469,11.64861,128.346923828125,3.6486101150512695
46021,SD,Campbell County,1355,166.0,0.1225,94.0,1.0,774.0,754.0,20.0,2.6,65591.0,96.0,374.0,324.0,333.0,8.518189885,33.18544809,28.74889086,29.54747116,123.68758,0.9744866,29.687576293945312,-0.025513410568237305
46023,SD,Charles Mix County,9232,1918.0,0.2078,1304.0,5.0,3812.0,3727.0,85.0,2.2,54367.0,593.0,1910.0,1759.0,1430.0,10.41813071,33.55586788,30.90302178,25.12297962,1100.0302,8.994275,-203.9698486328125,3.9942750930786133
46025,SD,Clark County,3923,497.0,0.1267,325.0,6.0,1953.0,1910.0,43.0,2.2,62559.0,255.0,1119.0,768.0,415.0,9.972624169,43.76222135,30.0351975,16.22995698,440.58432,6.463421,115.58432006835938,0.4634208679199219
46027,SD,Clay County,15301,2550.0,0.1667,1360.0,9.0,7345.0,7191.0,154.0,2.1,55263.0,451.0,1920.0,1629.0,3401.0,6.093771112,25.94244021,22.01053912,45.95324956,1151.1779,6.9298186,-208.8221435546875,-2.070181369781494
46029,SD,Codington County,28736,3090.0,0.1075,3840.0,15.0,15970.0,15659.0,311.0,1.9,65009.0,1491.0,7524.0,6412.0,4071.0,7.646938148,38.58857319,32.88542415,20.87906452,2923.034,29.789377,-916.966064453125,14.789377212524414
46031,SD,Corson County,3817,1615.0,0.4231,420.0,9.0,1278.0,1241.0,37.0,2.9,39329.0,282.0,828.0,611.0,410.0,13.23322384,38.85499765,28.67198498,19.23979352,373.44965,8.937417,-46.55035400390625,-0.06258296966552734
46033,SD,Custer County,9021,831.0,0.0921,907.0,8.0,4208.0,4091.0,117.0,2.8,75336.0,357.0,2214.0,2282.0,2299.0,4.991610738,30.95637584,31.90715884,32.14485459,893.1628,8.197717,-13.83721923828125,0.19771671295166016
46035,SD,Davison County,19907,2680.0,0.1346,2375.0,14.0,11068.0,10866.0,202.0,1.8,63753.0,1109.0,4698.0,4299.0,3361.0,8.23494468,34.88527512,31.92247717,24.95730304,2077.6714,13.736956,-297.32861328125,-0.2630443572998047
46037,SD,Day County,5475,816.0,0.149,503.0,10.0,2683.0,2604.0,79.0,2.9,62786.0,319.0,1329.0,1403.0,827.0,8.225889634,34.27024239,36.1784425,21.32542548,432.35895,9.13122,-70.64105224609375,-0.8687801361083984
46039,SD,Deuel County,4361,366.0,0.0839,353.0,0.0,2303.0,2238.0,65.0,2.8,77694.0,189.0,1073.0,969.0,710.0,6.426385583,36.48418905,32.94797688,24.14144849,392.22733,4.2513986,39.227325439453125,4.25139856338501
46041,SD,Dewey County,5142,1298.0,0.2524,1134.0,11.0,2277.0,2149.0,128.0,5.6,50048.0,367.0,1114.0,830.0,483.0,13.13528991,39.87115247,29.70651396,17.28704366,1063.9552,10.257921,-70.0447998046875,-0.7420787811279297
46043,SD,Douglas County,2787,320.0,0.1148,205.0,4.0,1504.0,1475.0,29.0,1.9,73934.0,159.0,656.0,664.0,440.0,8.285565399,34.18447108,34.60135487,22.92860865,81.7959,2.407914,-123.2041015625,-1.5920860767364502
46045,SD,Edmunds County,4071,394.0,0.0968,328.0,3.0,1995.0,1958.0,37.0,1.9,72004.0,156.0,894.0,963.0,843.0,5.462184874,31.30252101,33.71848739,29.51680672,221.49057,3.4037561,-106.50942993164062,0.40375614166259766
46047,SD,Fall River County,7397,1083.0,0.1464,1105.0,14.0,3054.0,2983.0,71.0,2.3,56976.0,476.0,1692.0,2165.0,1237.0,8.545780969,30.37701975,38.86894075,22.20825853,757.3499,13.216576,-347.65008544921875,-0.7834243774414062
46049,SD,Faulk County,2122,351.0,0.1654,209.0,1.0,1081.0,1060.0,21.0,1.9,60853.0,103.0,435.0,643.0,264.0,7.128027682,30.10380623,44.4982699,18.26989619,132.08195,2.0100708,-76.91804504394531,1.01007080078125
46051,SD,Grant County,7486,793.0,0.1059,812.0,4.0,4383.0,4275.0,108.0,2.5,70409.0,412.0,1835.0,1656.0,1339.0,7.859595574,35.00572301,31.5909958,25.54368562,946.3853,4.7050247,134.38531494140625,0.7050247192382812
46053,SD,Gregory County,3999,627.0,0.1568,351.0,1.0,2137.0,2098.0,39.0,1.8,49239.0,239.0,1109.0,837.0,579.0,8.646888567,40.12301013,30.28219971,20.94790159,436.54355,4.2447658,85.54354858398438,3.2447657585144043
46055,SD,Haakon County,1834,232.0,0.1265,158.0,2.0,1071.0,1051.0,20.0,1.9,58799.0,38.0,524.0,430.0,241.0,3.081914031,42.49797242,34.87429035,19.5458232,116.85545,3.0299225,-41.14454650878906,1.0299224853515625
46057,SD,Hamlin County,6394,508.0,0.0794,532.0,1.0,3584.0,3516.0,68.0,1.9,73995.0,271.0,1418.0,1068.0,892.0,7.426692244,38.85996163,29.26829268,24.44505344,539.5199,3.5955954,7.5198974609375,2.595595359802246
46059,SD,Hand County,3112,300.0,0.0964,211.0,5.0,1790.0,1759.0,31.0,1.7,64536.0,95.0,552.0,884.0,544.0,4.578313253,26.60240964,42.60240964,26.21686747,248.29669,4.5662255,37.29669189453125,-0.433774471282959
46061,SD,Hanson County,3479,312.0,0.0897,221.0,5.0,1785.0,1740.0,45.0,2.5,79488.0,170.0,687.0,865.0,473.0,7.744874715,31.29840547,39.40774487,21.54897494,306.22458,3.530979,85.22457885742188,-1.4690210819244385
46063,SD,Harding County,1339,158.0,0.118,48.0,0.0,741.0,727.0,14.0,1.9,65168.0,45.0,260.0,264.0,248.0,5.507955936,31.82374541,32.31334149,30.35495716,-20.593992,0.3192127,-68.59399223327637,0.3192127048969269
46065,SD,Hughes County,17681,1619.0,0.0916,1362.0,9.0,9910.0,9747.0,163.0,1.6,79301.0,479.0,3367.0,4029.0,4419.0,3.896209533,27.38734342,32.77208394,35.9443631,1231.6779,9.100073,-130.3221435546875,0.10007286071777344
46067,SD,Hutchinson County,7351,888.0,0.1208,627.0,10.0,3618.0,3539.0,79.0,2.2,64422.0,342.0,1499.0,1851.0,1275.0,6.88544393,30.17918261,37.26595531,25.66941816,574.5007,8.344871,-52.49932861328125,-1.6551294326782227
46069,SD,Hyde County,1199,141.0,0.1176,110.0,3.0,659.0,645.0,14.0,2.1,64416.0,102.0,299.0,380.0,209.0,10.3030303,30.2020202,38.38383838,21.11111111,113.39228,3.566592,3.3922805786132812,0.5665919780731201
46071,SD,Jackson County,2832,799.0,0.2821,285.0,2.0,1218.0,1182.0,36.0,3.0,45190.0,178.0,762.0,529.0,189.0,10.7358263,45.95898673,31.90591074,11.39927624,441.5997,3.210068,156.59970092773438,1.2100679874420166
46073,SD,Jerauld County,1662,237.0,0.1426,133.0,2.0,1327.0,1309.0,18.0,1.4,57560.0,85.0,615.0,393.0,293.0,6.132756133,44.37229437,28.35497835,21.13997114,198.34685,1.674769,65.34684753417969,-0.3252309560775757
46075,SD,Jones County,875,131.0,0.1497,40.0,1.0,526.0,514.0,12.0,2.3,60864.0,29.0,260.0,194.0,164.0,4.482225657,40.18547141,29.98454405,25.34775889,63.887516,0.14301464,23.887516021728516,-0.8569853603839874
46077,SD,Kingsbury County,5279,514.0,0.0974,492.0,5.0,2803.0,2751.0,52.0,1.9,64215.0,297.0,1368.0,1095.0,792.0,8.361486486,38.51351351,30.8277027,22.2972973,464.70853,7.3349204,-27.291473388671875,2.3349204063415527
46079,SD,Lake County,10940,1040.0,0.0951,735.0,6.0,6711.0,6576.0,135.0,2.0,74668.0,489.0,1959.0,2583.0,2670.0,6.349824698,25.43825477,33.54109856,34.67082197,967.6973,6.2179065,232.69732666015625,0.21790647506713867
46081,SD,Lawrence County,27240,2842.0,0.1043,2698.0,12.0,14128.0,13864.0,264.0,1.9,67606.0,882.0,5261.0,6387.0,6480.0,4.639663335,27.67490794,33.59810626,34.08732246,2471.3943,15.938988,-226.605712890625,3.9389877319335938
46083,SD,Lincoln County,71024,3755.0,0.0529,5202.0,30.0,37550.0,36946.0,604.0,1.6,98387.0,1825.0,10541.0,13326.0,18993.0,4.084144568,23.58957144,29.82208795,42.50419604,5785.006,32.20315,583.005859375,2.2031517028808594
46085,SD,Lyman County,3705,812.0,0.2192,494.0,3.0,1687.0,1645.0,42.0,2.5,54199.0,209.0,965.0,563.0,587.0,8.993115318,41.5232358,24.22547332,25.25817556,647.3876,2.3586102,153.3875732421875,-0.6413898468017578
46087,SD,McCook County,5768,538.0,0.0933,375.0,2.0,3114.0,3063.0,51.0,1.6,70320.0,242.0,1237.0,1190.0,1072.0,6.468858594,33.06602513,31.80967656,28.65543972,546.4132,5.586487,171.4132080078125,3.58648681640625
46089,SD,McPherson County,2396,365.0,0.1523,163.0,6.0,979.0,953.0,26.0,2.7,52850.0,312.0,570.0,390.0,368.0,19.02439024,34.75609756,23.7804878,22.43902439,217.93497,5.5993853,54.934967041015625,-0.40061473846435547
46091,SD,Marshall County,4363,530.0,0.1215,350.0,7.0,2474.0,2407.0,67.0,2.7,65643.0,231.0,1056.0,983.0,657.0,7.892039631,36.07789546,33.58387427,22.44619064,219.73515,5.2592216,-130.2648468017578,-1.7407784461975098
46093,SD,Meade County,30702,2299.0,0.0749,3014.0,12.0,14435.0,14142.0,293.0,2.0,71106.0,1108.0,5799.0,8114.0,5523.0,5.393302181,28.22721963,39.49571651,26.88376168,2893.315,16.635885,-120.68505859375,4.635885238647461
46095,SD,Mellette County,1873,644.0,0.3438,260.0,4.0,747.0,725.0,22.0,2.9,44702.0,191.0,508.0,336.0,202.0,15.44058205,41.06709782,27.16248989,16.32983023,244.61688,4.171144,-15.38311767578125,0.1711440086364746
46097,SD,Miner County,2285,269.0,0.1177,148.0,3.0,1224.0,1202.0,22.0,1.8,64099.0,110.0,728.0,555.0,268.0,6.622516556,43.82901866,33.41360626,16.13485852,231.7206,3.5903738,83.72059631347656,0.5903737545013428
46099,SD,Minnehaha County,203845,18266.0,0.0896,20287.0,117.0,116619.0,114506.0,2113.0,1.8,75623.0,9208.0,33717.0,43870.0,45849.0,6.941889569,25.41916709,33.07348994,34.56545339,20969.857,118.27389,682.857421875,1.2738876342773438
46101,SD,Moody County,6382,725.0,0.1136,679.0,4.0,4018.0,3931.0,87.0,2.2,70603.0,231.0,1249.0,1454.0,1317.0,5.434015526,29.38132204,34.20371677,30.98094566,583.3519,5.3716044,-95.6480712890625,1.3716044425964355
46102,SD,Oglala Lakota County,13508,5529.0,0.4093,2119.0,7.0,3786.0,3604.0,182.0,4.8,40683.0,1548.0,2690.0,2107.0,688.0,22.01052183,38.24825821,29.95876582,9.782454145,2121.312,10.187504,2.31201171875,3.1875038146972656
46103,SD,Pennington County,114306,15784.0,0.1381,14084.0,84.0,59489.0,58307.0,1182.0,2.0,67573.0,4135.0,21044.0,26095.0,26479.0,5.318122773,27.06519363,33.56140599,34.05527761,14061.404,83.225296,-22.595703125,-0.7747039794921875
46105,SD,Perkins County,2809,427.0,0.152,238.0,3.0,1433.0,1404.0,29.0,2.0,57148.0,154.0,710.0,811.0,466.0,7.192900514,33.1620738,37.87949556,21.76553013,234.98431,4.416229,-3.01568603515625,1.4162287712097168
46107,SD,Potter County,2446,235.0,0.0961,257.0,4.0,1040.0,1017.0,23.0,2.2,72374.0,40.0,706.0,527.0,462.0,2.305475504,40.69164265,30.37463977,26.62824207,286.92014,1.6116439,29.920135498046875,-2.38835608959198
46109,SD,Roberts County,10139,1727.0,0.1703,1008.0,11.0,4631.0,4482.0,149.0,3.2,57788.0,548.0,2459.0,2391.0,1207.0,8.29674489,37.22937169,36.1998486,18.27403482,1020.47614,9.026735,12.47613525390625,-1.9732646942138672
46111,SD,Sanborn County,2403,316.0,0.1315,210.0,5.0,1208.0,1183.0,25.0,2.1,63266.0,162.0,619.0,499.0,305.0,10.22082019,39.05362776,31.48264984,19.24290221,201.3677,4.1332183,-8.632293701171875,-0.8667817115783691
46115,SD,Spink County,6228,722.0,0.1159,524.0,5.0,3036.0,2964.0,72.0,2.4,61513.0,359.0,1540.0,1385.0,1223.0,7.965387176,34.16907034,30.72997559,27.1355669,720.82477,6.6056056,196.82476806640625,1.6056056022644043
46117,SD,Stanley County,3017,252.0,0.0835,196.0,6.0,1929.0,1894.0,35.0,1.8,81788.0,100.0,810.0,718.0,553.0,4.585052728,37.1389271,32.92067859,25.35534159,242.36098,5.363838,46.36097717285156,-0.6361618041992188
46119,SD,Sully County,1482,111.0,0.0749,60.0,0.0,815.0,802.0,13.0,1.6,76192.0,42.0,433.0,397.0,231.0,3.807796917,39.25657298,35.99274705,20.94288305,224.28085,2.2564507,164.28085327148438,2.256450653076172
46121,SD,Todd County,9233,3598.0,0.3897,1773.0,14.0,3004.0,2894.0,110.0,3.7,41862.0,821.0,1359.0,1727.0,775.0,17.53524135,29.02605724,36.88594618,16.55275523,1684.5204,12.138679,-88.4796142578125,-1.8613214492797852
46123,SD,Tripp County,5579,1053.0,0.1887,677.0,8.0,3071.0,3020.0,51.0,1.7,55946.0,426.0,1489.0,1343.0,810.0,10.4719764,36.6027532,33.01376598,19.91150442,724.02875,9.207371,47.02874755859375,1.2073707580566406
46125,SD,Turner County,8888,724.0,0.0815,626.0,2.0,4757.0,4670.0,87.0,1.8,74511.0,496.0,1923.0,2010.0,1573.0,8.263912029,32.03932023,33.48883705,26.20793069,674.16376,3.4219503,48.16375732421875,1.421950340270996
46127,SD,Union County,17063,1020.0,0.0598,1250.0,8.0,8697.0,8509.0,188.0,2.2,85677.0,593.0,3270.0,3542.0,4258.0,5.084455114,28.03738318,30.36954471,36.50861699,2291.1506,9.308498,1041.150634765625,1.3084983825683594
46129,SD,Walworth County,5286,785.0,0.1485,461.0,9.0,2113.0,2041.0,72.0,3.4,57100.0,303.0,1181.0,1127.0,1176.0,8.001056245,31.18563507,29.75970425,31.05360444,415.68732,4.535331,-45.31268310546875,-4.464669227600098
46135,SD,Yankton County,23412,2420.0,0.1034,2334.0,16.0,11732.0,11525.0,207.0,1.8,62951.0,1188.0,5488.0,5150.0,4520.0,7.267833109,33.57396305,31.50617888,27.65202496,2321.6577,23.410559,-12.34228515625,7.410558700561523
46137,SD,Ziebach County,2394,929.0,0.3881,220.0,1.0,945.0,911.0,34.0,3.6,40004.0,169.0,662.0,464.0,212.0,11.21433311,43.92833444,30.78964831,14.06768414,423.9005,6.0819726,203.9005126953125,5.081972599029541
47001,TN,Anderson County,78929,10167.0,0.1288,12501.0,117.0,35385.0,34208.0,1177.0,3.3,64615.0,4838.0,18550.0,17756.0,14713.0,8.661403226,33.20980361,31.78831659,26.34047657,12043.526,100.45993,-457.4736328125,-16.540069580078125
47003,TN,Bedford County,51964,6431.0,0.1238,7515.0,43.0,21613.0,20879.0,734.0,3.4,70185.0,5203.0,14069.0,9101.0,5774.0,15.23706329,41.20127683,26.65241456,16.90924532,7093.4385,42.602726,-421.5615234375,-0.3972740173339844
47005,TN,Benton County,15994,2649.0,0.1656,2317.0,23.0,6823.0,6543.0,280.0,4.1,50635.0,1475.0,5576.0,3053.0,1435.0,12.78273681,48.32307826,26.45809862,12.43608632,1896.8503,23.574099,-420.149658203125,0.5740985870361328
47007,TN,Bledsoe County,14824,2907.0,0.1961,1631.0,25.0,4380.0,4148.0,232.0,5.3,46207.0,2365.0,5866.0,2353.0,1023.0,20.37563539,50.53846817,20.2722495,8.813646937,1760.8525,26.178774,129.8525390625,1.1787738800048828
47009,TN,Blount County,139810,13365.0,0.0956,21484.0,182.0,65737.0,63686.0,2051.0,3.1,69713.0,9301.0,35407.0,28491.0,26785.0,9.302488398,35.41266603,28.49555929,26.78928629,21263.488,177.629,-220.51171875,-4.371002197265625
47011,TN,Bradley County,110539,14210.0,0.1286,14329.0,126.0,50472.0,48652.0,1820.0,3.6,62666.0,8736.0,23235.0,24800.0,18562.0,11.59651149,30.84305683,32.92049965,24.63993204,14307.583,114.02836,-21.4169921875,-11.971641540527344
47013,TN,Campbell County,39564,7956.0,0.2011,7191.0,54.0,15007.0,14385.0,622.0,4.1,44268.0,4902.0,11917.0,8024.0,3790.0,17.12010617,41.61980931,28.02360912,13.2364754,6865.157,55.338627,-325.8427734375,1.3386268615722656
47015,TN,Cannon County,14807,1563.0,0.1056,2079.0,25.0,6882.0,6673.0,209.0,3.0,63155.0,1641.0,4318.0,2678.0,1760.0,15.78339906,41.53121093,25.75743003,16.92795999,1598.0741,15.900384,-480.9259033203125,-9.099616050720215
47017,TN,Carroll County,28418,4353.0,0.1532,4943.0,42.0,11741.0,11285.0,456.0,3.9,52680.0,2202.0,8176.0,5456.0,3680.0,11.28420621,41.89812442,27.95941375,18.85825561,4728.11,40.30705,-214.89013671875,-1.6929512023925781
47019,TN,Carter County,56485,10052.0,0.178,9035.0,99.0,24130.0,23251.0,879.0,3.6,48912.0,4760.0,15890.0,12643.0,8668.0,11.34386692,37.86849694,30.13035914,20.657277,8939.52,92.61435,-95.48046875,-6.385650634765625
47021,TN,Cheatham County,41764,3582.0,0.0858,5111.0,49.0,22668.0,22064.0,604.0,2.7,78437.0,2865.0,10897.0,8432.0,7420.0,9.674478287,36.7967853,28.47301952,25.05571689,4569.708,39.64963,-541.2919921875,-9.35036849975586
47023,TN,Chester County,17558,2460.0,0.1401,3034.0,21.0,8542.0,8287.0,255.0,3.0,57732.0,1628.0,4557.0,3031.0,2184.0,14.28070175,39.97368421,26.5877193,19.15789474,2287.927,20.638863,-746.072998046875,-0.36113739013671875
47025,TN,Claiborne County,32357,6259.0,0.1934,4750.0,64.0,12884.0,12392.0,492.0,3.8,41087.0,3905.0,9236.0,5990.0,4003.0,16.87991701,39.9239215,25.89262557,17.30353592,4818.2485,64.42556,68.24853515625,0.42555999755859375
47027,TN,Clay County,7656,1546.0,0.2019,960.0,17.0,2780.0,2651.0,129.0,4.6,43441.0,903.0,2683.0,1323.0,669.0,16.18859806,48.0996773,23.71817856,11.99354607,858.43854,15.256921,-101.56146240234375,-1.7430791854858398
47029,TN,Cocke County,36849,8235.0,0.2235,5973.0,71.0,14685.0,13932.0,753.0,5.1,45361.0,4330.0,12553.0,6523.0,3085.0,16.34517383,47.38590465,24.62345702,11.6454645,6083.2935,68.10596,110.29345703125,-2.89404296875
47031,TN,Coffee County,59779,9937.0,0.1662,8876.0,75.0,25174.0,24324.0,850.0,3.4,56519.0,5026.0,15158.0,10648.0,9176.0,12.5624875,37.88742252,26.61467706,22.93541292,8563.716,72.05001,-312.2841796875,-2.9499893188476562
47033,TN,Crockett County,13862,2264.0,0.1633,2709.0,14.0,6847.0,6628.0,219.0,3.2,53598.0,1342.0,4030.0,2682.0,1502.0,14.04353286,42.1724571,28.06613646,15.71787359,1941.5939,19.235031,-767.4061279296875,5.2350311279296875
47035,TN,Cumberland County,63482,8833.0,0.1391,7052.0,69.0,23261.0,22264.0,997.0,4.3,53388.0,5016.0,19286.0,15187.0,8961.0,10.35294118,39.80598555,31.34571723,18.49535604,7685.723,74.666954,633.72314453125,5.666954040527344
47037,TN,Davidson County,707351,95816.0,0.1355,98382.0,418.0,414106.0,402427.0,11679.0,2.8,72561.0,47650.0,99163.0,113040.0,233419.0,9.659984755,20.10310741,22.91636257,47.32054526,98530.805,421.32883,148.8046875,3.328826904296875
47039,TN,Decatur County,11549,1915.0,0.1658,1783.0,23.0,4396.0,4197.0,199.0,4.5,52294.0,1323.0,3785.0,1989.0,1254.0,15.84241408,45.3239133,23.81750689,15.01616573,1967.9084,16.168503,184.908447265625,-6.8314971923828125
47041,TN,DeKalb County,21002,3245.0,0.1545,2946.0,23.0,7697.0,7396.0,301.0,3.9,55392.0,2517.0,5724.0,3393.0,2902.0,17.31563016,39.37809576,23.34204733,19.96422675,2973.361,23.6412,27.361083984375,0.6411991119384766
47043,TN,Dickson County,55727,6135.0,0.1101,8049.0,54.0,27999.0,27170.0,829.0,3.0,70192.0,4164.0,15045.0,11115.0,8235.0,10.79903524,39.01812806,28.82595503,21.35688166,7574.329,63.190914,-474.6708984375,9.190914154052734
47045,TN,Dyer County,36440,6131.0,0.1682,6544.0,57.0,16565.0,15970.0,595.0,3.6,53715.0,2715.0,10176.0,6732.0,5420.0,10.84135287,40.63410933,26.88176337,21.64277443,5341.538,43.21376,-1202.4619140625,-13.786239624023438
47047,TN,Fayette County,43338,4486.0,0.1035,5457.0,64.0,19250.0,18574.0,676.0,3.5,84328.0,2913.0,10548.0,9925.0,8605.0,9.105685974,32.97177331,31.0243506,26.89819012,5274.86,64.414505,-182.14013671875,0.4145050048828125
47049,TN,Fentress County,19335,4428.0,0.229,2803.0,50.0,7714.0,7421.0,293.0,3.8,41147.0,2295.0,5777.0,3530.0,2091.0,16.76038852,42.18943986,25.77959541,15.27057621,2691.649,49.462612,-111.35107421875,-0.5373878479003906
47051,TN,Franklin County,44119,5530.0,0.1253,6869.0,58.0,19369.0,18690.0,679.0,3.5,61417.0,2746.0,12136.0,8182.0,6909.0,9.161578754,40.48977413,27.29790144,23.05074567,6316.152,49.331696,-552.84814453125,-8.668304443359375
47053,TN,Gibson County,50826,7424.0,0.1461,9651.0,76.0,21601.0,20836.0,765.0,3.5,55608.0,4008.0,14235.0,9616.0,6569.0,11.641687,41.34715929,27.93075404,19.08039967,8656.734,70.93773,-994.265625,-5.0622711181640625
47055,TN,Giles County,30540,4708.0,0.1542,4726.0,57.0,14909.0,14419.0,490.0,3.3,54684.0,2668.0,9123.0,5573.0,4136.0,12.40930233,42.43255814,25.92093023,19.2372093,4593.2515,52.31827,-132.74853515625,-4.681728363037109
47057,TN,Grainger County,24185,3956.0,0.1636,3199.0,26.0,9751.0,9377.0,374.0,3.8,51951.0,2838.0,7473.0,4624.0,2621.0,16.16541353,42.56664388,26.33857371,14.92936888,2966.0288,43.2811,-232.97119140625,17.28110122680664
47059,TN,Greene County,71292,11835.0,0.166,11411.0,120.0,28926.0,27775.0,1151.0,4.0,50410.0,6828.0,22018.0,13400.0,9073.0,13.30501374,42.90418753,26.11118689,17.67961184,11434.835,115.95557,23.8349609375,-4.04443359375
47061,TN,Grundy County,13779,2887.0,0.2095,1489.0,15.0,4929.0,4705.0,224.0,4.5,44219.0,1953.0,4376.0,2219.0,1209.0,20.01639848,44.84985139,22.74264631,12.39110382,1705.9559,16.548134,216.9559326171875,1.5481338500976562
47063,TN,Hamblen County,65167,9734.0,0.1494,9536.0,94.0,28156.0,27128.0,1028.0,3.7,56734.0,5700.0,17171.0,12561.0,8890.0,12.86043049,38.74148279,28.3403276,20.05775913,9212.764,91.092155,-323.236328125,-2.9078445434570312
47065,TN,Hamilton County,374602,43066.0,0.115,47642.0,353.0,184617.0,178316.0,6301.0,3.4,75127.0,23185.0,61049.0,80590.0,96656.0,8.86683494,23.34748356,30.82071287,36.96496864,47693.56,352.27396,51.55859375,-0.726043701171875
47067,TN,Hancock County,6846,1819.0,0.2657,1150.0,16.0,2272.0,2177.0,95.0,4.2,38024.0,1021.0,2013.0,1379.0,414.0,21.15185415,41.70292107,28.56846903,8.576755749,1474.2437,10.925382,324.24365234375,-5.074618339538574
47069,TN,Hardeman County,25511,4824.0,0.1891,3775.0,37.0,8941.0,8564.0,377.0,4.2,44454.0,3188.0,8104.0,4990.0,2074.0,17.36761822,44.14905208,27.1845718,11.2987579,3512.137,38.5983,-262.863037109375,1.5983009338378906
47071,TN,Hardin County,27065,6278.0,0.232,4530.0,62.0,10144.0,9738.0,406.0,4.0,42573.0,3040.0,8585.0,5013.0,2879.0,15.57616437,43.98729313,25.68529999,14.75124251,4426.405,60.279762,-103.59521484375,-1.7202377319335938
47073,TN,Hawkins County,57903,8385.0,0.1448,9172.0,118.0,23159.0,22254.0,905.0,3.9,52819.0,5731.0,18072.0,11272.0,7075.0,13.59667853,42.87544484,26.742586,16.78529063,8828.568,108.34264,-343.431640625,-9.657356262207031
47075,TN,Haywood County,17518,3571.0,0.2038,3543.0,26.0,7581.0,7237.0,344.0,4.5,46351.0,2140.0,5736.0,2905.0,1626.0,17.24832756,46.23196583,23.41420166,13.10550496,3150.0063,25.61081,-392.99365234375,-0.389190673828125
47077,TN,Henderson County,27907,4634.0,0.1661,4582.0,63.0,11725.0,11296.0,429.0,3.7,53822.0,2088.0,9631.0,4914.0,2788.0,10.75124865,49.5906493,25.30250759,14.35559446,4628.9917,51.255245,46.99169921875,-11.744754791259766
47079,TN,Henry County,32382,4941.0,0.1526,4004.0,58.0,13603.0,13060.0,543.0,4.0,51194.0,2718.0,10601.0,5748.0,4351.0,11.60645657,45.26859681,24.54522162,18.579725,4457.7485,57.263252,453.74853515625,-0.7367477416992188
47081,TN,Hickman County,25481,3489.0,0.1369,3196.0,29.0,11773.0,11431.0,342.0,2.9,56917.0,2780.0,7649.0,5166.0,2449.0,15.40678342,42.39082243,28.63001552,13.57237863,2825.922,30.467648,-370.077880859375,1.4676475524902344
47083,TN,Houston County,8247,1101.0,0.1335,979.0,11.0,3171.0,3032.0,139.0,4.4,60581.0,745.0,2704.0,1629.0,805.0,12.663607,45.96294408,27.68995411,13.68349482,927.2281,10.130593,-51.77191162109375,-0.8694067001342773
47085,TN,Humphreys County,19023,2381.0,0.1252,2374.0,25.0,8697.0,8395.0,302.0,3.5,58917.0,1665.0,5714.0,3937.0,2223.0,12.29780634,42.20400325,29.07895709,16.41923333,2446.3792,26.09516,72.379150390625,1.0951595306396484
47087,TN,Jackson County,12015,2254.0,0.1876,1576.0,17.0,4792.0,4605.0,187.0,3.9,43306.0,1557.0,4110.0,2056.0,1203.0,17.44342371,46.04526104,23.03383374,13.47748151,1803.3049,17.605019,227.304931640625,0.6050186157226562
47089,TN,Jefferson County,56660,6138.0,0.1083,8189.0,88.0,25023.0,24109.0,914.0,3.7,60785.0,4450.0,14648.0,12654.0,8456.0,11.06744926,36.43056108,31.47134899,21.03064067,7870.908,80.39298,-318.091796875,-7.607017517089844
47091,TN,Johnson County,18046,3686.0,0.2043,1750.0,44.0,7533.0,7277.0,256.0,3.4,45495.0,2574.0,5273.0,3772.0,2162.0,18.67788985,38.26282563,27.37101807,15.68826645,2119.5706,37.070274,369.570556640625,-6.929725646972656
47093,TN,Knox County,495380,55899.0,0.1128,68529.0,486.0,251747.0,244518.0,7229.0,2.9,70013.0,25065.0,80497.0,90050.0,131288.0,7.667482411,24.62434995,27.54665035,40.16151728,68834.234,474.34586,305.234375,-11.654144287109375
47095,TN,Lake County,6500,1622.0,0.2495,1001.0,12.0,1636.0,1554.0,82.0,5.0,38088.0,1447.0,2212.0,996.0,482.0,28.16819155,43.06015184,19.3887483,9.382908312,795.75586,11.243071,-205.244140625,-0.7569293975830078
47097,TN,Lauderdale County,24741,4449.0,0.1798,3665.0,36.0,9404.0,8961.0,443.0,4.7,47575.0,2919.0,8134.0,4047.0,1851.0,17.220223,47.98536959,23.87469766,10.91970975,3858.2834,36.08239,193.283447265625,0.08238983154296875
47099,TN,Lawrence County,45502,6112.0,0.1343,6480.0,68.0,19266.0,18594.0,672.0,3.5,55562.0,4366.0,12754.0,8406.0,4682.0,14.453125,42.22060381,27.82706568,15.49920551,6011.1196,58.529076,-468.88037109375,-9.470924377441406
47101,TN,Lewis County,12912,1841.0,0.1426,1402.0,19.0,5576.0,5374.0,202.0,3.6,53189.0,1311.0,3576.0,3107.0,981.0,14.60724234,39.84401114,34.6183844,10.93036212,1495.083,18.916477,93.0830078125,-0.08352279663085938
47103,TN,Lincoln County,36006,4966.0,0.1379,4363.0,48.0,16660.0,16123.0,537.0,3.2,61591.0,3239.0,10764.0,6072.0,4794.0,13.02424705,43.28280188,24.41593952,19.27701154,4369.016,45.82785,6.01611328125,-2.172149658203125
47105,TN,Loudon County,58244,5881.0,0.101,8010.0,71.0,24444.0,23649.0,795.0,3.3,79683.0,4704.0,13061.0,12556.0,12118.0,11.0841443,30.77593723,29.58599401,28.55392446,7827.116,64.92477,-182.8837890625,-6.075233459472656
47107,TN,McMinn County,54695,8003.0,0.1463,8214.0,86.0,21605.0,20731.0,874.0,4.0,60950.0,5289.0,14911.0,11367.0,6697.0,13.8223918,38.96874347,29.70677399,17.50209074,7216.5146,72.53533,-997.4853515625,-13.464668273925781
47109,TN,McNairy County,25993,4424.0,0.1702,4211.0,55.0,8383.0,7997.0,386.0,4.6,49706.0,2305.0,8869.0,4967.0,2161.0,12.59425199,48.45918479,27.13911048,11.80745274,4094.0073,52.586884,-116.99267578125,-2.413116455078125
47111,TN,Macon County,26214,3793.0,0.1447,4170.0,40.0,11678.0,11320.0,358.0,3.1,56817.0,3150.0,8449.0,3513.0,2023.0,18.38342574,49.30843303,20.5018967,11.80624453,3990.582,37.840805,-179.41796875,-2.1591949462890625
47113,TN,Madison County,99172,14152.0,0.1427,18263.0,111.0,49138.0,47445.0,1693.0,3.4,57070.0,6455.0,23149.0,19739.0,17292.0,9.687101373,34.7400015,29.62257072,25.95032641,17849.799,114.742744,-413.201171875,3.7427444458007812
47115,TN,Marion County,29050,4000.0,0.1377,4550.0,28.0,12374.0,11894.0,480.0,3.9,58686.0,3697.0,7911.0,5836.0,3440.0,17.7025474,37.8806742,27.94483815,16.47194024,4311.013,28.426018,-238.98681640625,0.42601776123046875
47117,TN,Marshall County,35857,3905.0,0.1089,4970.0,30.0,15622.0,15105.0,517.0,3.3,64013.0,2284.0,8936.0,7810.0,5056.0,9.482687038,37.10039027,32.42547538,20.99144731,4624.617,39.25972,-345.3828125,9.259719848632812
47119,TN,Maury County,107996,11092.0,0.1027,13179.0,101.0,53113.0,51496.0,1617.0,3.0,70225.0,5460.0,24830.0,23453.0,19348.0,7.470139963,33.97135078,32.0873979,26.47111135,13163.473,101.09925,-15.52734375,0.09925079345703125
47121,TN,Meigs County,13258,2176.0,0.1641,1701.0,16.0,5180.0,4953.0,227.0,4.4,54257.0,1624.0,4302.0,2442.0,1136.0,17.08754209,45.26515152,25.69444444,11.95286195,1847.9994,14.163811,146.9993896484375,-1.8361892700195312
47123,TN,Monroe County,47680,7002.0,0.1469,7274.0,73.0,20975.0,20248.0,727.0,3.5,56047.0,4661.0,13926.0,10108.0,5385.0,13.67664319,40.86267606,29.65962441,15.80105634,7222.035,69.57286,-51.96484375,-3.4271392822265625
47125,TN,Montgomery County,234899,25722.0,0.1095,25404.0,154.0,88330.0,85037.0,3293.0,3.7,67478.0,8058.0,38865.0,50394.0,45210.0,5.653665621,27.26851754,35.35751121,31.72030563,25545.293,153.51717,141.29296875,-0.4828338623046875
47127,TN,Moore County,6716,664.0,0.0989,1131.0,10.0,3686.0,3595.0,91.0,2.5,68086.0,518.0,1753.0,1321.0,1176.0,10.86409396,36.7659396,27.70553691,24.66442953,848.17096,9.724648,-282.82904052734375,-0.27535152435302734
47129,TN,Morgan County,21207,3253.0,0.1534,3417.0,38.0,7869.0,7568.0,301.0,3.8,59967.0,2574.0,6709.0,4126.0,2130.0,16.56477251,43.1752365,26.55254521,13.70744578,2641.1418,26.356186,-775.858154296875,-11.643814086914062
47131,TN,Obion County,30374,5068.0,0.1669,5439.0,62.0,12779.0,12287.0,492.0,3.9,50159.0,3229.0,9527.0,4880.0,3887.0,15.00255541,44.26427543,22.67341913,18.05975003,5171.8926,59.827583,-267.107421875,-2.1724166870117188
47133,TN,Overton County,22993,3444.0,0.1498,3214.0,26.0,10013.0,9673.0,340.0,3.4,52108.0,2945.0,7290.0,3780.0,2185.0,18.17901235,45.0,23.33333333,13.48765432,3263.782,27.11988,49.781982421875,1.1198806762695312
47135,TN,Perry County,8705,1438.0,0.1652,1017.0,19.0,2794.0,2644.0,150.0,5.4,46448.0,1037.0,2789.0,1317.0,748.0,17.60312341,47.34340519,22.35613648,12.69733492,1034.7139,13.129406,17.7138671875,-5.870594024658203
47137,TN,Pickett County,5103,810.0,0.1587,945.0,11.0,2181.0,2097.0,84.0,3.9,47932.0,707.0,1523.0,921.0,653.0,18.58569926,40.03680336,24.21135647,17.1661409,730.64294,5.515799,-214.3570556640625,-5.484200954437256
47139,TN,Polk County,17778,2717.0,0.1528,2136.0,39.0,7077.0,6813.0,264.0,3.7,55146.0,1868.0,4946.0,4301.0,1911.0,14.34054967,37.97021342,33.01857823,14.67065868,1975.971,32.97143,-160.029052734375,-6.028568267822266
47141,TN,Putnam County,82470,15140.0,0.1836,11181.0,56.0,35403.0,34208.0,1195.0,3.4,54996.0,5882.0,17335.0,13816.0,15269.0,11.24622385,33.14404803,26.41581584,29.19391228,11191.488,61.765514,10.48828125,5.765514373779297
47143,TN,Rhea County,33689,4752.0,0.1411,4099.0,36.0,13861.0,13267.0,594.0,4.3,59207.0,3687.0,9590.0,5874.0,4030.0,15.90526724,41.37008757,25.33971787,17.38492731,4464.45,39.91044,365.4501953125,3.9104385375976562
47145,TN,Roane County,55129,7203.0,0.1307,8010.0,78.0,23828.0,22954.0,874.0,3.7,63430.0,4324.0,15164.0,12081.0,8925.0,10.67812515,37.44752309,29.83404949,22.04030227,7853.998,76.16814,-156.001953125,-1.8318634033203125
47147,TN,Robertson County,75398,6825.0,0.0905,9880.0,94.0,39317.0,38201.0,1116.0,2.8,77326.0,5672.0,20161.0,14327.0,10731.0,11.14538917,39.61604213,28.15232556,21.08624315,9627.153,93.57932,-252.8466796875,-0.42067718505859375
47149,TN,Rutherford County,360682,33552.0,0.093,45502.0,233.0,196153.0,190828.0,5325.0,2.7,77320.0,17037.0,62759.0,66717.0,76791.0,7.629509548,28.10473614,29.87720775,34.38854656,43812.71,260.8837,-1689.2890625,27.883697509765625
47151,TN,Scott County,21999,4675.0,0.2125,5480.0,47.0,8172.0,7773.0,399.0,4.9,44599.0,2945.0,7284.0,3317.0,1537.0,19.52529338,48.29277995,21.99164622,10.19028045,4719.423,45.085854,-760.5771484375,-1.9141464233398438
47153,TN,Sequatchie County,16918,2889.0,0.1708,1782.0,13.0,6211.0,5956.0,255.0,4.1,56264.0,2174.0,4453.0,3016.0,2246.0,18.28581041,37.45479014,25.36798722,18.89141223,1925.9321,14.620446,143.93212890625,1.6204462051391602
47155,TN,Sevier County,98806,11335.0,0.1147,13635.0,111.0,55091.0,53350.0,1741.0,3.2,59530.0,8659.0,25043.0,22045.0,15213.0,12.20264938,35.29171364,31.0667982,21.43883878,13086.12,108.54898,-548.8798828125,-2.451019287109375
47157,TN,Shelby County,916357,150180.0,0.1639,117022.0,874.0,439083.0,419218.0,19865.0,4.5,61452.0,61707.0,166534.0,171083.0,207531.0,10.16832687,27.44214021,28.19174267,34.19779025,117831.57,866.4424,809.5703125,-7.5576171875
47159,TN,Smith County,20470,2551.0,0.1246,2688.0,30.0,9780.0,9489.0,291.0,3.0,63960.0,1795.0,5878.0,3962.0,2545.0,12.65867419,41.45275035,27.94076164,17.94781382,2447.2227,29.092302,-240.77734375,-0.9076976776123047
47161,TN,Stewart County,13994,1814.0,0.1296,1377.0,26.0,5467.0,5255.0,212.0,3.9,60242.0,1000.0,4610.0,2688.0,1608.0,10.09489198,46.53745205,27.13506965,16.23258631,1459.5647,24.944742,82.564697265625,-1.055257797241211
47163,TN,Sullivan County,160862,24274.0,0.1509,26730.0,247.0,68787.0,66360.0,2427.0,3.5,54361.0,12143.0,38230.0,35596.0,31183.0,10.36516662,32.6328189,30.3844578,26.61755668,25952.416,247.42894,-777.583984375,0.4289398193359375
47165,TN,Sumner County,203721,15086.0,0.0741,25477.0,210.0,109078.0,106085.0,2993.0,2.7,87453.0,11368.0,40178.0,41841.0,45222.0,8.201487638,28.98657374,30.18635154,32.62558708,25392.645,202.254,-84.35546875,-7.746002197265625
47167,TN,Tipton County,61650,8453.0,0.1371,8531.0,76.0,27667.0,26664.0,1003.0,3.6,68778.0,4487.0,15184.0,14368.0,7714.0,10.74653318,36.36624913,34.41189855,18.47531914,8077.5674,73.70057,-453.4326171875,-2.2994308471679688
47169,TN,Trousdale County,12077,1609.0,0.1332,1307.0,11.0,5740.0,5568.0,172.0,3.0,58584.0,1270.0,4430.0,1930.0,860.0,14.95877503,52.17903416,22.73262662,10.12956419,1356.5225,13.637026,49.5224609375,2.637025833129883
47171,TN,Unicoi County,17591,2624.0,0.1492,3127.0,26.0,7080.0,6773.0,307.0,4.3,52260.0,1583.0,4952.0,3996.0,2635.0,12.02339359,37.61203099,30.35090384,20.01367158,2094.166,21.410458,-1032.833984375,-4.589542388916016
47173,TN,Union County,20473,3281.0,0.1603,3103.0,18.0,7878.0,7580.0,298.0,3.8,51169.0,2385.0,6207.0,3638.0,2081.0,16.66550206,43.37223115,25.42100482,14.54126197,2816.6658,23.733917,-286.334228515625,5.733917236328125
47175,TN,Van Buren County,6430,969.0,0.1507,829.0,5.0,2061.0,1973.0,88.0,4.3,50260.0,720.0,1953.0,1251.0,638.0,15.78255151,42.81017098,27.42218325,13.98509426,790.43274,7.1428685,-38.5672607421875,2.1428685188293457
47177,TN,Warren County,42001,6223.0,0.1482,6096.0,39.0,16420.0,15737.0,683.0,4.2,52520.0,4348.0,13514.0,6403.0,4322.0,15.20971071,47.27323609,22.39829293,15.11876028,5996.21,40.24925,-99.7900390625,1.2492485046386719
47179,TN,Washington County,136147,18496.0,0.1359,22468.0,134.0,61533.0,59542.0,1991.0,3.2,64270.0,8222.0,27251.0,26209.0,31107.0,8.860964123,29.36878294,28.245805,33.52444794,21333.791,132.91223,-1134.208984375,-1.0877685546875
47181,TN,Wayne County,16266,2792.0,0.1716,2385.0,34.0,6484.0,6190.0,294.0,4.5,48321.0,2033.0,5682.0,3067.0,1545.0,16.49225278,46.09394013,24.88034396,12.53346313,2386.3237,30.76049,1.32373046875,-3.2395095825195312
47183,TN,Weakley County,33043,5568.0,0.1685,4520.0,71.0,15300.0,14768.0,532.0,3.5,49815.0,2543.0,9589.0,4425.0,4565.0,12.03957959,45.39816305,20.94972067,21.61253669,4781.778,68.28131,261.77783203125,-2.71868896484375
47185,TN,White County,28000,4567.0,0.1631,3639.0,26.0,11992.0,11570.0,422.0,3.5,49411.0,3308.0,7964.0,5819.0,2823.0,16.61142915,39.99196545,29.22064879,14.17595661,3763.123,34.24545,124.123046875,8.24544906616211
47187,TN,Williamson County,260738,10671.0,0.0409,29465.0,116.0,138494.0,135165.0,3329.0,2.4,133486.0,6820.0,22146.0,35005.0,103649.0,4.068726882,13.2120272,20.88354612,61.8356998,29365.445,116.74842,-99.5546875,0.7484207153320312
47189,TN,Wilson County,158593,11221.0,0.0708,20133.0,120.0,82167.0,80000.0,2167.0,2.6,88462.0,6835.0,30475.0,29165.0,39413.0,6.454933515,28.78040949,27.54325325,37.22140375,19850.35,120.77716,-282.650390625,0.77716064453125
48001,TX,Anderson County,57227,8553.0,0.1495,2531.0,44.0,23122.0,22319.0,803.0,3.5,60800.0,5851.0,15884.0,13945.0,6069.0,14.01470694,38.04642027,33.40199765,14.53687513,3076.7454,49.376934,545.745361328125,5.376934051513672
48003,TX,Andrews County,18324,2223.0,0.1213,1834.0,8.0,9419.0,9114.0,305.0,3.2,68998.0,2567.0,3577.0,2741.0,2214.0,23.12820975,32.22812866,24.69591855,19.94774304,1762.7047,9.419005,-71.2952880859375,1.4190053939819336
48005,TX,Angelina County,87124,13520.0,0.1552,2720.0,70.0,35501.0,33854.0,1647.0,4.6,56825.0,8603.0,19383.0,18659.0,10248.0,15.12136818,34.06921765,32.79665337,18.0127608,11500.315,101.21745,8780.3154296875,31.217453002929688
48007,TX,Aransas County,24963,4263.0,0.1708,2681.0,31.0,9291.0,8797.0,494.0,5.3,60523.0,1643.0,6152.0,6107.0,5307.0,8.553282316,32.02665417,31.79238898,27.62767453,2786.094,30.46557,105.093994140625,-0.5344295501708984
48009,TX,Archer County,8849,789.0,0.0892,1165.0,8.0,4013.0,3877.0,136.0,3.4,72062.0,551.0,2254.0,1775.0,1541.0,9.001797092,36.82404836,28.99852965,25.1756249,1076.8667,8.675797,-88.13330078125,0.6757974624633789
48011,TX,Armstrong County,1857,184.0,0.0991,307.0,3.0,934.0,908.0,26.0,2.8,67548.0,77.0,443.0,493.0,276.0,5.973622964,34.36772692,38.24670287,21.41194725,184.64407,1.8723459,-122.35592651367188,-1.1276540756225586
48013,TX,Atascosa County,50736,8191.0,0.1614,6482.0,40.0,22505.0,21586.0,919.0,4.1,59817.0,6155.0,12445.0,8674.0,4914.0,19.12203306,38.66347707,26.94793091,15.26655897,6462.411,38.81464,-19.5888671875,-1.1853599548339844
48015,TX,Austin County,31070,4625.0,0.1489,2902.0,27.0,14133.0,13571.0,562.0,4.0,68630.0,2457.0,7280.0,6563.0,4985.0,11.54334038,34.20249002,30.8339206,23.420249,3024.55,27.903486,122.550048828125,0.9034862518310547
48017,TX,Bailey County,6803,1084.0,0.1593,588.0,9.0,2419.0,2316.0,103.0,4.3,52751.0,1153.0,1177.0,1092.0,688.0,28.05352798,28.63746959,26.56934307,16.73965937,824.59375,5.863575,236.59375,-3.136425018310547
48019,TX,Bandera County,22120,2580.0,0.1166,1656.0,16.0,10621.0,10225.0,396.0,3.7,69284.0,1351.0,5048.0,6046.0,4256.0,8.089335968,30.22573499,36.20142506,25.48350398,3303.5938,19.184507,1647.59375,3.184507369995117
48021,TX,Bastrop County,106395,12789.0,0.1202,11556.0,58.0,48219.0,46585.0,1634.0,3.4,73403.0,12131.0,19930.0,19207.0,15614.0,18.13791454,29.79875004,28.71774169,23.34559373,11477.498,57.47944,-78.501953125,-0.5205612182617188
48023,TX,Baylor County,3462,473.0,0.1366,319.0,9.0,1905.0,1852.0,53.0,2.8,49059.0,435.0,765.0,580.0,705.0,17.50503018,30.78470825,23.34004024,28.37022133,319.09183,7.701299,0.091827392578125,-1.2987008094787598
48025,TX,Bee County,30992,6613.0,0.2134,4255.0,20.0,9206.0,8665.0,541.0,5.9,48176.0,3962.0,7937.0,7135.0,2461.0,18.43219353,36.92486625,33.19376599,11.44917423,4628.9,22.838362,373.89990234375,2.8383617401123047
48027,TX,Bell County,387454,53701.0,0.1386,42209.0,184.0,149152.0,142464.0,6688.0,4.5,62412.0,21027.0,61038.0,88235.0,63558.0,8.991353727,26.10045412,37.73016104,27.17803111,42528.47,192.05328,319.46875,8.05328369140625
48029,TX,Bexar County,2060191,314925.0,0.1529,341331.0,1057.0,977978.0,941275.0,36703.0,3.8,65839.0,179802.0,324043.0,403050.0,417806.0,13.57302516,24.46159548,30.42573381,31.53964555,341529.5,1055.7942,198.5,-1.205810546875
48031,TX,Blanco County,12411,1031.0,0.0831,1732.0,8.0,7193.0,6991.0,202.0,2.8,82236.0,695.0,2386.0,2994.0,3177.0,7.511889321,25.78901859,32.36057069,34.3385214,1399.6754,7.5051174,-332.3245849609375,-0.49488258361816406
48033,TX,Borden County,580,67.0,0.1155,72.0,0.0,676.0,663.0,13.0,1.9,75186.0,24.0,138.0,127.0,158.0,5.369127517,30.87248322,28.41163311,35.34675615,-15.906286,-1.1769556,-87.90628623962402,-1.1769555807113647
48035,TX,Bosque County,18707,2277.0,0.1217,2194.0,16.0,8736.0,8410.0,326.0,3.7,61048.0,1587.0,4147.0,4917.0,2785.0,11.81155106,30.86484073,36.59571301,20.72789521,2229.1755,17.194023,35.175537109375,1.1940231323242188
48037,TX,Bowie County,91712,16274.0,0.1774,10459.0,99.0,38528.0,36726.0,1802.0,4.7,52460.0,6231.0,22467.0,19924.0,13771.0,9.986697226,36.00884715,31.93306941,22.07138621,10330.148,103.685486,-128.8515625,4.68548583984375
48039,TX,Brazoria County,388234,38062.0,0.098,47417.0,155.0,184653.0,176191.0,8462.0,4.6,86197.0,27187.0,62340.0,81122.0,80643.0,10.81888799,24.80779332,32.2819668,32.09135189,47766.906,161.3994,349.90625,6.3993988037109375
48041,TX,Brazos County,241931,49079.0,0.2029,32234.0,62.0,128688.0,124664.0,4024.0,3.1,60355.0,13894.0,27097.0,31623.0,53753.0,10.99495913,21.44309828,25.02472956,42.53721304,32446.809,62.783035,212.80859375,0.7830352783203125
48043,TX,Brewster County,9344,1239.0,0.1326,231.0,9.0,4218.0,4072.0,146.0,3.5,52388.0,719.0,1215.0,1989.0,3245.0,10.03069196,16.95033482,27.74832589,45.27064732,436.97894,10.126627,205.97894287109375,1.126626968383789
48045,TX,Briscoe County,1439,220.0,0.1529,297.0,1.0,603.0,581.0,22.0,3.6,53208.0,188.0,277.0,314.0,183.0,19.54261954,28.79417879,32.64033264,19.02286902,266.05554,3.258736,-30.9444580078125,2.2587358951568604
48047,TX,Brooks County,6902,1804.0,0.2614,858.0,7.0,2375.0,2231.0,144.0,6.1,35359.0,1684.0,1629.0,1101.0,745.0,32.64198488,31.5758868,21.34134522,14.4407831,947.13153,8.251332,89.13153076171875,1.2513322830200195
48049,TX,Brown County,38443,6377.0,0.1659,7049.0,37.0,15336.0,14663.0,673.0,4.4,53455.0,3270.0,9478.0,8612.0,5319.0,12.25683122,35.52606919,32.28007047,19.93702912,6356.4766,43.871765,-692.5234375,6.87176513671875
48051,TX,Burleson County,18690,2839.0,0.1519,2506.0,9.0,8869.0,8547.0,322.0,3.6,62095.0,1956.0,4501.0,3648.0,3036.0,14.88471197,34.25157903,27.76044441,23.10326459,2664.0852,20.392906,158.085205078125,11.392906188964844
48053,TX,Burnet County,52567,4642.0,0.0883,5450.0,45.0,25625.0,24856.0,769.0,3.0,74897.0,3977.0,11146.0,11135.0,10567.0,10.79972845,30.26748133,30.23761032,28.6951799,5953.7085,45.16268,503.70849609375,0.16268157958984375
48055,TX,Caldwell County,47849,6652.0,0.139,8408.0,27.0,21303.0,20557.0,746.0,3.5,60833.0,6204.0,12119.0,8023.0,5178.0,19.68024362,38.44372542,25.45045045,16.42558051,7761.6416,30.430079,-646.3583984375,3.4300785064697266
48057,TX,Calhoun County,19682,3071.0,0.156,2847.0,14.0,12298.0,11842.0,456.0,3.7,62742.0,2442.0,4393.0,4743.0,2354.0,17.52799311,31.53172552,34.04392765,16.89635372,2973.4263,14.778532,126.42626953125,0.7785320281982422
48059,TX,Callahan County,14247,1932.0,0.1356,1415.0,18.0,6281.0,6054.0,227.0,3.6,63836.0,679.0,3584.0,3200.0,2341.0,6.925744594,36.55650755,32.63973888,23.87800898,1724.895,15.9619875,309.89501953125,-2.0380125045776367
48061,TX,Cameron County,424911,95070.0,0.2237,62232.0,68.0,177980.0,167764.0,10216.0,5.7,49583.0,72049.0,66219.0,63570.0,52232.0,28.35793285,26.06328964,25.0206636,20.55811391,62218.52,69.3484,-13.48046875,1.3483963012695312
48063,TX,Camp County,12721,2290.0,0.18,1279.0,9.0,5158.0,4926.0,232.0,4.5,52919.0,1333.0,2966.0,2441.0,1653.0,15.88228285,35.33897295,29.08376028,19.69498392,1712.0554,13.68594,433.055419921875,4.685939788818359
48065,TX,Carson County,5816,495.0,0.0851,772.0,8.0,3001.0,2908.0,93.0,3.1,71902.0,257.0,1281.0,1422.0,1033.0,6.436263461,32.081142,35.61232156,25.87027298,683.897,4.614106,-88.10302734375,-3.3858938217163086
48067,TX,Cass County,28538,4902.0,0.1718,3926.0,45.0,12017.0,11448.0,569.0,4.7,54276.0,2568.0,8341.0,5728.0,3553.0,12.7191679,41.31253096,28.37048044,17.5978207,4193.195,42.74513,267.19482421875,-2.254871368408203
48069,TX,Castro County,7287,1197.0,0.1643,1207.0,7.0,3338.0,3232.0,106.0,3.2,59958.0,1058.0,1390.0,1081.0,938.0,23.68479964,31.11708081,24.19968659,20.99843295,677.2983,0.32031956,-529.7017211914062,-6.679680436849594
48071,TX,Chambers County,51309,4236.0,0.0826,3036.0,36.0,21038.0,19912.0,1126.0,5.4,102146.0,3288.0,8315.0,12510.0,7189.0,10.50412114,26.56379784,39.96549741,22.9665836,3122.178,35.530224,86.177978515625,-0.4697761535644531
48073,TX,Cherokee County,51432,8284.0,0.1611,2508.0,50.0,20689.0,19767.0,922.0,4.5,50351.0,6563.0,11311.0,9847.0,6275.0,19.30521238,33.27156136,28.96517237,18.45805389,6957.648,61.090588,4449.64794921875,11.090587615966797
48075,TX,Childress County,6841,1101.0,0.1609,1083.0,11.0,3185.0,3094.0,91.0,2.9,49200.0,792.0,1854.0,1719.0,566.0,16.06165078,37.59886433,34.86108294,11.47840195,806.22614,9.257865,-276.77386474609375,-1.7421350479125977
48077,TX,Clay County,10499,1108.0,0.1055,789.0,18.0,4868.0,4678.0,190.0,3.9,66085.0,554.0,2785.0,2503.0,1830.0,7.221063608,36.3008342,32.62513034,23.85297185,1231.0635,11.799333,442.0634765625,-6.200667381286621
48079,TX,Cochran County,2522,657.0,0.2605,486.0,5.0,1154.0,1099.0,55.0,4.8,45766.0,467.0,573.0,434.0,177.0,28.28588734,34.70623864,26.28709873,10.72077529,546.6601,9.312891,60.66009521484375,4.312891006469727
48081,TX,Coke County,3322,501.0,0.1508,329.0,2.0,1546.0,1492.0,54.0,3.5,43774.0,299.0,856.0,779.0,517.0,12.19910241,34.9245206,31.78294574,21.09343125,321.22787,2.3520317,-7.772125244140625,0.3520317077636719
48083,TX,Coleman County,7822,1401.0,0.1791,797.0,15.0,3056.0,2922.0,134.0,4.4,45834.0,651.0,1908.0,2125.0,1023.0,11.40704398,33.4326266,37.23497459,17.92535483,761.5722,12.326548,-35.42779541015625,-2.673452377319336
48085,TX,Collin County,1158995,55552.0,0.0479,126769.0,381.0,625800.0,605672.0,20128.0,3.2,113943.0,40904.0,106653.0,186092.0,406369.0,5.527433116,14.412217,25.14695588,54.913394,126854.055,381.21198,85.0546875,0.21197509765625
48087,TX,Collingsworth County,2585,431.0,0.1667,378.0,8.0,1088.0,1050.0,38.0,3.5,52093.0,423.0,353.0,496.0,448.0,24.59302326,20.52325581,28.8372093,26.04651163,62.38705,3.4399107,-315.6129493713379,-4.560089349746704
48089,TX,Colorado County,20832,2944.0,0.1413,1618.0,12.0,10232.0,9868.0,364.0,3.6,59711.0,1645.0,5369.0,3794.0,3413.0,11.56740032,37.75402574,26.67885521,23.99971873,2133.7441,20.30538,515.744140625,8.305379867553711
48091,TX,Comal County,184749,13044.0,0.0706,20761.0,90.0,82200.0,79317.0,2883.0,3.5,92979.0,7123.0,26693.0,37211.0,51887.0,5.795108775,21.71681013,30.27401272,42.21406837,20856.12,92.323906,95.119140625,2.3239059448242188
48093,TX,Comanche County,13921,2276.0,0.1635,1516.0,14.0,6343.0,6120.0,223.0,3.5,51559.0,1484.0,3143.0,3085.0,1925.0,15.39898309,32.61388399,32.01203694,19.97509598,2117.594,18.690235,601.593994140625,4.690235137939453
48095,TX,Concho County,3367,466.0,0.1384,535.0,2.0,1333.0,1290.0,43.0,3.2,51191.0,536.0,1129.0,605.0,344.0,20.50497322,43.19051262,23.14460597,13.15990819,339.28308,2.543719,-195.7169189453125,0.5437190532684326
48097,TX,Cooke County,43048,5277.0,0.1226,3029.0,44.0,20068.0,19386.0,682.0,3.4,66466.0,3337.0,8974.0,9651.0,6782.0,11.60937935,31.22042861,33.57570276,23.59448928,3480.5352,43.14866,451.53515625,-0.8513412475585938
48099,TX,Coryell County,84205,8818.0,0.1047,9679.0,58.0,24651.0,23532.0,1119.0,4.5,63428.0,4983.0,16131.0,22267.0,9949.0,9.343708982,30.24751547,41.75323458,18.65554097,9511.334,58.433796,-167.666015625,0.4337959289550781
48101,TX,Cottle County,1317,263.0,0.1997,115.0,0.0,862.0,838.0,24.0,2.8,45351.0,191.0,232.0,309.0,204.0,20.40598291,24.78632479,33.01282051,21.79487179,55.961483,7.336662,-59.038516998291016,7.3366618156433105
48103,TX,Crane County,4551,506.0,0.1112,506.0,5.0,1649.0,1567.0,82.0,5.0,67889.0,708.0,1190.0,586.0,416.0,24.4137931,41.03448276,20.20689655,14.34482759,619.31226,4.332462,113.312255859375,-0.6675381660461426
48105,TX,Crockett County,2960,457.0,0.1544,527.0,3.0,1432.0,1375.0,57.0,4.0,71851.0,756.0,563.0,647.0,243.0,34.2236306,25.48664554,29.28927116,11.00045269,460.3918,2.4169543,-66.60818481445312,-0.5830457210540771
48107,TX,Crosby County,4992,1084.0,0.2171,1076.0,6.0,2420.0,2319.0,101.0,4.2,46457.0,711.0,1260.0,860.0,466.0,21.56505914,38.21656051,26.08431908,14.13406127,799.64435,4.3628197,-276.35565185546875,-1.6371803283691406
48109,TX,Culberson County,2163,432.0,0.1997,123.0,4.0,1159.0,1126.0,33.0,2.8,52160.0,429.0,765.0,151.0,262.0,26.69570629,47.60423149,9.39639079,16.30367144,261.7506,3.1502762,138.7506103515625,-0.8497238159179688
48111,TX,Dallam County,7235,801.0,0.1107,957.0,11.0,3896.0,3804.0,92.0,2.4,61636.0,847.0,2010.0,848.0,691.0,19.26751592,45.7233849,19.29026388,15.7188353,1000.7543,8.058542,43.7542724609375,-2.941457748413086
48113,TX,Dallas County,2601993,364132.0,0.1399,241654.0,1251.0,1421836.0,1368400.0,53436.0,3.8,70871.0,310199.0,380799.0,412259.0,590082.0,18.31877728,22.48805467,24.34592246,34.84724559,241634.08,1251.6428,-19.921875,0.642822265625
48115,TX,Dawson County,12176,2339.0,0.1921,1143.0,19.0,4521.0,4321.0,200.0,4.4,48801.0,2225.0,2822.0,1827.0,1163.0,27.68445938,35.11260421,22.73236282,14.4705736,1401.2837,17.596062,258.28369140625,-1.4039382934570312
48117,TX,Deaf Smith County,18399,3071.0,0.1669,1924.0,19.0,9020.0,8748.0,272.0,3.0,55565.0,3079.0,4413.0,2004.0,1273.0,28.59132696,40.97873526,18.60897019,11.82096759,2061.4182,16.585531,137.418212890625,-2.414468765258789
48119,TX,Delta County,5413,888.0,0.164,1287.0,5.0,2512.0,2409.0,103.0,4.1,54587.0,377.0,1363.0,1279.0,733.0,10.04797441,36.32729211,34.08848614,19.53624733,1071.1628,6.837145,-215.837158203125,1.8371448516845703
48121,TX,Denton County,977760,75587.0,0.0773,101915.0,329.0,551918.0,533977.0,17941.0,3.3,102711.0,41905.0,106536.0,179748.0,307742.0,6.589551382,16.75276091,28.26533067,48.39235703,102018.08,330.65408,103.078125,1.654083251953125
48123,TX,DeWitt County,19754,3599.0,0.1822,4108.0,27.0,9156.0,8840.0,316.0,3.5,55525.0,2016.0,5647.0,3989.0,2178.0,14.57700651,40.83152567,28.84309472,15.7483731,3246.527,28.045137,-861.472900390625,1.0451374053955078
48125,TX,Dickens County,1736,279.0,0.1607,226.0,1.0,682.0,649.0,33.0,4.8,47074.0,179.0,425.0,361.0,228.0,15.00419111,35.62447611,30.25984912,19.11148365,268.92084,1.1729032,42.92083740234375,0.1729031801223755
48127,TX,Dimmit County,8360,2057.0,0.2461,2289.0,5.0,6180.0,5942.0,238.0,3.9,44312.0,1324.0,1868.0,1407.0,571.0,25.60928433,36.13152805,27.21470019,11.04448743,1837.3917,7.107507,-451.6082763671875,2.1075072288513184
48129,TX,Donley County,3289,537.0,0.1633,557.0,9.0,1492.0,1439.0,53.0,3.6,44866.0,364.0,723.0,767.0,357.0,16.46313885,32.70013569,34.69018544,16.14654003,398.20346,7.3569813,-158.79653930664062,-1.6430187225341797
48131,TX,Duval County,9706,2426.0,0.2499,2201.0,12.0,5069.0,4841.0,228.0,4.5,40539.0,1729.0,2283.0,2074.0,456.0,26.42922654,34.89758484,31.70284317,6.97034546,2028.5137,11.743847,-172.486328125,-0.2561531066894531
48133,TX,Eastland County,17893,2567.0,0.1435,972.0,28.0,6733.0,6424.0,309.0,4.6,53351.0,1830.0,4056.0,3586.0,2705.0,15.0283321,33.30869672,29.44896116,22.21401002,2009.3881,22.028818,1037.3880615234375,-5.971181869506836
48135,TX,Ector County,161057,25752.0,0.1599,14677.0,154.0,83257.0,79976.0,3281.0,3.9,64868.0,21942.0,29882.0,29919.0,16326.0,22.37404277,30.4703831,30.50811164,16.6474625,15065.592,154.79144,388.591796875,0.79144287109375
48137,TX,Edwards County,1428,291.0,0.2038,230.0,2.0,1193.0,1158.0,35.0,2.9,50752.0,199.0,209.0,275.0,239.0,21.5835141,22.6681128,29.82646421,25.92190889,158.75046,2.0261207,-71.24954223632812,0.026120662689208984
48139,TX,Ellis County,212323,18830.0,0.0887,21019.0,115.0,103397.0,99752.0,3645.0,3.5,89314.0,16294.0,35561.0,42317.0,37724.0,12.35367259,26.96139383,32.08361133,28.60132225,25443.084,118.343056,4424.083984375,3.3430557250976562
48141,TX,El Paso County,867239,179428.0,0.2069,83034.0,715.0,370182.0,354166.0,16016.0,4.3,53441.0,105030.0,135101.0,164948.0,137640.0,19.3525563,24.89336102,30.39289209,25.3611906,120549.89,632.9277,37515.890625,-82.07232666015625
48143,TX,Erath County,43837,5198.0,0.1186,3122.0,23.0,21227.0,20481.0,746.0,3.5,60093.0,3319.0,6739.0,7257.0,8335.0,12.93957115,26.27290448,28.29239766,32.49512671,3605.5134,23.873238,483.513427734375,0.8732376098632812
48145,TX,Falls County,16956,3247.0,0.1915,1731.0,23.0,6827.0,6545.0,282.0,4.1,47534.0,1838.0,3988.0,4513.0,1818.0,15.11886156,32.80414576,37.12264539,14.95434729,2608.9075,22.08823,877.907470703125,-0.9117698669433594
48147,TX,Fannin County,37075,4662.0,0.1257,2714.0,49.0,17487.0,16871.0,616.0,3.5,60959.0,3422.0,9198.0,8025.0,5215.0,13.23279196,35.56844548,31.0324826,20.16627997,3535.7642,44.842663,821.76416015625,-4.157337188720703
48149,TX,Fayette County,24934,2651.0,0.1063,1648.0,20.0,11997.0,11576.0,421.0,3.5,70476.0,1769.0,6632.0,4820.0,4929.0,9.746556474,36.5399449,26.55647383,27.15702479,2380.7852,22.860163,732.78515625,2.8601627349853516
48151,TX,Fisher County,3626,612.0,0.1688,250.0,12.0,1629.0,1571.0,58.0,3.6,57867.0,264.0,995.0,971.0,497.0,9.680968097,36.48698203,35.60689402,18.22515585,510.49957,5.55257,260.49957275390625,-6.44743013381958
48153,TX,Floyd County,5239,1106.0,0.2111,969.0,9.0,2471.0,2368.0,103.0,4.2,45784.0,911.0,1068.0,1006.0,599.0,25.41852679,29.79910714,28.06919643,16.71316964,864.91864,9.363595,-104.08135986328125,0.36359500885009766
48155,TX,Foard County,1063,174.0,0.1637,58.0,1.0,568.0,550.0,18.0,3.2,47657.0,127.0,199.0,253.0,98.0,18.75923191,29.394387,37.37075332,14.47562777,-59.86427,0.9830567,-117.8642692565918,-0.016943275928497314
48157,TX,Fort Bend County,888919,69965.0,0.0787,124478.0,263.0,419021.0,402341.0,16680.0,4.0,105583.0,44909.0,97943.0,139416.0,274384.0,8.067697592,17.59501448,25.0454503,49.29183763,124103.92,262.97687,-374.078125,-0.02313232421875
48159,TX,Franklin County,10665,1444.0,0.1354,1135.0,9.0,5356.0,5179.0,177.0,3.3,56623.0,677.0,2016.0,2557.0,2177.0,9.115389794,27.14420358,34.42843678,29.31196984,943.1558,11.453577,-191.84417724609375,2.4535770416259766
48161,TX,Freestone County,20032,2874.0,0.1435,1396.0,14.0,6355.0,6013.0,342.0,5.4,56372.0,1870.0,4916.0,4941.0,2215.0,13.4127098,35.26036437,35.43967867,15.88724717,2194.715,17.278912,798.715087890625,3.278911590576172
48163,TX,Frio County,17716,3706.0,0.2092,2339.0,17.0,9490.0,9164.0,326.0,3.4,46769.0,3329.0,4607.0,2090.0,1289.0,29.4211224,40.7158639,18.47105612,11.39195758,2355.9424,15.121535,16.9423828125,-1.878464698791504
48165,TX,Gaines County,22140,3239.0,0.1463,161.0,18.0,10171.0,9864.0,307.0,3.0,62465.0,4922.0,3618.0,2304.0,950.0,41.73308462,30.67661523,19.53535696,8.054943191,1644.698,15.618507,1483.697998046875,-2.3814926147460938
48167,TX,Galveston County,357387,47446.0,0.1328,47549.0,159.0,169221.0,161693.0,7528.0,4.4,75947.0,24431.0,55646.0,78095.0,82424.0,10.15436666,23.12839781,32.45897687,34.25825866,41252.58,283.2078,-6296.421875,124.20779418945312
48169,TX,Garza County,4498,1073.0,0.2386,688.0,6.0,1969.0,1886.0,83.0,4.2,50255.0,1197.0,1236.0,917.0,398.0,31.93703308,32.97758805,24.46638207,10.6189968,600.38403,6.4154043,-87.615966796875,0.4154043197631836
48171,TX,Gillespie County,27501,2613.0,0.095,2330.0,33.0,14612.0,14222.0,390.0,2.7,77013.0,2179.0,5020.0,5946.0,7183.0,10.71920504,24.69500197,29.25029516,35.33549784,2674.3105,26.866278,344.310546875,-6.133722305297852
48173,TX,Glasscock County,1139,106.0,0.0931,61.0,0.0,876.0,852.0,24.0,2.7,96533.0,97.0,112.0,260.0,311.0,12.43589744,14.35897436,33.33333333,39.87179487,114.11609,2.6500707,53.1160888671875,2.6500706672668457
48175,TX,Goliad County,7120,1025.0,0.144,828.0,5.0,3188.0,3046.0,142.0,4.5,62841.0,831.0,1553.0,1829.0,987.0,15.98076923,29.86538462,35.17307692,18.98076923,810.6232,7.080152,-17.37677001953125,2.0801520347595215
48177,TX,Gonzales County,19816,3011.0,0.1519,1633.0,18.0,9541.0,9227.0,314.0,3.3,57523.0,2992.0,5081.0,3287.0,1644.0,23.00830514,39.07259305,25.2768379,12.64226392,3045.2126,22.819199,1412.212646484375,4.8191986083984375
48179,TX,Gray County,20980,3244.0,0.1546,2527.0,39.0,7700.0,7352.0,348.0,4.5,50648.0,2123.0,5034.0,4627.0,2145.0,15.24158231,36.14042645,33.21846507,15.39952617,2551.1052,31.27732,24.105224609375,-7.722679138183594
48181,TX,Grayson County,143198,15629.0,0.1091,13944.0,139.0,67033.0,64573.0,2460.0,3.7,66141.0,9014.0,29398.0,33686.0,22436.0,9.535193687,31.09780608,35.63374024,23.73325999,14704.229,135.48549,760.228515625,-3.5145111083984375
48183,TX,Gregg County,125559,19744.0,0.1572,6693.0,133.0,57085.0,54632.0,2453.0,4.3,60932.0,10678.0,22805.0,29115.0,18026.0,13.24419528,28.28562215,36.11207581,22.35810677,7244.002,127.12655,551.001953125,-5.873451232910156
48185,TX,Grimes County,31170,4386.0,0.1407,4354.0,15.0,11498.0,10974.0,524.0,4.6,61188.0,3790.0,6460.0,6660.0,4086.0,18.05105734,30.76776529,31.72032768,19.46084969,4041.1,35.596348,-312.89990234375,20.59634780883789
48187,TX,Guadalupe County,182702,17172.0,0.094,18918.0,90.0,85569.0,82634.0,2935.0,3.4,86043.0,12804.0,34243.0,35626.0,37009.0,10.69835063,28.61165422,29.76721646,30.9227787,19195.293,94.17717,277.29296875,4.1771697998046875
48189,TX,Hale County,31966,6435.0,0.2013,-170.0,47.0,11708.0,11125.0,583.0,5.0,49571.0,4969.0,6651.0,5230.0,3122.0,24.87983176,33.30162227,26.18666133,15.63188464,742.47327,45.066586,912.4732666015625,-1.9334144592285156
48191,TX,Hall County,2818,643.0,0.2282,621.0,9.0,1100.0,1054.0,46.0,4.2,40677.0,343.0,710.0,635.0,366.0,16.69912366,34.56669912,30.91528724,17.81888997,545.9445,8.606252,-75.05548095703125,-0.39374828338623047
48193,TX,Hamilton County,8313,1118.0,0.1345,707.0,7.0,3884.0,3750.0,134.0,3.5,59753.0,681.0,2074.0,1671.0,1419.0,11.65098375,35.48331908,28.58853721,24.27715997,752.16797,7.989905,45.16796875,0.9899048805236816
48195,TX,Hansford County,5111,574.0,0.1123,987.0,4.0,2907.0,2837.0,70.0,2.4,69064.0,819.0,699.0,728.0,981.0,25.37960954,21.66098544,22.55965293,30.39975209,790.2754,6.13341,-196.724609375,2.1334099769592285
48197,TX,Hardeman County,3525,572.0,0.1623,161.0,7.0,1796.0,1732.0,64.0,3.6,49539.0,356.0,847.0,912.0,374.0,14.3029329,34.02973082,36.64122137,15.02611491,209.7754,5.3952613,48.77540588378906,-1.604738712310791
48199,TX,Hardin County,57840,7590.0,0.1312,3705.0,41.0,24970.0,23668.0,1302.0,5.2,70432.0,3905.0,14431.0,12314.0,8033.0,10.09487372,37.30579324,31.83310498,20.76622806,7087.6553,55.846237,3382.6552734375,14.846237182617188
48201,TX,Harris County,4781337,775281.0,0.1621,589055.0,1693.0,2341765.0,2241382.0,100383.0,4.3,68748.0,538499.0,698362.0,799676.0,1037321.0,17.51866872,22.71939693,26.01538523,33.74654912,589057.3,1694.4746,2.3125,1.474609375
48203,TX,Harrison County,70038,10570.0,0.1509,5932.0,107.0,29081.0,27770.0,1311.0,4.5,64636.0,4990.0,14942.0,15721.0,10352.0,10.8466471,32.47907836,34.17237257,22.50190197,6713.062,93.00381,781.06201171875,-13.996192932128906
48205,TX,Hartley County,5228,389.0,0.0744,484.0,17.0,2634.0,2582.0,52.0,2.0,84165.0,677.0,1396.0,1004.0,923.0,16.925,34.9,25.1,23.075,575.64343,13.022934,91.6434326171875,-3.9770660400390625
48207,TX,Haskell County,5376,996.0,0.1853,375.0,3.0,2772.0,2689.0,83.0,3.0,48587.0,652.0,1368.0,1008.0,879.0,16.6879959,35.0140773,25.79984643,22.49808037,605.1609,9.4451885,230.160888671875,6.445188522338867
48209,TX,Hays County,269103,25751.0,0.0957,39096.0,137.0,138727.0,134484.0,4243.0,3.1,89074.0,13551.0,33812.0,45153.0,66658.0,8.513325041,21.24216266,28.36707,41.8774423,38778.613,137.63147,-317.38671875,0.6314697265625
48211,TX,Hemphill County,3225,350.0,0.1085,597.0,5.0,1627.0,1572.0,55.0,3.4,73212.0,342.0,727.0,600.0,540.0,15.48211861,32.91081938,27.16161159,24.44545043,377.37122,1.9475119,-219.6287841796875,-3.052488088607788
48213,TX,Henderson County,84490,10798.0,0.1278,7763.0,109.0,39102.0,37594.0,1508.0,3.9,62843.0,7389.0,19875.0,19980.0,11968.0,12.47888941,33.56583125,33.74316017,20.21211917,7793.0527,104.33182,30.052734375,-4.668182373046875
48215,TX,Hidalgo County,888286,240721.0,0.271,137871.0,504.0,371568.0,347089.0,24479.0,6.6,48825.0,155271.0,127485.0,120846.0,102969.0,30.65137957,25.16626495,23.85568854,20.32666694,137976.8,503.72226,105.796875,-0.277740478515625
48217,TX,Hill County,37266,5714.0,0.1533,3889.0,28.0,17847.0,17145.0,702.0,3.9,57566.0,3281.0,8575.0,8610.0,4631.0,13.07327569,34.16743037,34.30688927,18.45240467,4279.626,35.16937,390.6259765625,7.169368743896484
48219,TX,Hockley County,21278,3104.0,0.1459,4446.0,28.0,10803.0,10404.0,399.0,3.7,56923.0,2754.0,3897.0,4536.0,2508.0,20.10952903,28.45564074,33.12157722,18.31325301,4084.9019,27.85441,-361.09814453125,-0.14558982849121094
48221,TX,Hood County,66394,6447.0,0.0971,4511.0,74.0,29898.0,28759.0,1139.0,3.8,75545.0,3612.0,13021.0,14910.0,15123.0,7.740110573,27.90254146,31.95045644,32.40689153,6010.026,69.94499,1499.02587890625,-4.0550079345703125
48223,TX,Hopkins County,37793,4779.0,0.1265,2068.0,36.0,18345.0,17686.0,659.0,3.6,64249.0,3875.0,8586.0,7707.0,5051.0,15.3653991,34.04575915,30.56029184,20.0285499,3258.1997,38.070374,1190.19970703125,2.07037353515625
48225,TX,Houston County,21943,3924.0,0.1788,1874.0,31.0,10596.0,10216.0,380.0,3.6,49741.0,2826.0,6155.0,4792.0,2531.0,17.33316977,37.75147203,29.39156035,15.52379784,2423.172,32.840847,549.172119140625,1.8408470153808594
48227,TX,Howard County,30732,4813.0,0.1566,1753.0,39.0,13143.0,12471.0,672.0,5.1,59598.0,4274.0,7548.0,7449.0,3492.0,18.776084,33.15907394,32.72415762,15.34068444,2139.7922,39.549225,386.792236328125,0.549224853515625
48229,TX,Hudspeth County,3416,863.0,0.2526,525.0,4.0,1886.0,1810.0,76.0,4.0,39582.0,877.0,547.0,493.0,271.0,40.08226691,25.0,22.53199269,12.3857404,518.4908,4.94056,-6.50921630859375,0.9405598640441895
48231,TX,Hunt County,108438,13548.0,0.1249,7536.0,75.0,46855.0,44995.0,1860.0,4.0,68019.0,9465.0,23227.0,21340.0,15145.0,13.68229325,33.57618862,30.84840337,21.89311476,8266.715,79.53489,730.71484375,4.534889221191406
48233,TX,Hutchinson County,20222,2359.0,0.1167,3069.0,39.0,8470.0,8087.0,383.0,4.5,65019.0,1899.0,4292.0,5072.0,2138.0,14.17058428,32.02746064,37.8479218,15.95403328,2964.2712,34.370693,-104.728759765625,-4.629306793212891
48235,TX,Irion County,1534,131.0,0.0854,375.0,1.0,790.0,766.0,24.0,3.0,77768.0,115.0,277.0,439.0,236.0,10.77788191,25.9606373,41.14339269,22.1180881,171.621,1.0985435,-203.37899780273438,0.09854352474212646
48237,TX,Jack County,8764,1237.0,0.1411,573.0,9.0,3454.0,3322.0,132.0,3.8,54132.0,1160.0,1942.0,1857.0,914.0,19.75140473,33.06657586,31.61927465,15.56274476,928.25226,11.171609,355.25225830078125,2.1716089248657227
48239,TX,Jackson County,15183,2233.0,0.1471,1031.0,9.0,7154.0,6902.0,252.0,3.5,61953.0,1755.0,3797.0,3125.0,1635.0,17.01900698,36.82117921,30.30449961,15.8553142,1476.06,10.732991,445.06005859375,1.7329912185668945
48241,TX,Jasper County,32495,6202.0,0.1909,3701.0,41.0,12673.0,11853.0,820.0,6.5,50763.0,2655.0,10492.0,6762.0,2858.0,11.6616155,46.08424474,29.70088286,12.55325691,4682.1943,45.16018,981.1943359375,4.160179138183594
48243,TX,Jeff Davis County,1906,254.0,0.1333,60.0,4.0,1018.0,982.0,36.0,3.5,58285.0,187.0,191.0,598.0,427.0,13.32858161,13.61368496,42.62295082,30.43478261,51.754642,2.899912,-8.245357513427734,-1.1000878810882568
48245,TX,Jefferson County,251601,44645.0,0.1774,27933.0,135.0,101423.0,95037.0,6386.0,6.3,55065.0,25619.0,54892.0,56007.0,32964.0,15.11605952,32.38810021,33.04598718,19.44985308,27812.506,138.8161,-120.494140625,3.81610107421875
48247,TX,Jim Hogg County,4774,1263.0,0.2646,2765.0,2.0,1809.0,1711.0,98.0,5.4,43782.0,511.0,985.0,454.0,456.0,21.23857024,40.93931837,18.86949293,18.95261845,2204.3037,3.1312308,-560.6962890625,1.1312308311462402
48249,TX,Jim Wells County,38729,9541.0,0.2464,6363.0,42.0,15440.0,14546.0,894.0,5.8,48252.0,5138.0,9214.0,6606.0,3750.0,20.79488425,37.29156548,26.73627975,15.17727052,6456.445,45.675926,93.44482421875,3.6759262084960938
48251,TX,Johnson County,195496,19258.0,0.0985,20298.0,178.0,88975.0,85823.0,3152.0,3.5,76747.0,16148.0,42022.0,36240.0,29069.0,13.07752735,34.0316977,29.34912009,23.54165486,20078.322,179.25307,-219.677734375,1.2530670166015625
48253,TX,Jones County,20271,3224.0,0.159,1848.0,37.0,5829.0,5575.0,254.0,4.4,51894.0,2796.0,5711.0,4617.0,1659.0,18.91361699,38.63221268,31.23182033,11.22235,1975.6179,35.293175,127.617919921875,-1.7068252563476562
48255,TX,Karnes County,14945,2296.0,0.1536,2042.0,17.0,6645.0,6423.0,222.0,3.3,61860.0,2396.0,3860.0,2559.0,1681.0,22.8277439,36.77591463,24.38071646,16.015625,1820.9637,16.048323,-221.0362548828125,-0.9516773223876953
48257,TX,Kaufman County,172611,14630.0,0.0848,16301.0,100.0,75163.0,72313.0,2850.0,3.8,92814.0,13849.0,29435.0,32434.0,25641.0,13.66331554,29.04034176,31.9991318,25.2972109,18361.896,87.56973,2060.896484375,-12.430267333984375
48259,TX,Kendall County,49019,3384.0,0.069,4194.0,29.0,23735.0,22983.0,752.0,3.2,120238.0,2097.0,5388.0,9077.0,15989.0,6.442198396,16.55248687,27.88547203,49.11984271,4287.145,27.34079,93.14501953125,-1.659210205078125
48261,TX,Kenedy County,354,27.0,0.0763,41.0,0.0,145.0,136.0,9.0,6.2,43274.0,25.0,9.0,8.0,5.0,53.19148936,19.14893617,17.0212766,10.63829787,0.8374448,-0.1554462,-40.16255521774292,-0.15544620156288147
48263,TX,Kent County,744,82.0,0.1102,65.0,1.0,657.0,644.0,13.0,2.0,58118.0,57.0,142.0,214.0,152.0,10.08849558,25.13274336,37.87610619,26.90265487,52.56161,2.5380836,-12.43838882446289,1.538083553314209
48265,TX,Kerr County,53784,6477.0,0.1204,3467.0,58.0,22340.0,21528.0,812.0,3.6,59619.0,3783.0,11354.0,11738.0,12195.0,9.682620937,29.06066035,30.04351165,31.21320706,6763.439,50.108936,3296.43896484375,-7.891063690185547
48267,TX,Kimble County,4420,745.0,0.1686,439.0,4.0,1862.0,1799.0,63.0,3.4,51851.0,567.0,984.0,948.0,862.0,16.86997917,29.27700089,28.2058911,25.64712883,491.78815,5.6433644,52.78814697265625,1.643364429473877
48269,TX,King County,234,24.0,0.1026,27.0,0.0,572.0,567.0,5.0,0.9,87856.0,31.0,39.0,28.0,56.0,20.12987013,25.32467532,18.18181818,36.36363636,69.11157,0.95951825,42.111572265625,0.9595182538032532
48271,TX,Kinney County,3131,563.0,0.1798,289.0,3.0,1262.0,1201.0,61.0,4.8,52609.0,288.0,635.0,1130.0,498.0,11.28969032,24.89219914,44.29635437,19.52175617,353.8829,5.787796,64.88290405273438,2.7877960205078125
48273,TX,Kleberg County,30376,7761.0,0.2555,4572.0,20.0,13104.0,12469.0,635.0,4.8,51342.0,2807.0,5697.0,4735.0,4118.0,16.17214957,32.82249237,27.28005992,23.72529815,4094.5833,21.440546,-477.416748046875,1.4405460357666016
48275,TX,Knox County,3284,613.0,0.1867,220.0,3.0,1483.0,1423.0,60.0,4.0,47207.0,341.0,854.0,753.0,360.0,14.77469671,37.0017331,32.62564991,15.59792028,325.41025,6.542786,105.41024780273438,3.542786121368408
48277,TX,Lamar County,50515,7422.0,0.1469,5705.0,53.0,24445.0,23382.0,1063.0,4.3,62620.0,4110.0,11613.0,11548.0,7068.0,11.96889834,33.81869012,33.62940097,20.58301057,5846.231,53.808575,141.23095703125,0.8085746765136719
48279,TX,Lamb County,12786,2235.0,0.1748,1870.0,28.0,5277.0,5065.0,212.0,4.0,53008.0,1829.0,2759.0,2350.0,1153.0,22.60536398,34.09961686,29.04461748,14.25040168,1738.571,22.953228,-131.428955078125,-5.046772003173828
48281,TX,Lampasas County,22790,2928.0,0.1285,2553.0,22.0,9415.0,9062.0,353.0,3.7,67917.0,1525.0,4668.0,6097.0,3394.0,9.723284876,29.76281561,38.87401173,21.63988778,2507.807,21.69583,-45.193115234375,-0.3041706085205078
48283,TX,La Salle County,6556,1485.0,0.2265,1106.0,12.0,4116.0,3997.0,119.0,2.9,40555.0,1625.0,1896.0,611.0,364.0,36.14323843,42.17081851,13.58985765,8.096085409,1064.8435,11.684399,-41.156494140625,-0.3156013488769531
48285,TX,Lavaca County,20653,2521.0,0.1221,1487.0,23.0,9146.0,8835.0,311.0,3.4,58400.0,1833.0,5358.0,4071.0,2976.0,12.87399916,37.63168984,28.59249895,20.90181205,2133.823,23.807196,646.822998046875,0.8071956634521484
48287,TX,Lee County,17971,2170.0,0.1208,2044.0,10.0,8794.0,8481.0,313.0,3.6,65911.0,2118.0,4778.0,3351.0,2357.0,16.80418915,37.90860044,26.58679784,18.70041257,1966.8671,14.806488,-77.1329345703125,4.806488037109375
48289,TX,Leon County,16220,2265.0,0.1396,1640.0,20.0,6098.0,5779.0,319.0,5.2,56749.0,1556.0,4350.0,3525.0,1939.0,13.68513632,38.2585752,31.00263852,17.05364996,1905.3427,19.198456,265.3426513671875,-0.801544189453125
48291,TX,Liberty County,102462,19323.0,0.1886,8035.0,49.0,35332.0,33238.0,2094.0,5.9,61880.0,13269.0,23101.0,17357.0,6802.0,21.92172347,38.16517702,28.67551091,11.23758859,8164.734,49.764236,129.73388671875,0.7642364501953125
48293,TX,Limestone County,22164,3972.0,0.1792,2199.0,23.0,8455.0,8064.0,391.0,4.6,51357.0,2247.0,4883.0,5449.0,2975.0,14.44644464,31.39385367,35.03278899,19.12691269,3245.7107,38.709927,1046.710693359375,15.70992660522461
48295,TX,Lipscomb County,2846,383.0,0.1346,309.0,7.0,1467.0,1421.0,46.0,3.1,70236.0,306.0,527.0,550.0,471.0,16.50485437,28.42502697,29.66558792,25.40453074,298.39304,5.087663,-10.606964111328125,-1.912336826324463
48297,TX,Live Oak County,11541,1892.0,0.1639,609.0,13.0,4884.0,4678.0,206.0,4.2,58576.0,1922.0,2448.0,2801.0,1152.0,23.09263487,29.41247146,33.65373063,13.84116304,782.90485,12.731004,173.90484619140625,-0.2689962387084961
48299,TX,Llano County,22623,2857.0,0.1263,2099.0,17.0,9353.0,8993.0,360.0,3.8,59528.0,1412.0,4800.0,5488.0,5778.0,8.078727543,27.46309646,31.39947362,33.05870237,2337.6704,19.81767,238.67041015625,2.8176708221435547
48301,TX,Loving County,44,2.0,0.0455,347.0,1.0,866.0,861.0,5.0,0.6,94716.0,3.0,11.0,38.0,0.0,5.769230769,21.15384615,73.07692308,0.0,-65.5448,-3.0405436,-412.5447998046875,-4.040543556213379
48303,TX,Lubbock County,317761,52929.0,0.1666,38609.0,275.0,163437.0,157861.0,5576.0,3.4,59138.0,21117.0,48235.0,56524.0,62913.0,11.18550339,25.54968775,29.94030373,33.32450514,38598.53,271.70258,-10.46875,-3.29742431640625
48305,TX,Lynn County,5738,883.0,0.1539,730.0,12.0,2870.0,2767.0,103.0,3.6,56754.0,639.0,1034.0,1134.0,901.0,17.23300971,27.88565264,30.58252427,24.29881338,800.2233,10.019281,70.22332763671875,-1.9807186126708984
48307,TX,McCulloch County,7468,1370.0,0.1834,779.0,10.0,3158.0,3024.0,134.0,4.2,45915.0,927.0,1775.0,1621.0,1054.0,17.24009671,33.01097266,30.14692208,19.60200855,825.56964,11.264835,46.56964111328125,1.2648353576660156
48309,TX,McLennan County,266162,40862.0,0.1535,28365.0,178.0,126753.0,122139.0,4614.0,3.6,63160.0,19302.0,44266.0,53538.0,45027.0,11.90504092,27.30227653,33.02103828,27.77164427,28613.041,179.7044,248.041015625,1.70440673828125
48311,TX,McMullen County,569,72.0,0.1265,63.0,2.0,851.0,835.0,16.0,1.9,67525.0,41.0,156.0,104.0,53.0,11.5819209,44.06779661,29.37853107,14.97175141,243.79523,0.28497586,180.79522705078125,-1.7150241434574127
48313,TX,Madison County,13641,1915.0,0.1404,1575.0,20.0,4765.0,4557.0,208.0,4.4,53906.0,1809.0,3520.0,2481.0,1328.0,19.79645437,38.520464,27.15036113,14.53272051,1629.9456,16.660305,54.945556640625,-3.3396949768066406
48315,TX,Marion County,9550,1695.0,0.1775,768.0,12.0,4228.0,4015.0,213.0,5.0,47720.0,950.0,2592.0,2419.0,1135.0,13.38782413,36.5276212,34.08962796,15.99492672,1079.0658,14.187705,311.0657958984375,2.1877050399780273
48317,TX,Martin County,5228,710.0,0.1358,457.0,2.0,2803.0,2715.0,88.0,3.1,73315.0,521.0,1337.0,781.0,571.0,16.2305296,41.65109034,24.33021807,17.78816199,622.2224,2.7327578,165.222412109375,0.7327578067779541
48319,TX,Mason County,3978,497.0,0.1249,414.0,5.0,1830.0,1768.0,62.0,3.4,59129.0,438.0,580.0,647.0,1116.0,15.74973031,20.85580726,23.26501259,40.12944984,358.23755,6.238633,-55.762451171875,1.238633155822754
48321,TX,Matagorda County,36122,7106.0,0.1967,3771.0,23.0,17202.0,16175.0,1027.0,6.0,58380.0,4154.0,6943.0,7497.0,5482.0,17.25369663,28.83784682,31.1388935,22.76956305,3849.6162,24.757095,78.6162109375,1.7570953369140625
48323,TX,Maverick County,57628,12535.0,0.2175,10428.0,60.0,23525.0,21646.0,1879.0,8.0,43407.0,10762.0,9455.0,8018.0,5111.0,32.27373598,28.35422539,24.04486295,15.32717567,10368.643,62.19175,-59.357421875,2.1917495727539062
48325,TX,Medina County,53657,6070.0,0.1131,4723.0,38.0,22675.0,21800.0,875.0,3.9,70313.0,5008.0,11624.0,11121.0,7900.0,14.0465038,32.603147,31.19232603,22.15802317,5013.6235,41.193977,290.62353515625,3.1939773559570312
48327,TX,Menard County,1979,398.0,0.2011,263.0,1.0,859.0,827.0,32.0,3.7,44145.0,338.0,363.0,420.0,333.0,23.24621733,24.9656121,28.88583219,22.90233838,124.22275,4.4439683,-138.77725219726562,3.4439682960510254
48329,TX,Midland County,172019,19792.0,0.1151,16571.0,108.0,106186.0,103044.0,3142.0,3.0,81187.0,14805.0,25292.0,34199.0,33291.0,13.76095625,23.50841644,31.78729772,30.94332958,16842.234,108.01916,271.234375,0.01915740966796875
48331,TX,Milam County,25622,4189.0,0.1635,1943.0,16.0,10394.0,9950.0,444.0,4.3,54667.0,2314.0,6962.0,4749.0,3401.0,13.27900838,39.95179617,27.2523815,19.51681396,2486.1848,28.876558,543.184814453125,12.876558303833008
48333,TX,Mills County,4498,646.0,0.1436,627.0,11.0,1905.0,1823.0,82.0,4.3,58068.0,363.0,1042.0,1076.0,969.0,10.52173913,30.20289855,31.1884058,28.08695652,400.62,5.055103,-226.3800048828125,-5.944897174835205
48335,TX,Mitchell County,8938,1451.0,0.1623,1041.0,7.0,2311.0,2208.0,103.0,4.5,48378.0,1018.0,2294.0,1926.0,847.0,16.72966311,37.69926048,31.6516023,13.91947412,1018.65094,8.150978,-22.34906005859375,1.1509780883789062
48337,TX,Montague County,21079,3084.0,0.1463,1912.0,34.0,9294.0,8956.0,338.0,3.6,57076.0,1895.0,5454.0,4514.0,2576.0,13.12417757,37.77269894,31.26255281,17.84057068,2247.3215,32.890537,335.321533203125,-1.1094627380371094
48339,TX,Montgomery County,679554,57427.0,0.0845,72628.0,217.0,302110.0,290130.0,11980.0,4.0,95241.0,42242.0,100062.0,124303.0,162678.0,9.840082929,23.30899053,28.95582189,37.89510465,74042.15,217.80882,1414.1484375,0.8088226318359375
48341,TX,Moore County,21094,2392.0,0.1134,2455.0,22.0,11313.0,11012.0,301.0,2.7,66583.0,3739.0,4383.0,2911.0,1511.0,29.80707908,34.94100765,23.20631378,12.04559949,2254.959,21.10075,-200.041015625,-0.8992500305175781
48343,TX,Morris County,12052,2218.0,0.184,1170.0,17.0,4491.0,4206.0,285.0,6.3,49847.0,1066.0,2956.0,2936.0,1280.0,12.94003399,35.88249575,35.63971838,15.53775188,1312.8456,16.874197,142.8455810546875,-0.12580299377441406
48345,TX,Motley County,1034,188.0,0.1818,135.0,5.0,508.0,487.0,21.0,4.1,46320.0,136.0,337.0,270.0,210.0,14.27072403,35.36201469,28.33158447,22.03567681,226.40584,2.888898,91.40583801269531,-2.1111021041870117
48347,TX,Nacogdoches County,64994,14076.0,0.2166,6212.0,31.0,28050.0,26833.0,1217.0,4.3,51708.0,5630.0,11044.0,11193.0,10050.0,14.84822111,29.12677691,29.51974049,26.50526149,6275.828,33.71255,63.828125,2.7125511169433594
48349,TX,Navarro County,54687,12232.0,0.2237,4859.0,48.0,23564.0,22637.0,927.0,3.9,50822.0,7048.0,9918.0,11339.0,5827.0,20.64924411,29.05777569,33.22102426,17.07195594,5294.2104,48.260994,435.21044921875,0.26099395751953125
48351,TX,Newton County,12041,2162.0,0.1796,716.0,23.0,4896.0,4558.0,338.0,6.9,47804.0,1373.0,4377.0,2528.0,550.0,15.55278659,49.58087902,28.63615768,6.23017671,2288.3977,17.466862,1572.397705078125,-5.533138275146484
48353,TX,Nolan County,14460,2605.0,0.1802,895.0,19.0,6801.0,6543.0,258.0,3.8,50579.0,1581.0,3487.0,3201.0,1315.0,16.49624374,36.38355593,33.39941569,13.72078464,1450.6312,17.425777,555.6312255859375,-1.5742225646972656
48355,TX,Nueces County,351590,59461.0,0.1691,47074.0,269.0,164081.0,156295.0,7786.0,4.7,60250.0,34448.0,68366.0,75577.0,55365.0,14.73673403,29.24673591,32.33157652,23.68495354,47328.2,268.78833,254.19921875,-0.211669921875
48357,TX,Ochiltree County,9692,1118.0,0.1154,934.0,15.0,3972.0,3836.0,136.0,3.4,69383.0,1138.0,2190.0,1502.0,1134.0,19.08115359,36.72032193,25.18443997,19.01408451,982.7465,11.486105,48.74652099609375,-3.513895034790039
48359,TX,Oldham County,1761,194.0,0.1102,219.0,0.0,934.0,906.0,28.0,3.0,66411.0,152.0,300.0,480.0,315.0,12.18925421,24.05773857,38.49238172,25.2606255,136.97525,1.431033,-82.02474975585938,1.4310330152511597
48361,TX,Orange County,85048,11655.0,0.137,2823.0,67.0,34953.0,32930.0,2023.0,5.8,63901.0,5103.0,20800.0,20638.0,10074.0,9.01351232,36.73938002,36.45323677,17.79387088,8892.608,76.27866,6069.6083984375,9.278663635253906
48363,TX,Palo Pinto County,29322,4549.0,0.1551,2848.0,27.0,13137.0,12634.0,503.0,3.8,56809.0,2758.0,7128.0,6299.0,3717.0,13.85790373,35.81549593,31.65008542,18.67651492,3467.567,32.39796,619.56689453125,5.397960662841797
48365,TX,Panola County,22742,3063.0,0.1347,2297.0,31.0,9609.0,9162.0,447.0,4.7,59772.0,2311.0,4730.0,5649.0,2762.0,14.95599275,30.61092415,36.55837432,17.87470878,2757.632,28.356062,460.632080078125,-2.6439380645751953
48367,TX,Parker County,165938,12854.0,0.0775,13780.0,156.0,74559.0,72083.0,2476.0,3.3,95277.0,10150.0,27795.0,35298.0,33809.0,9.481373538,25.96401749,32.9727609,31.58184807,14105.824,148.06436,325.82421875,-7.935638427734375
48369,TX,Parmer County,9649,1327.0,0.1375,938.0,9.0,5146.0,5020.0,126.0,2.4,57786.0,1683.0,1736.0,1721.0,1030.0,27.27714749,28.13614263,27.89303079,16.69367909,969.7407,10.950743,31.74072265625,1.9507427215576172
48371,TX,Pecos County,14711,2300.0,0.1563,1128.0,14.0,6223.0,5965.0,258.0,4.1,54003.0,2123.0,3993.0,2660.0,1360.0,20.94514601,39.39423836,26.24309392,13.4175217,1303.9387,14.903045,175.938720703125,0.9030447006225586
48373,TX,Polk County,53256,9204.0,0.1728,3043.0,49.0,18726.0,17674.0,1052.0,5.6,58894.0,6813.0,14434.0,11143.0,5015.0,18.21414249,38.58842401,29.79013501,13.40729849,3581.8179,49.407417,538.81787109375,0.40741729736328125
48375,TX,Potter County,114911,21130.0,0.1839,14393.0,149.0,54782.0,52994.0,1788.0,3.3,51028.0,16868.0,22906.0,21935.0,12941.0,22.5961152,30.6845278,29.38379102,17.33556597,14917.89,140.05972,524.8896484375,-8.940277099609375
48377,TX,Presidio County,5954,1354.0,0.2274,262.0,12.0,3108.0,2914.0,194.0,6.2,43666.0,1274.0,822.0,899.0,758.0,33.94617639,21.90247802,23.95417,20.19717559,477.97995,11.260357,215.97994995117188,-0.7396430969238281
48379,TX,Rains County,12836,1770.0,0.1379,530.0,17.0,6538.0,6312.0,226.0,3.5,45419.0,958.0,2989.0,3094.0,2367.0,10.18282313,31.77083333,32.88690476,25.15943878,1530.0352,16.003008,1000.03515625,-0.9969921112060547
48381,TX,Randall County,146244,12193.0,0.0834,15726.0,124.0,75680.0,73487.0,2193.0,2.9,77066.0,6051.0,22700.0,35976.0,30533.0,6.35208902,23.82951921,37.76611379,32.05227798,15694.211,120.70492,-31.7890625,-3.2950820922851562
48383,TX,Reagan County,3121,355.0,0.1137,306.0,6.0,1640.0,1581.0,59.0,3.6,83195.0,196.0,893.0,395.0,305.0,10.95584125,49.91615428,22.07937395,17.04863052,468.40103,5.393003,162.40103149414062,-0.606997013092041
48385,TX,Real County,2832,457.0,0.1614,390.0,8.0,1141.0,1087.0,54.0,4.7,49467.0,255.0,802.0,514.0,372.0,13.124035,41.27637674,26.45393721,19.14565106,492.33408,5.090093,102.33407592773438,-2.9099068641662598
48387,TX,Red River County,11605,2200.0,0.1896,1173.0,14.0,5211.0,4944.0,267.0,5.1,47081.0,1106.0,3432.0,2675.0,1337.0,12.93567251,40.14035088,31.28654971,15.6374269,1413.5663,16.295065,240.5662841796875,2.295064926147461
48389,TX,Reeves County,11692,2589.0,0.2214,1580.0,16.0,8536.0,8241.0,295.0,3.5,53969.0,2405.0,3356.0,2032.0,575.0,28.74043977,40.10516252,24.28298279,6.871414914,1624.5183,10.737667,44.518310546875,-5.262332916259766
48391,TX,Refugio County,6638,1145.0,0.1725,995.0,9.0,2985.0,2843.0,142.0,4.8,50936.0,816.0,1749.0,1488.0,649.0,17.35431731,37.19693747,31.64610804,13.80263718,954.79144,8.260518,-40.20855712890625,-0.7394819259643555
48393,TX,Roberts County,812,76.0,0.0936,74.0,1.0,401.0,385.0,16.0,4.0,70814.0,13.0,202.0,192.0,115.0,2.490421456,38.69731801,36.7816092,22.03065134,136.68538,-0.30553672,62.68537902832031,-1.3055367171764374
48395,TX,Robertson County,17130,2993.0,0.1747,2196.0,15.0,7982.0,7672.0,310.0,3.9,57796.0,1766.0,4349.0,3261.0,2218.0,15.23201656,37.51078144,28.12661722,19.13058479,2281.1104,17.097311,85.1103515625,2.097311019897461
48397,TX,Rockwall County,123342,5809.0,0.0471,12253.0,46.0,59266.0,57275.0,1991.0,3.4,124291.0,4438.0,14469.0,23896.0,33593.0,5.80920467,18.93947327,31.27912456,43.9721975,13928.479,58.341454,1675.478515625,12.341453552246094
48399,TX,Runnels County,9884,1550.0,0.1568,913.0,13.0,4680.0,4523.0,157.0,3.4,52729.0,944.0,2522.0,2074.0,1305.0,13.79108839,36.84441198,30.29948868,19.06501096,749.72144,15.119052,-163.278564453125,2.119051933288574
48401,TX,Rusk County,52524,8322.0,0.1584,3807.0,84.0,22474.0,21529.0,945.0,4.2,55085.0,5482.0,11906.0,12386.0,6474.0,15.12359303,32.84595012,34.17016111,17.86029574,6786.886,82.08379,2979.88623046875,-1.9162063598632812
48403,TX,Sabine County,10041,1670.0,0.1663,510.0,14.0,3942.0,3660.0,282.0,7.2,50564.0,980.0,2930.0,2455.0,1381.0,12.6516912,37.8259747,31.69377743,17.82855667,737.62244,13.62582,227.6224365234375,-0.3741798400878906
48405,TX,San Augustine County,7860,1522.0,0.1936,276.0,9.0,3111.0,2929.0,182.0,5.9,49591.0,1059.0,2552.0,1505.0,666.0,18.31546178,44.13697682,26.02905569,11.51850571,874.0703,10.82987,598.0703125,1.8298702239990234
48407,TX,San Jacinto County,28340,4748.0,0.1675,3444.0,47.0,12084.0,11490.0,594.0,4.9,57855.0,3057.0,7983.0,5496.0,3108.0,15.56200367,40.63836286,27.97800855,15.82162492,3867.8298,38.94225,423.829833984375,-8.057750701904297
48409,TX,San Patricio County,70087,11937.0,0.1703,6767.0,57.0,29300.0,27513.0,1787.0,6.1,62919.0,7339.0,15844.0,14507.0,7852.0,16.11479513,34.7898643,31.85411269,17.24122788,7118.569,58.715694,351.56884765625,1.7156944274902344
48411,TX,San Saba County,5880,978.0,0.1663,449.0,10.0,2234.0,2154.0,80.0,3.6,51350.0,638.0,1547.0,1036.0,891.0,15.5155642,37.62159533,25.19455253,21.66828794,794.09033,10.625188,345.09033203125,0.625187873840332
48413,TX,Schleicher County,2359,370.0,0.1568,203.0,0.0,1233.0,1188.0,45.0,3.6,54168.0,322.0,455.0,510.0,411.0,18.96348645,26.79623086,30.03533569,24.204947,162.59369,1.412781,-40.40631103515625,1.412781000137329
48415,TX,Scurry County,16269,2326.0,0.143,2158.0,15.0,6295.0,6031.0,264.0,4.2,60387.0,1614.0,3455.0,3876.0,1948.0,14.81685486,31.71761682,35.58248416,17.88304416,1916.5582,16.638323,-241.4417724609375,1.6383228302001953
48417,TX,Shackelford County,3212,398.0,0.1239,511.0,4.0,1875.0,1824.0,51.0,2.7,64690.0,167.0,555.0,718.0,762.0,7.584014532,25.20435967,32.60672116,34.60490463,183.24825,4.2903566,-327.7517547607422,0.2903566360473633
48419,TX,Shelby County,24061,4878.0,0.2027,2119.0,23.0,11060.0,10588.0,472.0,4.3,51551.0,2755.0,5904.0,4916.0,2161.0,17.50762583,37.51906457,31.24046772,13.73284189,2752.5837,25.7081,633.583740234375,2.708099365234375
48421,TX,Sherman County,2778,334.0,0.1202,203.0,3.0,1388.0,1349.0,39.0,2.8,73395.0,349.0,398.0,434.0,407.0,21.97732997,25.06297229,27.32997481,25.62972292,225.52203,-0.14742103,22.52203369140625,-3.147421032190323
48423,TX,Smith County,241995,27902.0,0.1153,17241.0,161.0,112585.0,108356.0,4229.0,3.8,67978.0,18900.0,39161.0,55731.0,43686.0,12.00167642,24.86760055,35.38970523,27.74101779,17348.104,165.55733,107.103515625,4.5573272705078125
48425,TX,Somervell County,9797,868.0,0.0886,646.0,13.0,4570.0,4393.0,177.0,3.9,75568.0,587.0,2215.0,2287.0,1694.0,8.653987911,32.65516733,33.71664455,24.97420021,684.5826,11.597557,38.58258056640625,-1.4024429321289062
48427,TX,Starr County,65653,21456.0,0.3268,11501.0,45.0,24752.0,22023.0,2729.0,11.0,35758.0,14659.0,9219.0,7955.0,4882.0,39.92646057,25.10962822,21.66689364,13.29701757,11598.72,44.86445,97.7197265625,-0.13555145263671875
48429,TX,Stephens County,9377,1602.0,0.1708,777.0,17.0,4066.0,3912.0,154.0,3.8,50710.0,1058.0,2019.0,2113.0,1155.0,16.67454689,31.82033097,33.30181245,18.20330969,957.32574,10.792951,180.32574462890625,-6.207049369812012
48431,TX,Sterling County,1426,167.0,0.1171,130.0,4.0,524.0,503.0,21.0,4.0,75895.0,95.0,303.0,196.0,193.0,12.07115629,38.50063532,24.9047014,24.52350699,19.429344,2.444577,-110.5706558227539,-1.5554230213165283
48433,TX,Stonewall County,1218,181.0,0.1486,164.0,1.0,701.0,680.0,21.0,3.0,53153.0,125.0,336.0,233.0,114.0,15.47029703,41.58415842,28.83663366,14.10891089,7.930563,2.8264549,-156.06943702697754,1.8264548778533936
48435,TX,Sutton County,3232,443.0,0.1371,253.0,3.0,1040.0,981.0,59.0,5.7,68838.0,413.0,849.0,551.0,332.0,19.25407925,39.58041958,25.68764569,15.47785548,387.25882,2.2710981,134.25881958007812,-0.7289018630981445
48437,TX,Swisher County,6959,1244.0,0.1788,1045.0,9.0,2582.0,2476.0,106.0,4.1,52148.0,881.0,1871.0,825.0,902.0,19.6695691,41.77271712,18.41929002,20.13842376,1017.24036,5.86067,-27.7596435546875,-3.1393299102783203
48439,TX,Tarrant County,2155646,225849.0,0.1048,281515.0,1189.0,1139902.0,1098145.0,41757.0,3.7,76285.0,178658.0,327514.0,401695.0,479206.0,12.88021611,23.61187912,28.95990334,34.54800144,281498.22,1191.6229,-16.78125,2.6229248046875
48441,TX,Taylor County,145147,22632.0,0.1559,17699.0,139.0,68904.0,66573.0,2331.0,3.4,61798.0,8357.0,25997.0,28529.0,25697.0,9.434409573,29.34861142,32.20704448,29.00993452,17867.76,138.43639,168.759765625,-0.5636138916015625
48443,TX,Terrell County,688,126.0,0.1831,26.0,0.0,405.0,390.0,15.0,3.7,47969.0,42.0,224.0,211.0,228.0,5.957446809,31.77304965,29.92907801,32.34042553,164.22755,-1.041555,138.22755432128906,-1.0415550470352173
48445,TX,Terry County,11444,2228.0,0.1947,459.0,12.0,4650.0,4454.0,196.0,4.2,46998.0,1644.0,2601.0,2332.0,810.0,22.25531339,35.21050494,31.56897252,10.96520915,1648.7147,17.475983,1189.7147216796875,5.475982666015625
48447,TX,Throckmorton County,1539,199.0,0.1293,150.0,3.0,739.0,715.0,24.0,3.2,50997.0,83.0,391.0,379.0,284.0,7.299912049,34.3887423,33.33333333,24.97801231,24.138193,1.5139216,-125.86180686950684,-1.4860783815383911
48449,TX,Titus County,31237,4934.0,0.158,3879.0,40.0,13764.0,13162.0,602.0,4.4,58411.0,4481.0,6906.0,5174.0,3015.0,22.8902738,35.2778913,26.43032284,15.40151206,1895.1129,31.562372,-1983.8870849609375,-8.437627792358398
48451,TX,Tom Green County,118913,15080.0,0.1268,12162.0,90.0,55626.0,53694.0,1932.0,3.5,60348.0,10056.0,21723.0,26858.0,19668.0,12.84209182,27.74152353,34.29921461,25.11717004,12328.52,100.91977,166.51953125,10.919769287109375
48453,TX,Travis County,1327550,131687.0,0.0992,153430.0,314.0,823554.0,800001.0,23553.0,2.9,95151.0,78078.0,132542.0,199835.0,512222.0,8.462116212,14.36494028,21.65817507,55.51476844,153513.19,317.3043,83.1875,3.304290771484375
48455,TX,Trinity County,13993,2205.0,0.1576,1427.0,12.0,5368.0,5083.0,285.0,5.3,49629.0,1117.0,4045.0,3352.0,1609.0,11.03427838,39.95851032,33.11271362,15.89449768,1624.2986,15.886212,197.298583984375,3.8862123489379883
48457,TX,Tyler County,20411,3166.0,0.1551,2323.0,20.0,7181.0,6744.0,437.0,6.1,50722.0,2469.0,6269.0,4132.0,1751.0,16.88666986,42.87668422,28.26072088,11.97592504,2596.8113,23.7707,273.811279296875,3.770700454711914
48459,TX,Upshur County,42454,6553.0,0.1544,2868.0,60.0,17868.0,17097.0,771.0,4.3,59690.0,3770.0,9106.0,10766.0,5011.0,13.15743552,31.78026734,37.57372701,17.48857013,3358.4905,54.558662,490.490478515625,-5.441337585449219
48461,TX,Upton County,3146,482.0,0.1532,260.0,3.0,2414.0,2350.0,64.0,2.7,61607.0,412.0,1019.0,598.0,196.0,18.51685393,45.79775281,26.87640449,8.808988764,238.56258,2.269017,-21.437423706054688,-0.7309830188751221
48463,TX,Uvalde County,24890,5983.0,0.2404,4914.0,27.0,11264.0,10763.0,501.0,4.4,48427.0,3370.0,4018.0,4993.0,3127.0,21.73071963,25.90920815,32.19628579,20.16378643,4602.276,27.480421,-311.72412109375,0.4804210662841797
48465,TX,Val Verde County,47617,9706.0,0.2038,4874.0,50.0,22262.0,21246.0,1016.0,4.6,52593.0,7227.0,8637.0,6941.0,6184.0,24.93014592,29.79405982,23.9435648,21.33222947,5052.317,48.712715,178.31689453125,-1.2872848510742188
48467,TX,Van Zandt County,62888,8488.0,0.135,3870.0,80.0,27948.0,26966.0,982.0,3.5,57706.0,5408.0,13876.0,15585.0,7758.0,12.68679475,32.55213832,36.56133437,18.19973256,8505.184,62.95646,4635.18359375,-17.043540954589844
48469,TX,Victoria County,91074,13969.0,0.1534,9172.0,67.0,41237.0,39485.0,1752.0,4.2,67905.0,8968.0,18598.0,20625.0,11813.0,14.94567029,30.99460036,34.37270849,19.68702087,11587.553,84.24241,2415.552734375,17.242408752441406
48471,TX,Walker County,79678,11970.0,0.1502,9467.0,36.0,24019.0,22877.0,1142.0,4.8,53301.0,7984.0,18162.0,15022.0,11230.0,15.23722279,34.66162831,28.66903317,21.43211573,9302.2,47.22088,-164.7998046875,11.220878601074219
48473,TX,Waller County,61852,7974.0,0.1289,4326.0,38.0,25472.0,24363.0,1109.0,4.4,75223.0,5501.0,10022.0,9633.0,9104.0,16.0566258,29.25277291,28.117338,26.57326328,4573.213,37.2195,247.212890625,-0.7804985046386719
48475,TX,Ward County,10948,1581.0,0.1444,1142.0,14.0,6231.0,6001.0,230.0,3.7,60775.0,1350.0,2865.0,2145.0,761.0,18.95801152,40.23311333,30.12217385,10.68670131,1263.6796,13.43209,121.6795654296875,-0.5679101943969727
48477,TX,Washington County,36368,4606.0,0.1266,4633.0,25.0,15299.0,14685.0,614.0,4.0,66911.0,2365.0,6966.0,7639.0,7625.0,9.615775564,28.32282984,31.05915837,31.00223623,3825.7847,35.653126,-807.21533203125,10.653125762939453
48479,TX,Webb County,267619,55124.0,0.206,51389.0,98.0,117568.0,112669.0,4899.0,4.2,56289.0,46038.0,33772.0,40664.0,31912.0,30.21143675,22.16214088,26.68486606,20.94155631,51531.047,98.18388,142.046875,0.1838836669921875
48481,TX,Wharton County,41740,6017.0,0.1442,4687.0,33.0,21466.0,20640.0,826.0,3.8,57487.0,4428.0,8644.0,9204.0,5302.0,16.05627674,31.34382479,33.37442889,19.22546958,4557.8364,36.48203,-129.16357421875,3.4820289611816406
48483,TX,Wheeler County,4787,727.0,0.1519,441.0,10.0,2014.0,1935.0,79.0,3.9,55713.0,417.0,1119.0,1178.0,658.0,12.36654804,33.18505338,34.93475682,19.51364176,673.0177,6.9780006,232.0177001953125,-3.0219993591308594
48485,TX,Wichita County,130220,18368.0,0.1411,16664.0,175.0,55477.0,53276.0,2201.0,4.0,56634.0,10043.0,26239.0,26823.0,20851.0,11.9622183,31.25327553,31.94887798,24.83562819,16372.463,170.18843,-291.537109375,-4.8115692138671875
48487,TX,Wilbarger County,12535,2025.0,0.1615,1489.0,18.0,4901.0,4662.0,239.0,4.9,52983.0,1616.0,2699.0,2819.0,1504.0,18.70803427,31.24565872,32.63486918,17.41143783,1720.8147,17.796188,231.814697265625,-0.2038116455078125
48489,TX,Willacy County,20254,5082.0,0.2509,3541.0,23.0,7268.0,6669.0,599.0,8.2,41648.0,4172.0,4476.0,2706.0,1575.0,32.26854358,34.61984686,20.92969294,12.18191662,3687.487,22.394577,146.487060546875,-0.6054229736328125
48491,TX,Williamson County,672273,41275.0,0.0614,81518.0,258.0,365035.0,354210.0,10825.0,3.0,101891.0,25456.0,77360.0,126441.0,206612.0,5.840286875,17.74845194,29.00894535,47.40231583,81699.34,257.74228,181.34375,-0.257720947265625
48493,TX,Wilson County,52754,5481.0,0.1039,4785.0,29.0,25975.0,25116.0,859.0,3.3,79432.0,3674.0,10747.0,11644.0,9288.0,10.3923288,30.39911747,32.93638447,26.27216926,5090.081,33.392307,305.0810546875,4.392307281494141
48495,TX,Winkler County,7300,1009.0,0.1382,768.0,4.0,3986.0,3827.0,159.0,4.0,69775.0,1229.0,1685.0,1313.0,470.0,26.16563764,35.8739621,27.9540132,10.00638706,755.11926,5.685868,-12.8807373046875,1.6858677864074707
48497,TX,Wise County,74897,6023.0,0.0804,7109.0,78.0,34293.0,33059.0,1234.0,3.6,80096.0,6545.0,16507.0,15823.0,10110.0,13.36123303,33.69807084,32.30172502,20.63897111,7272.9204,77.67669,163.92041015625,-0.32331085205078125
48499,TX,Wood County,46930,5895.0,0.1256,2475.0,61.0,18267.0,17436.0,831.0,4.5,57504.0,4482.0,10640.0,11122.0,7515.0,13.27645961,31.51752125,32.94528866,22.26073047,3487.9434,59.352455,1012.943359375,-1.6475448608398438
48501,TX,Yoakum County,7484,1038.0,0.1387,263.0,7.0,3296.0,3162.0,134.0,4.1,62748.0,1092.0,1360.0,1409.0,639.0,24.26666667,30.22222222,31.31111111,14.2,605.37933,7.3366423,342.37933349609375,0.3366422653198242
48503,TX,Young County,18012,2792.0,0.155,1273.0,24.0,8142.0,7861.0,281.0,3.5,58297.0,1322.0,4048.0,4144.0,2936.0,10.6184739,32.51405622,33.28514056,23.58232932,1785.4541,22.808554,512.4541015625,-1.191446304321289
48505,TX,Zapata County,13838,4508.0,0.3258,2073.0,10.0,4590.0,4268.0,322.0,7.0,39403.0,2855.0,2323.0,1711.0,1055.0,35.93907351,29.24219537,21.53826788,13.28046324,2055.2793,11.832643,-17.720703125,1.8326425552368164
48507,TX,Zavala County,9384,2709.0,0.2887,1872.0,14.0,3398.0,3103.0,295.0,8.7,36237.0,1519.0,1884.0,1758.0,545.0,26.6211006,33.01787592,30.80967403,9.551349457,1923.9507,14.926796,51.95068359375,0.9267959594726562
49001,UT,Beaver County,7317,685.0,0.0936,556.0,3.0,2853.0,2773.0,80.0,2.8,66394.0,290.0,1434.0,1681.0,1002.0,6.580440209,32.53914227,38.14386204,22.73655548,641.8978,6.429819,85.8978271484375,3.429819107055664
49003,UT,Box Elder County,61523,4923.0,0.08,5478.0,33.0,27627.0,26991.0,636.0,2.3,79450.0,2662.0,11459.0,12168.0,9582.0,7.421036492,31.94502523,33.92155223,26.71238605,5581.275,34.053,103.27490234375,1.0530014038085938
49005,UT,Cache County,140145,16598.0,0.1184,16082.0,38.0,70880.0,69424.0,1456.0,2.1,76631.0,4255.0,14257.0,23677.0,28627.0,6.008529146,20.13245594,33.43453457,40.42448034,16207.682,40.47971,125.681640625,2.4797096252441406
49007,UT,Carbon County,20540,2748.0,0.1338,2271.0,14.0,8432.0,8129.0,303.0,3.6,59243.0,1097.0,3957.0,5868.0,2465.0,8.194517069,29.55852693,43.83356988,18.41338612,2382.3635,14.752011,111.363525390625,0.7520112991333008
49009,UT,Daggett County,1015,74.0,0.0729,45.0,0.0,408.0,389.0,19.0,4.7,66427.0,44.0,172.0,234.0,59.0,8.644400786,33.79174853,45.97249509,11.5913556,114.038704,-1.0138545,69.03870391845703,-1.0138545036315918
49011,UT,Davis County,369887,23448.0,0.0634,52395.0,135.0,184020.0,179956.0,4064.0,2.2,103143.0,8703.0,46277.0,79495.0,84859.0,3.96792107,21.09887204,36.24381081,38.68939608,52096.527,137.17618,-298.47265625,2.176177978515625
49013,UT,Duchesne County,20142,2760.0,0.137,1793.0,11.0,8007.0,7744.0,263.0,3.3,67256.0,1115.0,4661.0,4100.0,2023.0,9.370535339,39.17135894,34.45667703,17.00142869,1844.5596,12.462377,51.5595703125,1.462376594543457
49015,UT,Emery County,10093,1168.0,0.1157,1181.0,8.0,4524.0,4373.0,151.0,3.3,64651.0,435.0,2026.0,2818.0,1094.0,6.825670799,31.7903656,44.21779382,17.16616978,1086.476,8.709843,-94.5240478515625,0.7098426818847656
49017,UT,Garfield County,5258,479.0,0.0911,340.0,5.0,2942.0,2765.0,177.0,6.0,66786.0,182.0,963.0,1369.0,1184.0,4.921579232,26.0411033,37.02001082,32.01730665,364.45993,5.4753838,24.459930419921875,0.4753837585449219
49019,UT,Grand County,9771,1051.0,0.1076,1061.0,0.0,6957.0,6727.0,230.0,3.3,67218.0,396.0,1447.0,2658.0,2395.0,5.742459397,20.98317865,38.54408353,34.73027842,986.55695,1.6159495,-74.44305419921875,1.6159495115280151
49021,UT,Iron County,62508,7723.0,0.1236,5955.0,24.0,27768.0,27074.0,694.0,2.5,66499.0,2327.0,8504.0,12906.0,10322.0,6.832261664,24.96843712,37.89306791,30.3062333,5949.492,25.565445,-5.5078125,1.5654449462890625
49023,UT,Juab County,12586,946.0,0.0752,1045.0,7.0,6410.0,6281.0,129.0,2.0,94181.0,527.0,2363.0,2686.0,1414.0,7.539341917,33.80543634,38.42632332,20.22889843,1213.6705,5.6794457,168.6705322265625,-1.320554256439209
49025,UT,Kane County,8203,734.0,0.0895,552.0,4.0,4119.0,4014.0,105.0,2.5,66609.0,303.0,1456.0,2143.0,1848.0,5.269565217,25.32173913,37.26956522,32.13913043,761.43085,5.191385,209.43084716796875,1.1913847923278809
49027,UT,Millard County,13343,1380.0,0.1034,1209.0,9.0,6256.0,6111.0,145.0,2.3,67318.0,691.0,2809.0,2622.0,1834.0,8.685268979,35.30668678,32.95625943,23.05178482,1199.1243,11.124468,-9.875732421875,2.1244678497314453
49029,UT,Morgan County,12837,514.0,0.04,1105.0,2.0,5943.0,5822.0,121.0,2.0,119482.0,173.0,1720.0,2479.0,2777.0,2.41991887,24.05930899,34.67617849,38.84459365,1242.3464,3.1140456,137.346435546875,1.1140456199645996
49031,UT,Piute County,1493,215.0,0.144,135.0,5.0,511.0,490.0,21.0,4.1,54495.0,167.0,295.0,479.0,221.0,14.37177281,25.38726334,41.22203098,19.01893287,133.77719,4.0889144,-1.222808837890625,-0.9110856056213379
49033,UT,Rich County,2649,231.0,0.0872,94.0,0.0,1245.0,1213.0,32.0,2.6,71800.0,72.0,317.0,821.0,392.0,4.494382022,19.78776529,51.24843945,24.46941323,37.04955,3.1415424,-56.9504508972168,3.141542434692383
49035,UT,Salt Lake County,1186569,90158.0,0.076,177618.0,473.0,674723.0,658798.0,15925.0,2.4,91713.0,63219.0,169080.0,235642.0,294553.0,8.291081635,22.17460072,30.90411203,38.63020561,153344.44,853.9229,-24273.5625,380.92291259765625
49037,UT,San Juan County,14406,3208.0,0.2227,2179.0,32.0,5600.0,5350.0,250.0,4.5,50452.0,1094.0,2765.0,3251.0,1804.0,12.27282926,31.01862239,36.47072022,20.23782814,2080.8035,25.57188,-98.196533203125,-6.428119659423828
49039,UT,Sanpete County,29691,4096.0,0.138,2954.0,15.0,13525.0,13145.0,380.0,2.8,65044.0,1641.0,5551.0,6436.0,4112.0,9.250281849,31.29086809,36.27959414,23.17925592,3293.9297,24.672434,339.9296875,9.672433853149414
49041,UT,Sevier County,22043,2185.0,0.0991,1816.0,11.0,10250.0,9952.0,298.0,2.9,73014.0,1010.0,4299.0,5308.0,3182.0,7.319370969,31.15443148,38.46655555,23.059642,2087.2727,15.675618,271.272705078125,4.6756181716918945
49043,UT,Summit County,43045,2316.0,0.0538,7200.0,8.0,26085.0,25510.0,575.0,2.2,132358.0,1446.0,4148.0,6562.0,16835.0,4.98775482,14.30788866,22.63461074,58.06974578,3155.526,26.686241,-4044.47412109375,18.686241149902344
49045,UT,Tooele County,79955,5151.0,0.0644,10504.0,30.0,38041.0,37053.0,988.0,2.6,91353.0,3306.0,14045.0,17540.0,10541.0,7.276809297,30.91433351,38.60714915,23.20170805,10274.916,32.445778,-229.083984375,2.4457778930664062
49047,UT,Uintah County,37104,4402.0,0.1186,3688.0,26.0,14110.0,13593.0,517.0,3.7,67554.0,2309.0,7873.0,7835.0,3647.0,10.65823486,36.34139586,36.16598966,16.83437962,3905.3513,29.270288,217.351318359375,3.2702884674072266
49049,UT,Utah County,702692,55585.0,0.0791,79540.0,212.0,344947.0,337405.0,7542.0,2.2,95085.0,16110.0,58457.0,121334.0,152903.0,4.618639694,16.75926882,34.78572493,43.83636656,79337.36,210.46211,-202.640625,-1.5378875732421875
49051,UT,Wasatch County,36597,1808.0,0.0494,4899.0,7.0,17724.0,17303.0,421.0,2.4,115793.0,961.0,4140.0,6442.0,10536.0,4.352552199,18.75084922,29.17704606,47.71955252,4738.052,9.011805,-160.9482421875,2.0118045806884766
49053,UT,Washington County,197730,18880.0,0.0955,17709.0,150.0,87255.0,85015.0,2240.0,2.6,75572.0,7116.0,26890.0,49582.0,41708.0,5.679351296,21.46117993,39.57189376,33.28757502,17761.803,149.90717,52.802734375,-0.09283447265625
49055,UT,Wayne County,2634,305.0,0.1158,227.0,0.0,1531.0,1463.0,68.0,4.4,63705.0,78.0,425.0,851.0,456.0,4.309392265,23.48066298,47.01657459,25.19337017,224.37288,5.6302295,-2.6271209716796875,5.630229473114014
49057,UT,Weber County,269460,22590.0,0.0838,34850.0,112.0,135048.0,131650.0,3398.0,2.5,83465.0,12873.0,47996.0,60154.0,47180.0,7.65325232,28.53456835,35.76273907,28.04944026,34767.65,116.64368,-82.3515625,4.6436767578125
50001,VT,Addison County,37555,3037.0,0.0809,4257.0,18.0,20956.0,20507.0,449.0,2.1,79526.0,1286.0,7596.0,5952.0,11408.0,4.900541117,28.94596448,22.68119808,43.47229632,4327.7607,19.41934,70.7607421875,1.4193401336669922
50003,VT,Bennington County,37343,3986.0,0.1067,6458.0,40.0,17761.0,17260.0,501.0,2.8,69249.0,1577.0,7298.0,6976.0,11088.0,5.853966368,27.09083485,25.89554178,41.159657,5460.014,35.985184,-997.98583984375,-4.0148162841796875
50005,VT,Caledonia County,30587,3632.0,0.1187,3241.0,15.0,14705.0,14301.0,404.0,2.7,61554.0,1405.0,7557.0,6120.0,7080.0,6.339680534,34.09890804,27.61483621,31.94657522,3756.3945,26.331816,515.39453125,11.331815719604492
50007,VT,Chittenden County,169357,15769.0,0.0931,22574.0,62.0,97567.0,95805.0,1762.0,1.8,86579.0,5115.0,19642.0,25496.0,63437.0,4.499076436,17.27680535,22.42589498,55.79822324,22762.979,61.466297,188.978515625,-0.5337028503417969
50009,VT,Essex County,5997,722.0,0.1204,573.0,1.0,2694.0,2600.0,94.0,3.5,54570.0,523.0,1843.0,1222.0,964.0,11.48945518,40.48769772,26.84534271,21.17750439,933.1871,6.7693024,360.18707275390625,5.7693023681640625
50011,VT,Franklin County,50719,4316.0,0.0851,6059.0,19.0,27786.0,27139.0,647.0,2.3,76395.0,2510.0,13298.0,9622.0,10287.0,7.027465913,37.2315704,26.93955259,28.80141109,5794.3325,23.50089,-264.66748046875,4.500890731811523
50013,VT,Grand Isle County,7490,642.0,0.0857,713.0,8.0,4140.0,4019.0,121.0,2.9,76260.0,187.0,1680.0,1356.0,2449.0,3.296897038,29.61918195,23.90691114,43.17700987,540.6861,7.0747786,-172.31390380859375,-0.9252214431762695
50015,VT,Lamoille County,26103,2361.0,0.0904,2148.0,11.0,14147.0,13725.0,422.0,3.0,65190.0,1210.0,4514.0,4775.0,8196.0,6.472318802,24.14549345,25.54158866,43.84059909,2358.2522,13.121637,210.252197265625,2.1216373443603516
50017,VT,Orange County,29880,3032.0,0.1015,2906.0,10.0,15826.0,15464.0,362.0,2.3,73057.0,1161.0,6991.0,5865.0,8064.0,5.257914044,31.66070377,26.56129704,36.52008514,2828.454,23.63632,-77.5458984375,13.636320114135742
50019,VT,Orleans County,27562,3713.0,0.1347,3246.0,14.0,13370.0,12843.0,527.0,3.9,56818.0,1639.0,7600.0,5184.0,5767.0,8.117880139,37.64239723,25.67607727,28.56364537,3527.7266,20.063986,281.7265625,6.063985824584961
50021,VT,Rutland County,60353,7261.0,0.1203,9229.0,47.0,29951.0,29087.0,864.0,2.9,61290.0,2826.0,14826.0,12300.0,15112.0,6.271081129,32.89987573,27.29451447,33.53452867,9126.244,53.410007,-102.755859375,6.410007476806641
50023,VT,Washington County,60115,5382.0,0.0895,8801.0,35.0,34105.0,33373.0,732.0,2.1,77432.0,1875.0,11121.0,10275.0,20641.0,4.269903443,25.3256513,23.39907087,47.00537439,7882.175,26.513172,-918.8251953125,-8.486827850341797
50025,VT,Windham County,45899,4821.0,0.105,4977.0,17.0,21236.0,20694.0,542.0,2.6,61976.0,1772.0,9767.0,8170.0,14481.0,5.182801989,28.56683241,23.89587599,42.35448962,4953.9795,20.170115,-23.0205078125,3.170114517211914
50027,VT,Windsor County,58150,4992.0,0.0858,6496.0,20.0,29307.0,28731.0,576.0,2.0,74244.0,2240.0,12446.0,10809.0,18395.0,5.103668262,28.35725678,24.62747779,41.91159717,6539.53,20.259335,43.52978515625,0.2593345642089844
51001,VA,Accomack County,33223,5236.0,0.1576,4153.0,32.0,15584.0,15086.0,498.0,3.2,56357.0,4201.0,8508.0,6359.0,5314.0,17.22992371,34.89459437,26.08071528,21.79476663,4421.677,33.826233,268.6767578125,1.82623291015625
51003,VA,Albemarle County,114845,9024.0,0.0786,14515.0,82.0,58034.0,56548.0,1486.0,2.6,94727.0,4327.0,11401.0,14984.0,47238.0,5.550994227,14.62604233,19.22257858,60.60038486,14256.575,58.445946,-258.4248046875,-23.554054260253906
51005,VA,Alleghany County,14715,1966.0,0.1336,1785.0,22.0,6596.0,6385.0,211.0,3.2,52412.0,1106.0,4958.0,3340.0,1733.0,9.930861094,44.51827243,29.99012301,15.56074347,1814.2992,23.830416,29.2991943359375,1.8304157257080078
51007,VA,Amelia County,13368,1510.0,0.113,1668.0,19.0,6282.0,6100.0,182.0,2.9,65835.0,1404.0,4295.0,2393.0,1632.0,14.43850267,44.16906623,24.60921432,16.78321678,1704.9763,16.892916,36.976318359375,-2.107084274291992
51009,VA,Amherst County,31472,3953.0,0.1256,4153.0,42.0,14759.0,14317.0,442.0,3.0,61271.0,2553.0,8115.0,6543.0,5134.0,11.4253748,36.31684941,29.28171851,22.97605728,3874.8833,37.22142,-278.11669921875,-4.7785797119140625
51011,VA,Appomattox County,16703,1996.0,0.1195,2106.0,21.0,7105.0,6886.0,219.0,3.1,62375.0,925.0,4694.0,3627.0,2385.0,7.952884533,40.35766486,31.18390508,20.50554552,1791.3157,20.81903,-314.684326171875,-0.18096923828125
51013,VA,Arlington County,233678,15822.0,0.0677,38408.0,79.0,156767.0,153622.0,3145.0,2.0,131020.0,7925.0,12340.0,19388.0,133574.0,4.574921923,7.123600824,11.19225063,77.10922662,38317.61,76.87197,-90.390625,-2.1280288696289062
51015,VA,Augusta County,77939,6185.0,0.0794,11573.0,92.0,38307.0,37354.0,953.0,2.5,77487.0,5293.0,23475.0,15373.0,13396.0,9.199297843,40.79983315,26.71845943,23.28240958,11694.584,91.10366,121.583984375,-0.8963394165039062
51017,VA,Bath County,4061,500.0,0.1231,467.0,5.0,2418.0,2360.0,58.0,2.4,59763.0,501.0,1274.0,918.0,496.0,15.710254,39.94982753,28.78645343,15.55346504,397.473,4.3104835,-69.52700805664062,-0.689516544342041
51019,VA,Bedford County,80741,6770.0,0.0838,9837.0,98.0,38331.0,37264.0,1067.0,2.8,71135.0,4527.0,16550.0,17824.0,19726.0,7.721698194,28.22931414,30.40237433,33.64661334,9915.956,89.740036,78.9560546875,-8.259963989257812
51021,VA,Bland County,6138,731.0,0.1191,1122.0,7.0,2774.0,2696.0,78.0,2.8,55722.0,444.0,2243.0,1556.0,775.0,8.848146672,44.6990833,31.00836987,15.44440016,736.1227,9.073038,-385.8773193359375,2.073038101196289
51023,VA,Botetourt County,34100,2373.0,0.0696,4764.0,46.0,17646.0,17214.0,432.0,2.4,81122.0,1410.0,9264.0,7554.0,6921.0,5.606584755,36.83645473,30.0369796,27.51998091,4540.3394,45.10705,-223.66064453125,-0.8929481506347656
51025,VA,Brunswick County,15831,2880.0,0.1819,1967.0,17.0,5840.0,5580.0,260.0,4.5,49080.0,2476.0,4409.0,3263.0,1878.0,20.58872443,36.66223183,27.13287876,15.61616498,1872.3304,19.07057,-94.6695556640625,2.0705699920654297
51027,VA,Buchanan County,19383,4865.0,0.251,2890.0,51.0,6305.0,6016.0,289.0,4.6,39652.0,3410.0,6461.0,3651.0,1645.0,22.48302235,42.59906376,24.07199842,10.84591547,3039.4314,48.679325,149.431396484375,-2.3206748962402344
51029,VA,Buckingham County,16988,2732.0,0.1608,1928.0,20.0,6436.0,6189.0,247.0,3.8,55965.0,1941.0,5640.0,3416.0,1715.0,15.26903713,44.36752675,26.8722467,13.49118943,2145.6868,20.504408,217.686767578125,0.5044078826904297
51031,VA,Campbell County,55065,6910.0,0.1255,8505.0,76.0,25701.0,24923.0,778.0,3.0,63516.0,3792.0,13600.0,12379.0,10309.0,9.461077844,33.93213573,30.88572854,25.72105788,8383.719,65.01822,-121.28125,-10.981781005859375
51033,VA,Caroline County,31940,3302.0,0.1034,3891.0,37.0,15355.0,14872.0,483.0,3.1,72210.0,2329.0,8569.0,5865.0,5066.0,10.66929314,39.25511934,26.86792799,23.20765954,3827.5078,36.375473,-63.4921875,-0.6245269775390625
51035,VA,Carroll County,29118,4591.0,0.1577,4461.0,49.0,12841.0,12399.0,442.0,3.4,51111.0,3246.0,8320.0,6781.0,3673.0,14.74114441,37.78383288,30.79473206,16.68029064,4143.49,49.619526,-317.509765625,0.6195259094238281
51036,VA,Charles City County,6568,776.0,0.1181,777.0,9.0,3596.0,3489.0,107.0,3.0,67596.0,622.0,2290.0,1505.0,842.0,11.8273436,43.54440008,28.61760791,16.01064841,1018.55597,7.260598,241.55596923828125,-1.7394018173217773
51037,VA,Charlotte County,11400,2065.0,0.1811,1724.0,30.0,5432.0,5271.0,161.0,3.0,50151.0,1500.0,2723.0,2341.0,1511.0,18.57585139,33.72136223,28.99071207,18.7120743,1243.6854,13.816965,-480.3145751953125,-16.183034896850586
51041,VA,Chesterfield County,378290,25672.0,0.0679,47808.0,253.0,193562.0,188326.0,5236.0,2.7,100149.0,17890.0,55053.0,71289.0,107320.0,7.111849637,21.88533584,28.33966735,42.66314718,47325.156,252.23404,-482.84375,-0.765960693359375
51043,VA,Clarke County,15331,1081.0,0.0705,1550.0,22.0,7670.0,7481.0,189.0,2.5,106914.0,801.0,3073.0,3091.0,4140.0,7.212967132,27.67221972,27.83430887,37.28050428,1570.116,17.386143,20.115966796875,-4.613857269287109
51045,VA,Craig County,4858,570.0,0.1173,648.0,13.0,2310.0,2242.0,68.0,2.9,62672.0,447.0,1329.0,1052.0,592.0,13.07017544,38.85964912,30.76023392,17.30994152,474.86426,11.19788,-173.1357421875,-1.8021202087402344
51047,VA,Culpeper County,54290,4362.0,0.0803,5842.0,76.0,25528.0,24839.0,689.0,2.7,94287.0,4282.0,11730.0,10460.0,9498.0,11.90436475,32.61050876,29.07978871,26.40533778,6036.194,68.805466,194.19384765625,-7.1945343017578125
51049,VA,Cumberland County,9751,1464.0,0.1501,901.0,10.0,4719.0,4562.0,157.0,3.3,55257.0,831.0,2771.0,2361.0,1324.0,11.40386991,38.02662275,32.40016468,18.16934267,976.88086,13.3995495,75.880859375,3.3995494842529297
51051,VA,Dickenson County,13733,3113.0,0.2267,2431.0,27.0,4514.0,4324.0,190.0,4.2,43271.0,1903.0,4433.0,2900.0,1109.0,18.39536008,42.85161914,28.03286612,10.72015466,1764.2322,22.484602,-666.767822265625,-4.515398025512695
51053,VA,Dinwiddie County,28099,3047.0,0.1084,3412.0,44.0,13785.0,13350.0,435.0,3.2,72695.0,1773.0,7565.0,6819.0,4156.0,8.728400532,37.24216019,33.56963521,20.45980407,3438.8318,41.096107,26.831787109375,-2.9038925170898438
51057,VA,Essex County,10630,1401.0,0.1318,1247.0,20.0,5484.0,5300.0,184.0,3.4,58214.0,1102.0,3050.0,2223.0,1354.0,14.25798939,39.46176737,28.76180618,17.51843706,1091.1184,18.014313,-155.881591796875,-1.985687255859375
51059,VA,Fairfax County,1139309,66177.0,0.0581,134558.0,445.0,638265.0,623085.0,15180.0,2.4,144632.0,53146.0,93833.0,133593.0,504618.0,6.768552834,11.95035596,17.0140985,64.2669927,134467.12,447.68198,-90.875,2.681976318359375
51061,VA,Fauquier County,74677,4759.0,0.0637,6896.0,65.0,37720.0,36790.0,930.0,2.5,120301.0,4115.0,12590.0,13940.0,20156.0,8.100234247,24.78297671,27.44040472,39.67638432,6900.87,64.39023,4.8701171875,-0.609771728515625
51063,VA,Floyd County,15623,1897.0,0.1214,1759.0,20.0,8460.0,8256.0,204.0,2.4,62561.0,985.0,4389.0,3608.0,2688.0,8.440445587,37.6092545,30.91688089,23.03341902,1756.6268,18.295094,-2.3731689453125,-1.7049064636230469
51065,VA,Fluvanna County,28117,2065.0,0.0734,3388.0,20.0,14205.0,13853.0,352.0,2.5,88162.0,1259.0,5354.0,6570.0,7287.0,6.150464094,26.15534929,32.09574988,35.59843674,2736.1167,17.874968,-651.88330078125,-2.125032424926758
51067,VA,Franklin County,55079,7186.0,0.1305,6228.0,86.0,26456.0,25703.0,753.0,2.8,68089.0,3780.0,13732.0,12820.0,9751.0,9.430431854,34.25891276,31.98363396,24.32702143,6377.721,84.527336,149.72119140625,-1.4726638793945312
51069,VA,Frederick County,94808,6794.0,0.0717,11311.0,93.0,51432.0,50228.0,1204.0,2.3,97091.0,7079.0,20029.0,18249.0,19726.0,10.87688029,30.77454942,28.03958023,30.30899006,11628.044,91.354225,317.0439453125,-1.6457748413085938
51071,VA,Giles County,16432,1954.0,0.1189,2468.0,16.0,8098.0,7853.0,245.0,3.0,62716.0,1068.0,5318.0,3564.0,2187.0,8.799538601,43.8164291,29.36475241,18.01927989,2112.7336,18.224981,-355.266357421875,2.2249813079833984
51073,VA,Gloucester County,39550,3419.0,0.0864,4673.0,31.0,19529.0,19018.0,511.0,2.6,76960.0,2533.0,9306.0,9498.0,7441.0,8.801862534,32.33720203,33.00437834,25.85655709,4867.0596,34.503254,194.0595703125,3.503253936767578
51075,VA,Goochland County,26162,1548.0,0.0592,2949.0,27.0,11830.0,11518.0,312.0,2.6,113617.0,968.0,4360.0,4965.0,9125.0,4.985065403,22.45339376,25.56905964,46.9924812,3101.2905,25.486563,152.29052734375,-1.513437271118164
51077,VA,Grayson County,15325,2749.0,0.1794,2743.0,31.0,7974.0,7769.0,205.0,2.6,45414.0,1844.0,4786.0,3455.0,1634.0,15.73513098,40.83966209,29.48203772,13.94316921,1989.8375,25.185793,-753.1624755859375,-5.814207077026367
51079,VA,Greene County,21015,1753.0,0.0834,2259.0,16.0,10635.0,10388.0,247.0,2.3,82772.0,1475.0,4599.0,4329.0,4147.0,10.13745704,31.60824742,29.75257732,28.50171821,1855.0034,16.159548,-403.99658203125,0.1595478057861328
51081,VA,Greensville County,11204,1667.0,0.1488,1667.0,15.0,4310.0,4152.0,158.0,3.7,47596.0,1788.0,3496.0,2098.0,1180.0,20.88297127,40.83158141,24.50362065,13.78182668,1402.2065,14.6836605,-264.79345703125,-0.31633949279785156
51083,VA,Halifax County,33620,5445.0,0.162,4689.0,55.0,15390.0,14812.0,578.0,3.8,50578.0,4510.0,8594.0,6969.0,4464.0,18.3804051,35.02465664,28.40200514,18.19293312,4594.281,50.81573,-94.71923828125,-4.184268951416016
51085,VA,Hanover County,112860,5754.0,0.051,13289.0,128.0,60044.0,58623.0,1421.0,2.4,103639.0,4409.0,19005.0,21524.0,33031.0,5.654811528,24.37507214,27.60584335,42.36427298,12936.573,122.91477,-352.4267578125,-5.085227966308594
51087,VA,Henrico County,334553,30491.0,0.0911,43184.0,296.0,185309.0,180233.0,5076.0,2.7,82187.0,16355.0,51077.0,59693.0,107170.0,6.980516016,21.8002945,25.47770972,45.74147976,43191.07,290.05173,7.0703125,-5.948272705078125
51089,VA,Henry County,49795,8414.0,0.169,7740.0,99.0,23859.0,23072.0,787.0,3.3,49370.0,6210.0,12478.0,12538.0,5803.0,16.77063923,33.69791245,33.85994761,15.67150072,6708.85,81.292175,-1031.14990234375,-17.70782470703125
51091,VA,Highland County,2296,295.0,0.1285,244.0,2.0,1359.0,1328.0,31.0,2.3,54470.0,184.0,591.0,331.0,608.0,10.73512252,34.48074679,19.31155193,35.47257876,301.65543,4.1878896,57.655426025390625,2.187889575958252
51093,VA,Isle of Wight County,40135,3407.0,0.0849,3784.0,32.0,19714.0,19179.0,535.0,2.7,85227.0,2213.0,8596.0,9007.0,8470.0,7.823658347,30.38959202,31.84260765,29.94414198,4245.1836,30.524055,461.18359375,-1.4759445190429688
51095,VA,James City County,81483,5478.0,0.0672,11924.0,41.0,37027.0,35991.0,1036.0,2.8,103070.0,2803.0,11122.0,15359.0,29501.0,4.768223186,18.91979246,26.12741346,50.18457089,12033.734,42.951534,109.734375,1.9515342712402344
51097,VA,King and Queen County,6714,953.0,0.1419,664.0,6.0,3896.0,3796.0,100.0,2.6,62180.0,521.0,2019.0,1664.0,1016.0,9.980842912,38.67816092,31.87739464,19.46360153,836.9393,7.8792596,172.93927001953125,1.8792595863342285
51099,VA,King George County,27918,1904.0,0.0682,3297.0,25.0,14453.0,14093.0,360.0,2.5,100092.0,1640.0,4899.0,5311.0,6617.0,8.880706124,26.52840201,28.75940867,35.83148319,3126.8604,25.07694,-170.1396484375,0.07694053649902344
51101,VA,King William County,18529,1351.0,0.0729,2085.0,24.0,9568.0,9321.0,247.0,2.6,82715.0,820.0,4681.0,4151.0,3092.0,6.434400502,36.73101067,32.57219083,24.26239799,1966.1208,19.503906,-118.879150390625,-4.49609375
51103,VA,Lancaster County,10806,1489.0,0.1378,1039.0,16.0,5387.0,5199.0,188.0,3.5,60857.0,1143.0,2402.0,1941.0,3277.0,13.04347826,27.4107041,22.14994865,37.39586899,1476.3293,13.994799,437.329345703125,-2.0052013397216797
51105,VA,Lee County,21847,4981.0,0.228,3978.0,51.0,8194.0,7893.0,301.0,3.7,41573.0,2936.0,5884.0,5680.0,2104.0,17.68248615,35.43724404,34.20862443,12.67164539,3759.1257,48.525463,-218.874267578125,-2.474536895751953
51107,VA,Loudoun County,432792,16440.0,0.038,49437.0,114.0,232059.0,226714.0,5345.0,2.3,167605.0,16336.0,32469.0,51407.0,178261.0,5.86627788,11.65965821,18.46031752,64.0137464,49443.375,111.729576,6.375,-2.2704238891601562
51109,VA,Louisa County,40030,4288.0,0.1071,4377.0,43.0,20764.0,20218.0,546.0,2.6,72569.0,3083.0,9885.0,7731.0,7912.0,10.77557583,34.54964874,27.02107581,27.65369963,4338.7188,42.328823,-38.28125,-0.6711769104003906
51111,VA,Lunenburg County,12002,2418.0,0.2015,1919.0,22.0,5167.0,4994.0,173.0,3.3,47660.0,1775.0,3223.0,2897.0,995.0,19.96625422,36.25421822,32.5871766,11.19235096,1652.2513,18.378855,-266.7486572265625,-3.621145248413086
51113,VA,Madison County,14008,1469.0,0.1049,1721.0,22.0,7548.0,7386.0,162.0,2.1,71697.0,1144.0,3553.0,2649.0,2802.0,11.27315727,35.01182499,26.10366575,27.61135199,1547.2925,20.821566,-173.70751953125,-1.1784343719482422
51115,VA,Mathews County,8450,739.0,0.0875,940.0,3.0,4096.0,3982.0,114.0,2.8,73827.0,570.0,2000.0,1999.0,1968.0,8.719596145,30.59507419,30.57977666,30.10555301,858.08624,7.287806,-81.91375732421875,4.287806034088135
51117,VA,Mecklenburg County,30527,5741.0,0.1881,3758.0,44.0,12966.0,12516.0,450.0,3.5,52092.0,3195.0,7547.0,7232.0,4827.0,14.01254331,33.09942546,31.71790711,21.17012412,4274.904,53.997578,516.90380859375,9.997577667236328
51119,VA,Middlesex County,10952,1293.0,0.1181,1260.0,18.0,5250.0,5107.0,143.0,2.7,68881.0,742.0,2569.0,2503.0,2687.0,8.728384896,30.21997412,29.44359487,31.60804611,1294.0677,17.200481,34.0677490234375,-0.7995185852050781
51121,VA,Montgomery County,98826,18472.0,0.1869,11007.0,59.0,51821.0,50440.0,1381.0,2.7,69668.0,2435.0,13346.0,13211.0,27189.0,4.334205514,23.75536213,23.51506737,48.39536498,11227.761,57.898083,220.7607421875,-1.1019172668457031
51125,VA,Nelson County,14747,1864.0,0.1264,1441.0,22.0,7376.0,7178.0,198.0,2.7,66612.0,1256.0,3361.0,2766.0,3753.0,11.27873563,30.18139368,24.83836207,33.70150862,2090.9187,19.024939,649.918701171875,-2.9750614166259766
51127,VA,New Kent County,24952,1243.0,0.0498,2775.0,14.0,13231.0,12924.0,307.0,2.3,115627.0,963.0,5059.0,5480.0,6323.0,5.402524544,28.38148668,30.74333801,35.47265077,2753.0098,15.2367325,-21.990234375,1.2367324829101562
51131,VA,Northampton County,11978,2230.0,0.1862,1530.0,25.0,5501.0,5315.0,186.0,3.4,52783.0,1200.0,2718.0,2221.0,2962.0,13.18536425,29.86485002,24.40391166,32.54587408,1568.4996,22.065498,38.4996337890625,-2.9345016479492188
51133,VA,Northumberland County,12278,1634.0,0.1331,1230.0,6.0,5457.0,5244.0,213.0,3.9,67077.0,912.0,2607.0,2758.0,3217.0,9.60606699,27.45944807,29.04992627,33.88455867,1313.1812,11.746236,83.18115234375,5.7462358474731445
51135,VA,Nottoway County,15555,2892.0,0.1859,2615.0,30.0,7226.0,7014.0,212.0,2.9,50756.0,1613.0,4516.0,3295.0,1900.0,14.24408336,39.8799011,29.09749205,16.77852349,2116.516,27.78585,-498.48388671875,-2.2141494750976562
51137,VA,Orange County,38055,3820.0,0.1004,4193.0,35.0,17426.0,16922.0,504.0,2.9,81390.0,2328.0,9617.0,6933.0,7880.0,8.700201809,35.94065326,25.91000822,29.44913671,4723.8364,51.16643,530.83642578125,16.166431427001953
51139,VA,Page County,23777,3075.0,0.1293,2649.0,35.0,12142.0,11743.0,399.0,3.3,60061.0,2801.0,8013.0,3934.0,2648.0,16.10140262,46.06231318,22.61439411,15.22189009,3271.0596,35.127773,622.0595703125,0.12777328491210938
51141,VA,Patrick County,17601,2487.0,0.1413,2186.0,35.0,7163.0,6914.0,249.0,3.5,49319.0,2140.0,4945.0,4548.0,2090.0,15.59425782,36.03439481,33.14144138,15.229906,1957.477,31.20951,-228.52294921875,-3.7904891967773438
51143,VA,Pittsylvania County,59824,8407.0,0.1405,9038.0,90.0,30156.0,29238.0,918.0,3.0,49659.0,6394.0,17593.0,13993.0,6921.0,14.24021737,39.18175542,31.16411661,15.4139106,8834.809,90.4912,-203.19140625,0.49120330810546875
51145,VA,Powhatan County,31585,1702.0,0.0539,2825.0,37.0,14669.0,14306.0,363.0,2.5,105231.0,1991.0,6446.0,7016.0,8041.0,8.474504129,27.43679237,29.86294373,34.22575977,1333.301,28.468407,-1491.698974609375,-8.531593322753906
51147,VA,Prince Edward County,21899,3554.0,0.1623,3150.0,30.0,9941.0,9562.0,379.0,3.8,57400.0,1552.0,4647.0,3594.0,3127.0,12.0123839,35.96749226,27.81733746,24.20278638,3056.0244,21.99435,-93.9755859375,-8.00564956665039
51149,VA,Prince George County,43021,3863.0,0.0898,5450.0,33.0,15388.0,14878.0,510.0,3.3,76571.0,2602.0,8917.0,9455.0,6617.0,9.430611431,32.31850966,34.26842086,23.98245805,5173.99,33.366188,-276.009765625,0.36618804931640625
51153,VA,Prince William County,487012,33481.0,0.0687,54910.0,188.0,250685.0,244068.0,6617.0,2.6,119051.0,30569.0,63042.0,79941.0,139028.0,9.779576428,20.16827692,25.57457291,44.47757374,61959.156,279.95813,7049.15625,91.9581298828125
51155,VA,Pulaski County,33683,4551.0,0.1351,5532.0,52.0,16602.0,16104.0,498.0,3.0,57731.0,2361.0,9085.0,8553.0,5458.0,9.27446282,35.68763012,33.59783164,21.44007542,5383.721,45.922485,-148.27880859375,-6.0775146484375
51157,VA,Rappahannock County,7453,731.0,0.0981,596.0,11.0,3710.0,3619.0,91.0,2.5,85575.0,463.0,1673.0,1519.0,2024.0,8.152843811,29.45941187,26.74766684,35.64007748,908.815,8.853578,312.81500244140625,-2.1464223861694336
51159,VA,Richmond County,9126,1226.0,0.1343,1032.0,12.0,3960.0,3848.0,112.0,2.8,60180.0,1571.0,2508.0,1583.0,1189.0,22.93095898,36.60779448,23.1061159,17.35513064,921.4099,11.458582,-110.590087890625,-0.5414180755615234
51161,VA,Roanoke County,96756,7062.0,0.073,12935.0,116.0,49776.0,48544.0,1232.0,2.5,77010.0,4373.0,20032.0,19663.0,26310.0,6.213589474,28.46344028,27.9391287,37.38384154,12747.58,109.233315,-187.419921875,-6.766685485839844
51163,VA,Rockbridge County,22568,2677.0,0.1186,2473.0,31.0,10755.0,10456.0,299.0,2.8,64393.0,1539.0,5747.0,4368.0,5348.0,9.05187625,33.80190566,25.69109517,31.45512293,2476.0654,26.203377,3.0654296875,-4.796623229980469
51165,VA,Rockingham County,85414,8740.0,0.1023,7659.0,108.0,42907.0,41846.0,1061.0,2.5,72921.0,7536.0,20951.0,13071.0,16483.0,12.98392516,36.09689702,22.52028738,28.39889044,7690.759,100.82087,31.7587890625,-7.179130554199219
51167,VA,Russell County,25437,4645.0,0.1826,4383.0,50.0,11006.0,10629.0,377.0,3.4,49537.0,3166.0,7589.0,5590.0,2683.0,16.6386378,39.88332983,29.37775909,14.10027328,3238.4773,36.864086,-1144.522705078125,-13.135913848876953
51169,VA,Scott County,21480,4021.0,0.1872,3555.0,34.0,9184.0,8899.0,285.0,3.1,43743.0,2590.0,5980.0,5284.0,2302.0,16.03119584,37.0141124,32.70611538,14.24857638,2381.9546,28.719845,-1173.04541015625,-5.280155181884766
51171,VA,Shenandoah County,44936,5498.0,0.1224,5522.0,65.0,22145.0,21546.0,599.0,2.7,65289.0,3483.0,13052.0,8459.0,6793.0,10.95730959,41.06081102,26.61150785,21.37037154,5365.476,61.433235,-156.52392578125,-3.5667648315429688
51173,VA,Smyth County,29408,5672.0,0.1929,5985.0,56.0,13571.0,13157.0,414.0,3.1,45484.0,3015.0,8364.0,6404.0,3919.0,13.89272878,38.54022671,29.50880103,18.05824348,5255.587,54.57441,-729.4130859375,-1.4255905151367188
51175,VA,Southampton County,17899,2469.0,0.1379,1772.0,28.0,9036.0,8795.0,241.0,2.7,61246.0,1770.0,4669.0,4388.0,2473.0,13.30827068,35.10526316,32.9924812,18.59398496,1822.5757,28.297958,50.57568359375,0.2979583740234375
51177,VA,Spotsylvania County,146828,12109.0,0.0825,15474.0,147.0,69356.0,67378.0,1978.0,2.9,96322.0,8955.0,26539.0,28482.0,32653.0,9.267404195,27.46483975,29.47562326,33.7921328,15486.961,143.93095,12.9609375,-3.0690460205078125
51179,VA,Stafford County,163169,8703.0,0.0533,20210.0,77.0,75585.0,73485.0,2100.0,2.8,134456.0,7447.0,22245.0,29030.0,44859.0,7.189542484,21.47594636,28.02637549,43.30813566,20317.9,79.31729,107.900390625,2.317291259765625
51181,VA,Surry County,6527,806.0,0.1235,637.0,10.0,3649.0,3546.0,103.0,2.8,65339.0,493.0,1525.0,1653.0,1250.0,10.01828897,30.98963625,33.59073359,25.40134119,767.5308,10.4193945,130.53082275390625,0.41939449310302734
51183,VA,Sussex County,10640,2012.0,0.1891,1114.0,18.0,3689.0,3536.0,153.0,4.1,49340.0,1272.0,3320.0,2358.0,1305.0,15.40884313,40.21804967,28.56450636,15.80860085,1146.1337,18.773016,32.1336669921875,0.7730159759521484
51185,VA,Tazewell County,39563,6687.0,0.169,6351.0,85.0,15403.0,14775.0,628.0,4.1,48360.0,3668.0,11552.0,8960.0,4740.0,12.68326418,39.94467497,30.98201936,16.39004149,5932.6353,78.384384,-418.36474609375,-6.6156158447265625
51187,VA,Warren County,41404,3950.0,0.0954,4748.0,71.0,20735.0,20160.0,575.0,2.8,79949.0,3207.0,10049.0,8694.0,7136.0,11.02592312,34.54926769,29.89066905,24.53414014,4696.785,65.47672,-51.21484375,-5.523277282714844
51191,VA,Washington County,53855,5905.0,0.1096,8308.0,62.0,26319.0,25577.0,742.0,2.8,61686.0,3983.0,13845.0,11788.0,10693.0,9.881167977,34.34716813,29.24408941,26.52757449,7997.2407,66.69222,-310.75927734375,4.692222595214844
51193,VA,Westmoreland County,18765,2989.0,0.1593,1905.0,19.0,9543.0,9252.0,291.0,3.0,61545.0,2247.0,5732.0,3399.0,2793.0,15.8563263,40.4488039,23.9856044,19.7092654,2522.6077,16.569145,617.607666015625,-2.4308547973632812
51195,VA,Wise County,35327,7279.0,0.206,6806.0,77.0,12830.0,12320.0,510.0,4.0,45220.0,5083.0,8822.0,7897.0,4032.0,19.67562127,34.14879616,30.5682434,15.60733917,6452.895,73.10625,-353.10498046875,-3.8937530517578125
51197,VA,Wythe County,28115,4392.0,0.1562,4092.0,48.0,14083.0,13669.0,414.0,2.9,47257.0,2157.0,7650.0,6836.0,4088.0,10.40470793,36.90125898,32.97477208,19.71926101,4030.1343,45.697525,-61.86572265625,-2.3024749755859375
51199,VA,York County,71164,3563.0,0.0501,6694.0,40.0,33232.0,32344.0,888.0,2.7,111346.0,2069.0,7991.0,13911.0,23993.0,4.313651906,16.66041198,29.00300225,50.02293387,7190.18,33.17584,496.18017578125,-6.824161529541016
51510,VA,Alexandria city,155045,13926.0,0.0898,25558.0,58.0,100719.0,98425.0,2294.0,2.3,110115.0,8497.0,12650.0,19586.0,78211.0,7.143697875,10.63525693,16.4665725,65.75447269,25617.88,57.221745,59.880859375,-0.7782554626464844
51520,VA,Bristol city,16940,3452.0,0.2038,3173.0,42.0,7555.0,7307.0,248.0,3.3,43123.0,1277.0,4243.0,3780.0,2924.0,10.4466623,34.71040576,30.92277487,23.92015707,1974.7814,19.313562,-1198.2186279296875,-22.686437606811523
51530,VA,Buena Vista city,6569,942.0,0.1434,699.0,13.0,3220.0,3129.0,91.0,2.8,51030.0,681.0,1223.0,1176.0,1012.0,16.64222874,29.88758553,28.73900293,24.7311828,652.2556,11.652287,-46.744384765625,-1.3477134704589844
51540,VA,Charlottesville city,45272,9354.0,0.2066,5956.0,22.0,25706.0,25058.0,648.0,2.5,67903.0,2139.0,4258.0,5066.0,17595.0,7.361139789,14.65345172,17.43409732,60.55131117,5786.7666,21.392132,-169.2333984375,-0.6078681945800781
51550,VA,Chesapeake city,252459,21696.0,0.0859,28690.0,167.0,124115.0,120590.0,3525.0,2.8,87127.0,11150.0,41015.0,55838.0,61868.0,6.563804299,24.14479222,32.87082551,36.42057797,28629.277,172.0909,-60.72265625,5.0908966064453125
51570,VA,Colonial Heights city,18278,1876.0,0.1026,3038.0,39.0,8532.0,8264.0,268.0,3.1,68456.0,1035.0,4038.0,3864.0,3738.0,8.165680473,31.85798817,30.4852071,29.49112426,2120.3828,29.587187,-917.6171875,-9.412813186645508
51580,VA,Covington city,5633,906.0,0.1608,981.0,16.0,2285.0,2193.0,92.0,4.0,46592.0,495.0,1892.0,1069.0,367.0,12.94794664,49.48992937,27.96233325,9.59979074,863.3492,13.54084,-117.65081787109375,-2.4591598510742188
51590,VA,Danville city,42017,10935.0,0.2603,6994.0,81.0,18699.0,17861.0,838.0,4.5,40799.0,4380.0,11401.0,8102.0,5350.0,14.98306708,39.0004447,27.71525331,18.30123491,5760.065,43.56302,-1233.93505859375,-37.436981201171875
51595,VA,Emporia city,5533,1170.0,0.2115,685.0,10.0,2323.0,2216.0,107.0,4.6,43496.0,884.0,1375.0,832.0,552.0,24.26571507,37.7436179,22.83832007,15.15234697,753.6846,8.20983,68.6845703125,-1.7901697158813477
51600,VA,Fairfax city,24752,1861.0,0.0752,1203.0,15.0,12903.0,12598.0,305.0,2.4,122790.0,1326.0,2106.0,2679.0,10120.0,8.169552092,12.97517097,16.50545253,62.34982441,1467.5745,12.549397,264.574462890625,-2.4506025314331055
51610,VA,Falls Church city,14489,588.0,0.0406,2376.0,13.0,8555.0,8374.0,181.0,2.1,142513.0,259.0,601.0,1136.0,7849.0,2.630777044,6.104621635,11.53885221,79.72574911,2382.423,11.624472,6.423095703125,-1.375528335571289
51620,VA,Franklin city,8274,1544.0,0.1866,837.0,14.0,3476.0,3342.0,134.0,3.9,54594.0,857.0,1653.0,1601.0,1477.0,15.33643522,29.58124553,28.65068003,26.43163923,820.00946,12.090827,-16.99053955078125,-1.9091730117797852
51630,VA,Fredericksburg city,28648,3983.0,0.139,3290.0,15.0,14352.0,13889.0,463.0,3.2,71217.0,1241.0,3271.0,4470.0,7898.0,7.351895735,19.37796209,26.48104265,46.78909953,3397.4575,15.24991,107.45751953125,0.2499103546142578
51640,VA,Galax city,6702,1428.0,0.2131,1355.0,14.0,2844.0,2758.0,86.0,3.0,44706.0,757.0,1131.0,1758.0,816.0,16.96548633,25.34737786,39.39937248,18.28776333,474.341,6.8546042,-880.6589965820312,-7.145395755767822
51650,VA,Hampton city,137858,19408.0,0.1408,19356.0,110.0,64499.0,62099.0,2400.0,3.7,64086.0,6774.0,27162.0,33548.0,25571.0,7.279565848,29.18918919,36.05179732,27.47944764,18632.963,126.41984,-723.037109375,16.419837951660156
51660,VA,Harrisonburg city,51150,12480.0,0.244,5725.0,58.0,24906.0,24078.0,828.0,3.3,56057.0,4379.0,6109.0,6051.0,9607.0,16.74825977,23.36495066,23.14311941,36.74367016,5489.7627,57.266323,-235.2373046875,-0.7336769104003906
51670,VA,Hopewell city,22790,4053.0,0.1778,3370.0,26.0,9635.0,9218.0,417.0,4.3,53098.0,1837.0,5878.0,5357.0,1864.0,12.29914301,39.35457954,35.86636315,12.4799143,3406.137,26.10979,36.136962890625,0.10979080200195312
51678,VA,Lexington city,7506,952.0,0.1268,852.0,-4.0,2213.0,2124.0,89.0,4.0,62382.0,134.0,745.0,509.0,1863.0,4.121808674,22.91602584,15.65672101,57.30544448,860.08356,-2.9064746,8.08355712890625,1.0935254096984863
51680,VA,Lynchburg city,79228,13550.0,0.171,10134.0,87.0,35533.0,34185.0,1348.0,3.8,50494.0,4265.0,10658.0,12451.0,17162.0,9.576522364,23.93120172,27.95715825,38.53511766,11630.638,57.848476,1496.6376953125,-29.15152359008789
51683,VA,Manassas city,42673,3864.0,0.0905,4992.0,41.0,21729.0,21178.0,551.0,2.5,97722.0,5058.0,7492.0,5893.0,9186.0,18.3068515,27.11643563,21.32903833,33.24767454,5053.3013,42.03714,61.30126953125,1.037139892578125
51685,VA,Manassas Park city,16693,1480.0,0.0887,3391.0,12.0,9791.0,9550.0,241.0,2.5,90816.0,2361.0,3428.0,2541.0,2848.0,21.12184648,30.66738236,22.73215244,25.47861872,2902.487,12.661284,-488.512939453125,0.6612844467163086
51690,VA,Martinsville city,13697,2743.0,0.2003,2012.0,23.0,5571.0,5321.0,250.0,4.5,41500.0,1218.0,2729.0,2943.0,1859.0,13.92159104,31.19213624,33.63813007,21.24814264,1909.2814,23.540493,-102.7186279296875,0.5404930114746094
51700,VA,Newport News city,183980,30290.0,0.1646,23818.0,123.0,88557.0,85433.0,3124.0,3.5,63350.0,9822.0,35882.0,39639.0,35021.0,8.16024725,29.81123924,32.93260443,29.09590908,23804.537,134.84877,-13.462890625,11.848770141601562
51710,VA,Norfolk city,232558,39741.0,0.1709,24284.0,147.0,110326.0,106566.0,3760.0,3.4,60030.0,15761.0,37809.0,48684.0,49601.0,10.37897995,24.89809358,32.05953047,32.663396,24984.318,155.0419,700.318359375,8.041900634765625
51720,VA,Norton city,3589,725.0,0.202,772.0,1.0,1601.0,1542.0,59.0,3.7,41298.0,198.0,1026.0,934.0,431.0,7.64774044,39.62920046,36.07570491,16.64735419,718.7029,4.4427905,-53.297119140625,3.4427905082702637
51730,VA,Petersburg city,33462,7499.0,0.2241,4091.0,41.0,12608.0,11917.0,691.0,5.5,42385.0,2990.0,8009.0,6186.0,5732.0,13.04708295,34.9478553,26.99306192,25.01199983,4068.1672,42.19098,-22.832763671875,1.19097900390625
51735,VA,Poquoson city,12624,692.0,0.0548,1350.0,8.0,6378.0,6227.0,151.0,2.4,109549.0,249.0,2419.0,2602.0,3523.0,2.831798021,27.51051973,29.59172069,40.06596156,1413.5684,6.812496,63.568359375,-1.1875038146972656
51740,VA,Portsmouth city,96954,18630.0,0.1922,11147.0,98.0,44161.0,42505.0,1656.0,3.7,54843.0,7104.0,20894.0,22592.0,15281.0,10.78471558,31.71957311,34.29733874,23.19837258,13826.464,106.683975,2679.4638671875,8.683975219726562
51750,VA,Radford city,16719,3263.0,0.1952,1634.0,10.0,8960.0,8654.0,306.0,3.4,47892.0,500.0,1458.0,2498.0,2940.0,6.760411033,19.71335857,33.77501352,39.75121687,1683.9629,12.904445,49.962890625,2.904444694519043
51760,VA,Richmond city,228367,47338.0,0.2073,30763.0,162.0,120698.0,116730.0,3968.0,3.3,58719.0,17273.0,34073.0,38679.0,70940.0,10.73090423,21.16795577,24.0294474,44.0716926,34130.574,130.16437,3367.57421875,-31.83563232421875
51770,VA,Roanoke city,97657,19041.0,0.195,12867.0,148.0,48968.0,47459.0,1509.0,3.1,50425.0,7189.0,23418.0,18493.0,19950.0,10.41129616,33.91455467,26.782042,28.89210717,13248.939,145.3199,381.939453125,-2.6800994873046875
51775,VA,Salem city,25700,2548.0,0.0991,2652.0,28.0,12881.0,12518.0,363.0,2.8,63676.0,998.0,4921.0,5960.0,5373.0,5.784836541,28.52422907,34.54671922,31.14421516,2024.7443,28.383774,-627.2557373046875,0.3837738037109375
51790,VA,Staunton city,25940,3031.0,0.1168,3600.0,45.0,12456.0,12129.0,327.0,2.6,61917.0,1170.0,5343.0,5464.0,6469.0,6.342838556,28.9656294,29.62159818,35.06993386,2846.4414,22.200006,-753.55859375,-22.79999351501465
51800,VA,Suffolk city,98426,11279.0,0.1146,11013.0,70.0,45674.0,44299.0,1375.0,3.0,81858.0,5442.0,17231.0,22012.0,21441.0,8.229743217,26.05782899,33.2879654,32.42446239,11084.472,71.85415,71.4716796875,1.8541488647460938
51810,VA,Virginia Beach city,455069,44340.0,0.0974,52975.0,314.0,232244.0,225983.0,6261.0,2.7,83066.0,16914.0,67659.0,104444.0,128208.0,5.331862243,21.32839467,32.92426511,40.41547797,62382.82,355.64865,9407.8203125,41.648651123046875
51820,VA,Waynesboro city,22799,2911.0,0.1277,3180.0,30.0,10829.0,10515.0,314.0,2.9,58527.0,1756.0,5607.0,4445.0,4207.0,10.96472057,35.01092726,27.75522947,26.2691227,3046.1907,30.206116,-133.809326171875,0.20611572265625
51830,VA,Williamsburg city,15685,2044.0,0.1303,866.0,11.0,6817.0,6552.0,265.0,3.9,67543.0,524.0,1280.0,2110.0,3683.0,6.897459523,16.84875609,27.77412136,48.47966302,1111.915,11.563302,245.9150390625,0.5633020401000977
51840,VA,Winchester city,27861,4373.0,0.157,3562.0,37.0,15080.0,14684.0,396.0,2.6,60557.0,2498.0,5349.0,4840.0,5872.0,13.45977693,28.82159599,26.07899132,31.63963576,3465.4365,31.50378,-96.5634765625,-5.496219635009766
53001,WA,Adams County,20898,3025.0,0.1448,2148.0,10.0,9816.0,9335.0,481.0,4.9,62410.0,3407.0,3323.0,2854.0,1748.0,30.0653018,29.32403812,25.18531592,15.42534416,2227.6465,11.298758,79.646484375,1.298757553100586
53003,WA,Asotin County,22536,3548.0,0.1574,2258.0,29.0,10559.0,10165.0,394.0,3.7,65625.0,1318.0,5065.0,6022.0,3988.0,8.04001708,30.89733423,36.73519185,24.32745684,2620.4902,26.01482,362.490234375,-2.985179901123047
53005,WA,Benton County,212829,23033.0,0.1082,27692.0,125.0,105674.0,100627.0,5047.0,4.8,85144.0,13890.0,31534.0,46359.0,45156.0,10.14320245,23.02777149,33.8537597,32.97526636,28115.29,126.49519,423.2890625,1.4951934814453125
53007,WA,Chelan County,80038,7342.0,0.0917,10844.0,58.0,44353.0,42316.0,2037.0,4.6,81697.0,7816.0,12905.0,17803.0,16684.0,14.1573685,23.37523547,32.2471381,30.22025793,9199.657,59.85494,-1644.3427734375,1.8549385070800781
53009,WA,Clallam County,77684,9001.0,0.1159,9339.0,108.0,28911.0,27267.0,1644.0,5.7,66693.0,4245.0,15188.0,22542.0,18587.0,7.009345794,25.07843202,37.22135993,30.69086226,9228.264,104.72259,-110.736328125,-3.2774124145507812
53011,WA,Clark County,516737,44218.0,0.0856,60447.0,384.0,246694.0,235641.0,11053.0,4.5,91149.0,25431.0,86129.0,124011.0,115820.0,7.237237152,24.5108725,35.29145596,32.96043439,60309.41,386.15475,-137.58984375,2.154754638671875
53013,WA,Columbia County,4026,471.0,0.117,308.0,8.0,1738.0,1647.0,91.0,5.2,62935.0,343.0,694.0,1217.0,843.0,11.0752341,22.40878269,39.29609299,27.21989022,419.41864,0.17799425,111.41864013671875,-7.822005748748779
53015,WA,Cowlitz County,112064,14574.0,0.1301,11736.0,113.0,48420.0,45801.0,2619.0,5.4,71847.0,7842.0,24505.0,32377.0,13263.0,10.05552207,31.42190365,41.51589367,17.0066806,11904.282,113.665115,168.2822265625,0.6651153564453125
53017,WA,Douglas County,44223,3777.0,0.0854,6180.0,30.0,21681.0,20583.0,1098.0,5.1,83870.0,5093.0,8273.0,9425.0,6377.0,17.46091607,28.36327482,32.31280856,21.86300055,5984.931,28.768257,-195.06884765625,-1.2317428588867188
53019,WA,Ferry County,7468,1205.0,0.1614,844.0,14.0,2289.0,2083.0,206.0,9.0,57064.0,445.0,1707.0,2474.0,1037.0,7.858025781,30.14303373,43.68709165,18.31184884,883.59076,13.458153,39.59075927734375,-0.5418472290039062
53021,WA,Franklin County,98582,10356.0,0.105,15242.0,43.0,43925.0,41354.0,2571.0,5.9,77820.0,13340.0,15226.0,16820.0,11643.0,23.39160778,26.69869715,29.49376633,20.41592874,15288.393,42.274406,46.392578125,-0.7255935668945312
53023,WA,Garfield County,2357,288.0,0.1222,215.0,0.0,796.0,743.0,53.0,6.7,64413.0,125.0,422.0,736.0,469.0,7.134703196,24.08675799,42.00913242,26.76940639,256.39096,0.50093806,41.390960693359375,0.5009380578994751
53025,WA,Grant County,101580,14238.0,0.1402,13104.0,56.0,48734.0,45944.0,2790.0,5.7,63809.0,11520.0,18004.0,21205.0,11260.0,18.58394231,29.04386262,34.20768201,18.16451306,13220.46,57.719345,116.4599609375,1.7193450927734375
53027,WA,Grays Harbor County,77041,13651.0,0.1772,9833.0,89.0,28799.0,26954.0,1845.0,6.4,62258.0,5409.0,19743.0,20981.0,9868.0,9.658756094,35.25472759,37.4654024,17.62111391,9188.01,83.081955,-644.990234375,-5.9180450439453125
53029,WA,Island County,86682,5577.0,0.0643,8432.0,55.0,36599.0,34884.0,1715.0,4.7,82717.0,2634.0,14010.0,24483.0,22869.0,4.115882243,21.89199325,38.25707857,35.73504594,8478.027,56.343746,46.02734375,1.3437461853027344
53031,WA,Jefferson County,33570,3707.0,0.1104,3210.0,13.0,12616.0,11953.0,663.0,5.3,69176.0,1105.0,5584.0,9331.0,12214.0,3.913721046,19.77757314,33.0488064,43.25989941,3398.6377,15.197896,188.6376953125,2.1978960037231445
53033,WA,King County,2265311,190175.0,0.084,336249.0,1206.0,1318942.0,1279356.0,39586.0,3.0,116044.0,101640.0,233689.0,384985.0,914159.0,6.21851814,14.29751363,23.55407523,55.929893,317740.97,1061.181,-18508.03125,-144.8189697265625
53035,WA,Kitsap County,277813,25406.0,0.0915,31184.0,140.0,127917.0,122423.0,5494.0,4.3,93794.0,9205.0,41363.0,74112.0,71744.0,4.686290881,21.05801735,37.73062355,36.52506822,31397.273,140.9136,213.2734375,0.913604736328125
53037,WA,Kittitas County,45122,4918.0,0.109,4653.0,34.0,22421.0,21182.0,1239.0,5.5,71737.0,2032.0,7949.0,8974.0,10321.0,6.940838912,27.15193332,30.65309469,35.25413308,4417.8257,34.470707,-235.17431640625,0.4707069396972656
53039,WA,Klickitat County,23303,2802.0,0.1202,1900.0,25.0,9760.0,9221.0,539.0,5.5,70371.0,1754.0,4853.0,5381.0,5435.0,10.06715261,27.85398611,30.88446307,31.19439821,2010.0967,25.307508,110.0966796875,0.3075084686279297
53041,WA,Lewis County,85357,9934.0,0.1164,8735.0,100.0,34539.0,32560.0,1979.0,5.7,67954.0,5771.0,18906.0,23148.0,12069.0,9.635355795,31.56576619,38.64827863,20.15059939,8576.621,100.27315,-158.37890625,0.2731475830078125
53043,WA,Lincoln County,11613,1237.0,0.1065,1092.0,3.0,4608.0,4373.0,235.0,5.1,68318.0,615.0,2108.0,3434.0,1912.0,7.6217623,26.12467468,42.55793779,23.69562523,1253.8605,7.250758,161.8604736328125,4.250758171081543
53045,WA,Mason County,68171,7520.0,0.1103,8506.0,81.0,25347.0,23836.0,1511.0,6.0,78029.0,4386.0,14814.0,19275.0,10856.0,8.890961059,30.02979871,39.07279398,22.00644625,8402.472,77.8344,-103.5283203125,-3.1656036376953125
53047,WA,Okanogan County,43460,7212.0,0.1659,4576.0,33.0,19542.0,18356.0,1186.0,6.1,58661.0,4378.0,8933.0,9965.0,7344.0,14.29784455,29.17374265,32.54408883,23.98432397,4735.9062,36.120235,159.90625,3.1202354431152344
53049,WA,Pacific County,24095,3262.0,0.1354,2723.0,34.0,8549.0,7986.0,563.0,6.6,55615.0,1710.0,5483.0,7239.0,4398.0,9.081253319,29.11842804,38.44397238,23.35634626,2688.556,34.320686,-34.444091796875,0.32068634033203125
53051,WA,Pend Oreille County,14138,2192.0,0.155,1187.0,17.0,5121.0,4785.0,336.0,6.6,59332.0,575.0,3424.0,4070.0,2053.0,5.680695515,33.82730686,40.20944477,20.28255286,1235.7036,16.734583,48.70361328125,-0.26541709899902344
53053,WA,Pierce County,926479,82369.0,0.0889,127640.0,551.0,450279.0,428275.0,22004.0,4.9,92793.0,47340.0,167958.0,223804.0,189514.0,7.530829632,26.71869631,35.60265727,30.14781679,127579.83,550.86884,-60.171875,-0.13116455078125
53055,WA,San Juan County,18672,1774.0,0.095,1429.0,3.0,8649.0,8321.0,328.0,3.8,84024.0,672.0,2419.0,3943.0,8063.0,4.451215473,16.02305094,26.11777174,53.40796185,1347.9006,4.399,-81.099365234375,1.3990001678466797
53057,WA,Skagit County,131322,14795.0,0.1127,13961.0,101.0,61005.0,57932.0,3073.0,5.0,79118.0,8570.0,23861.0,33825.0,27240.0,9.166167537,25.5208779,36.17801831,29.13493625,14059.453,101.37243,98.453125,0.37242889404296875
53059,WA,Skamania County,12455,1197.0,0.0961,853.0,8.0,5514.0,5236.0,278.0,5.0,82132.0,646.0,2596.0,3546.0,2660.0,6.83742591,27.47671465,37.53175275,28.15410669,1674.1595,12.6131,821.1595458984375,4.613100051879883
53061,WA,Snohomish County,840452,70524.0,0.0839,119366.0,537.0,449536.0,434437.0,15099.0,3.4,101440.0,40641.0,133414.0,196650.0,216250.0,6.924040173,22.72985152,33.50342019,36.84268811,119332.04,542.82196,-33.9609375,5.82196044921875
53063,WA,Spokane County,549740,65239.0,0.1187,69184.0,463.0,261261.0,249353.0,11908.0,4.6,69079.0,20698.0,91088.0,144297.0,121064.0,5.488045775,24.15185591,38.2601479,32.09995042,69067.1,463.9051,-116.8984375,0.90509033203125
53065,WA,Stevens County,48283,6201.0,0.1284,4193.0,48.0,19061.0,17843.0,1218.0,6.4,65748.0,2744.0,11210.0,12963.0,7495.0,7.973962571,32.57584564,37.66999884,21.78019296,4153.9546,50.96414,-39.04541015625,2.964141845703125
53067,WA,Thurston County,298639,25609.0,0.0858,35163.0,226.0,147067.0,140545.0,6522.0,4.4,88560.0,11691.0,46768.0,74371.0,78600.0,5.529489666,22.11985054,35.1752353,37.17542449,39928.18,183.28438,4765.1796875,-42.71562194824219
53069,WA,Wahkiakum County,4688,534.0,0.1139,317.0,6.0,1349.0,1261.0,88.0,6.5,70099.0,251.0,1025.0,1439.0,778.0,7.185800172,29.34440309,41.19667907,22.27311766,549.3413,6.444047,232.34130859375,0.4440469741821289
53071,WA,Walla Walla County,61853,7540.0,0.1219,8788.0,54.0,30056.0,28721.0,1335.0,4.4,66542.0,4412.0,9404.0,14848.0,12336.0,10.76097561,22.93658537,36.21463415,30.08780488,8729.306,56.535965,-58.6943359375,2.5359649658203125
53073,WA,Whatcom County,230598,25890.0,0.1123,28022.0,152.0,114083.0,108778.0,5305.0,4.7,78796.0,9684.0,33192.0,53334.0,59183.0,6.23194095,21.36003552,34.32200936,38.08601417,27700.867,152.5315,-321.1328125,0.531494140625
53075,WA,Whitman County,47579,8185.0,0.172,3681.0,15.0,23127.0,22105.0,1022.0,4.4,54412.0,957.0,3667.0,7516.0,12217.0,3.929055302,15.05522027,30.85765899,50.15806544,3827.8296,18.489536,146.82958984375,3.4895362854003906
53077,WA,Yakima County,257019,41877.0,0.1629,33902.0,191.0,130634.0,122667.0,7967.0,6.1,63058.0,37206.0,45967.0,44290.0,29637.0,23.68300446,29.25970719,28.19223425,18.86505411,33901.96,189.02873,-0.0390625,-1.9712677001953125
54001,WV,Barbour County,15391,2871.0,0.1865,2600.0,21.0,7172.0,6852.0,320.0,4.5,46302.0,1201.0,5616.0,2413.0,1288.0,11.41852063,53.3941814,22.94162388,12.24567408,2286.4443,21.247236,-313.5556640625,0.2472362518310547
54003,WV,Berkeley County,129379,14175.0,0.1096,19750.0,132.0,58992.0,57259.0,1733.0,2.9,70829.0,8251.0,32312.0,25641.0,21308.0,9.428421245,36.92293628,29.29998172,24.34866076,19071.037,133.28096,-678.962890625,1.2809600830078125
54005,WV,Boone County,20907,3850.0,0.1841,4163.0,38.0,7164.0,6846.0,318.0,4.4,46508.0,2329.0,7156.0,3989.0,1826.0,15.22222222,46.77124183,26.07189542,11.93464052,3610.354,37.726635,-552.64599609375,-0.2733650207519531
54007,WV,Braxton County,12170,2459.0,0.2021,2223.0,21.0,5076.0,4771.0,305.0,6.0,43328.0,1504.0,4706.0,1912.0,1093.0,16.32121541,51.06890939,20.74877916,11.86109604,2231.1067,21.163336,8.106689453125,0.16333580017089844
54009,WV,Brooke County,21694,2656.0,0.1224,2538.0,32.0,9679.0,9233.0,446.0,4.6,61551.0,1223.0,6699.0,4676.0,3533.0,7.581675036,41.52873349,28.98766351,21.90192796,2433.9045,28.027138,-104.095458984375,-3.9728622436523438
54011,WV,Cabell County,92485,17142.0,0.1853,15517.0,127.0,40923.0,39463.0,1460.0,3.6,51017.0,6205.0,18814.0,16963.0,20166.0,9.98423119,30.27289696,27.29452275,32.4483491,15405.852,122.52462,-111.1484375,-4.475379943847656
54013,WV,Calhoun County,6069,1341.0,0.221,1034.0,6.0,2461.0,2261.0,200.0,8.1,43589.0,654.0,2552.0,950.0,467.0,14.14665801,55.20224962,20.54942678,10.10166559,1799.6844,16.073303,765.6844482421875,10.07330322265625
54015,WV,Clay County,7840,1843.0,0.2351,1036.0,27.0,3001.0,2826.0,175.0,5.8,42604.0,869.0,2876.0,1073.0,643.0,15.91283648,52.66434719,19.64841604,11.77440029,1085.5137,19.7321,49.513671875,-7.267900466918945
54017,WV,Doddridge County,7712,1327.0,0.1721,926.0,6.0,3733.0,3616.0,117.0,3.1,47755.0,1017.0,2449.0,1614.0,739.0,17.47722976,42.08626912,27.73672452,12.69977659,771.1214,10.43047,-154.87860107421875,4.4304704666137695
54019,WV,Fayette County,39388,7671.0,0.1948,8643.0,71.0,15638.0,14909.0,729.0,4.7,48710.0,4049.0,13078.0,7260.0,4677.0,13.93132397,44.99724745,24.9793559,16.09207267,7942.3506,68.89461,-700.6494140625,-2.1053924560546875
54021,WV,Gilmer County,7330,1314.0,0.1793,922.0,8.0,2283.0,2162.0,121.0,5.3,44938.0,990.0,2530.0,762.0,1062.0,18.5254491,47.34281437,14.25898204,19.87275449,1017.8948,8.190641,95.894775390625,0.1906414031982422
54023,WV,Grant County,10938,1544.0,0.1412,1964.0,17.0,5906.0,5687.0,219.0,3.7,58150.0,779.0,4097.0,1778.0,1455.0,9.60660994,50.52410901,21.92625478,17.94302627,2001.9418,16.457968,37.9417724609375,-0.5420322418212891
54025,WV,Greenbrier County,32375,5783.0,0.1786,6653.0,56.0,15300.0,14719.0,581.0,3.8,45137.0,3070.0,9910.0,5853.0,5334.0,12.70327306,41.00633095,24.21897629,22.0714197,6148.6387,54.3588,-504.361328125,-1.6412010192871094
54027,WV,Hampshire County,23457,3563.0,0.1519,3029.0,34.0,11016.0,10722.0,294.0,2.7,58266.0,1988.0,8473.0,4240.0,2853.0,11.32505412,48.26820098,24.15403897,16.25270594,3019.02,34.10103,-9.97998046875,0.1010284423828125
54029,WV,Hancock County,28254,3322.0,0.1176,3205.0,47.0,12771.0,12137.0,634.0,5.0,58077.0,2152.0,8548.0,6321.0,4301.0,10.09286183,40.09004784,29.64543664,20.17165369,3797.925,37.247215,592.925048828125,-9.752784729003906
54031,WV,Hardy County,14168,1792.0,0.1265,2595.0,15.0,5637.0,5408.0,229.0,4.1,53876.0,1434.0,5141.0,2434.0,1673.0,13.42445235,48.12769144,22.78599513,15.66186107,2143.056,19.229109,-451.944091796875,4.229108810424805
54033,WV,Harrison County,64752,9584.0,0.148,11888.0,77.0,33654.0,32447.0,1207.0,3.6,57764.0,5225.0,17741.0,11608.0,12080.0,11.19946843,38.02675012,24.88103914,25.89274232,11274.731,76.31797,-613.2685546875,-0.6820297241210938
54035,WV,Jackson County,27667,5008.0,0.181,3992.0,38.0,11875.0,11372.0,503.0,4.2,54735.0,2101.0,7466.0,6394.0,3846.0,10.60736103,37.69374464,32.28151664,19.41737769,3930.4075,41.248596,-61.592529296875,3.24859619140625
54037,WV,Jefferson County,59001,5357.0,0.0908,8710.0,54.0,30400.0,29641.0,759.0,2.5,87259.0,4107.0,11693.0,11398.0,13840.0,10.00779765,28.49310395,27.774258,33.72484039,8204.465,53.721596,-505.53515625,-0.27840423583984375
54039,WV,Kanawha County,175864,30549.0,0.1737,28781.0,266.0,80845.0,77870.0,2975.0,3.7,55160.0,11958.0,46765.0,32670.0,37829.0,9.253842225,36.18965811,25.28207271,29.27442696,28115.145,263.91553,-665.85546875,-2.08447265625
54041,WV,Lewis County,16674,2977.0,0.1785,3192.0,30.0,6155.0,5860.0,295.0,4.8,53283.0,1395.0,5645.0,2850.0,2092.0,11.6424637,47.11233517,23.78567852,17.45952262,2957.8909,27.791714,-234.109130859375,-2.2082862854003906
54043,WV,Lincoln County,19851,4743.0,0.2389,3495.0,36.0,6964.0,6612.0,352.0,5.1,43727.0,2606.0,7098.0,3425.0,1203.0,18.1830868,49.52553726,23.89757187,8.393804075,3569.4988,39.53384,74.498779296875,3.5338401794433594
54045,WV,Logan County,31206,7800.0,0.25,6250.0,47.0,11065.0,10588.0,477.0,4.3,42615.0,3981.0,9997.0,5788.0,3175.0,17.35321041,43.57700187,25.22993767,13.83985005,5880.8857,44.89761,-369.1142578125,-2.1023902893066406
54047,WV,McDowell County,17806,5944.0,0.3338,3695.0,40.0,4015.0,3758.0,257.0,6.4,28972.0,3337.0,7299.0,2415.0,796.0,24.09908283,52.71177872,17.44060085,5.748537589,3659.4202,39.820595,-35.579833984375,-0.17940521240234375
54049,WV,Marion County,55784,8380.0,0.1502,9859.0,60.0,24962.0,23873.0,1089.0,4.4,58855.0,3009.0,14918.0,10791.0,10006.0,7.770374961,38.52391282,27.86643942,25.8392728,7742.588,67.26129,-2116.412109375,7.26129150390625
54051,WV,Marshall County,29667,5071.0,0.1709,4917.0,33.0,12972.0,12323.0,649.0,5.0,51934.0,1638.0,9745.0,6788.0,4284.0,7.294589178,43.39790692,30.22934758,19.07815631,4862.4863,36.53853,-54.513671875,3.5385284423828125
54053,WV,Mason County,24911,4519.0,0.1814,4322.0,37.0,10085.0,9641.0,444.0,4.4,48077.0,2359.0,7854.0,5108.0,2968.0,12.89846356,42.94384603,27.92935644,16.22833397,3845.946,40.187347,-476.053955078125,3.187347412109375
54055,WV,Mercer County,58612,12167.0,0.2076,11518.0,82.0,20334.0,19424.0,910.0,4.5,43917.0,5602.0,16505.0,11073.0,8644.0,13.39422341,39.46298776,26.47522953,20.6675593,11203.598,83.563286,-314.40234375,1.5632858276367188
54057,WV,Mineral County,26902,4158.0,0.1546,4573.0,35.0,12326.0,11858.0,468.0,3.8,59669.0,1307.0,8600.0,5168.0,4455.0,6.692268305,44.03481823,26.46185356,22.81105991,4385.303,32.603367,-187.69677734375,-2.3966331481933594
54059,WV,Mingo County,22445,6886.0,0.3068,4318.0,48.0,6429.0,6075.0,354.0,5.5,35761.0,3832.0,7307.0,3781.0,1355.0,23.5453149,44.89708141,23.23195084,8.325652842,4371.415,46.970272,53.4150390625,-1.0297279357910156
54061,WV,Monongalia County,106978,18418.0,0.1722,14951.0,53.0,55032.0,53152.0,1880.0,3.4,59094.0,3931.0,16750.0,13637.0,31598.0,5.963650707,25.41112932,20.68845197,47.93676801,14914.974,52.85629,-36.0263671875,-0.14371109008789062
54063,WV,Monroe County,12322,1825.0,0.1481,3005.0,26.0,6086.0,5878.0,208.0,3.4,53154.0,1097.0,4483.0,2056.0,1393.0,12.14973973,49.65112416,22.77107099,15.42806512,1637.2542,13.139648,-1367.745849609375,-12.8603515625
54065,WV,Morgan County,17435,2701.0,0.1549,2243.0,27.0,8441.0,8202.0,239.0,2.8,56162.0,1601.0,5778.0,3497.0,2325.0,12.1278691,43.76941141,26.49041739,17.6123021,2287.2544,26.690916,44.25439453125,-0.3090839385986328
54067,WV,Nicholas County,24309,4521.0,0.186,4254.0,35.0,8914.0,8501.0,413.0,4.6,46757.0,2146.0,7782.0,4586.0,3414.0,11.97010263,43.40696118,25.58009817,19.04283802,4214.295,37.05365,-39.705078125,2.05364990234375
54069,WV,Ohio County,41463,5831.0,0.1406,6222.0,64.0,19757.0,18970.0,787.0,4.0,60241.0,2185.0,9459.0,8284.0,9609.0,7.397501439,32.02424078,28.04617937,32.53207841,5536.591,54.597057,-685.4091796875,-9.402942657470703
54071,WV,Pendleton County,6067,898.0,0.148,976.0,7.0,3740.0,3643.0,97.0,2.6,52553.0,586.0,2245.0,797.0,933.0,12.84805964,49.22166192,17.47423811,20.45604034,890.7182,9.435796,-85.28179931640625,2.435795783996582
54073,WV,Pleasants County,7570,988.0,0.1305,902.0,7.0,2660.0,2518.0,142.0,5.3,56391.0,651.0,2424.0,1608.0,803.0,11.86656945,44.18519869,29.31097339,14.63725848,783.3931,8.710712,-118.60687255859375,1.7107124328613281
54075,WV,Pocahontas County,7797,1472.0,0.1888,1147.0,12.0,3874.0,3716.0,158.0,4.1,44553.0,970.0,2925.0,1159.0,948.0,16.16127957,48.73375541,19.31022992,15.79473509,1012.25525,12.952811,-134.7447509765625,0.9528112411499023
54077,WV,Preston County,34222,4305.0,0.1258,4419.0,29.0,15440.0,14817.0,623.0,4.0,55965.0,3658.0,11794.0,5741.0,4617.0,14.17280124,45.69546687,22.24331654,17.88841534,4565.283,45.88782,146.283203125,16.887821197509766
54079,WV,Putnam County,57063,5911.0,0.1036,9753.0,62.0,26630.0,25745.0,885.0,3.3,80034.0,2782.0,14666.0,11614.0,11530.0,6.853567205,36.13027197,28.61154907,28.40461175,8297.944,60.697987,-1455.0556640625,-1.3020133972167969
54081,WV,Raleigh County,72801,13637.0,0.1873,15537.0,177.0,29446.0,28363.0,1083.0,3.7,51317.0,7596.0,20082.0,13424.0,11342.0,14.48402105,38.29227366,25.59682709,21.62687819,14806.163,168.27206,-730.8369140625,-8.727935791015625
54083,WV,Randolph County,27552,4254.0,0.1544,5881.0,35.0,11679.0,11133.0,546.0,4.7,49362.0,2495.0,10035.0,4005.0,3869.0,12.22799451,49.18153303,19.62850421,18.96196824,5614.1143,36.748394,-266.8857421875,1.7483940124511719
54085,WV,Ritchie County,8230,1594.0,0.1937,1277.0,8.0,4278.0,4103.0,175.0,4.1,51965.0,970.0,3046.0,1385.0,796.0,15.65273519,49.15281588,22.34952396,12.84492496,924.7105,16.466795,-352.28948974609375,8.466794967651367
54087,WV,Roane County,13833,2577.0,0.1863,2327.0,19.0,5026.0,4713.0,313.0,6.2,42697.0,1722.0,5023.0,1906.0,1431.0,17.07994446,49.821464,18.90497917,14.19361238,2423.159,20.109648,96.158935546875,1.1096477508544922
54089,WV,Summers County,11702,2483.0,0.2122,1890.0,25.0,4582.0,4412.0,170.0,3.7,40569.0,1587.0,4011.0,2213.0,1487.0,17.06818671,43.13830931,23.80081738,15.9926866,1735.8601,21.998379,-154.139892578125,-3.0016212463378906
54091,WV,Taylor County,16410,2605.0,0.1587,2826.0,31.0,7837.0,7536.0,301.0,3.8,53972.0,1654.0,5190.0,3172.0,2103.0,13.64799076,42.82531562,26.17377671,17.35291691,2597.696,28.063467,-228.303955078125,-2.936532974243164
54093,WV,Tucker County,6620,1040.0,0.1571,1019.0,7.0,3542.0,3409.0,133.0,3.8,50444.0,593.0,2161.0,1294.0,1292.0,11.10486891,40.46816479,24.23220974,24.19475655,950.5218,7.6452584,-68.47821044921875,0.6452584266662598
54095,WV,Tyler County,8090,1235.0,0.1527,1148.0,8.0,2960.0,2788.0,172.0,5.8,57560.0,509.0,2881.0,1709.0,947.0,8.418789282,47.65133973,28.26662256,15.66324843,964.21326,10.18827,-183.7867431640625,2.18826961517334
54097,WV,Upshur County,23705,4198.0,0.1771,3955.0,29.0,9662.0,9201.0,461.0,4.8,47035.0,1894.0,8436.0,3188.0,2854.0,11.56853164,51.52699731,19.47226973,17.43220132,4045.2507,29.839838,90.250732421875,0.8398380279541016
54099,WV,Wayne County,37980,6752.0,0.1778,4924.0,60.0,15376.0,14762.0,614.0,4.0,52540.0,4075.0,10407.0,8325.0,4899.0,14.70800549,37.56226088,30.04764311,17.68209052,5242.477,57.4657,318.47705078125,-2.5343017578125
54101,WV,Webster County,8141,1911.0,0.2347,1235.0,10.0,3212.0,3070.0,142.0,4.4,40598.0,1201.0,2971.0,1110.0,759.0,19.88081443,49.18059924,18.37444132,12.56414501,1028.8256,11.38213,-206.1744384765625,1.3821296691894531
54103,WV,Wetzel County,13994,2887.0,0.2063,2375.0,26.0,6393.0,6036.0,357.0,5.6,48563.0,1024.0,4931.0,2825.0,1371.0,10.08767609,48.57649493,27.82977047,13.50605852,1691.4998,18.843409,-683.500244140625,-7.156591415405273
54105,WV,Wirt County,5092,950.0,0.1866,708.0,8.0,2227.0,2096.0,131.0,5.9,43441.0,415.0,1786.0,924.0,606.0,11.12302332,47.86920397,24.76547842,16.24229429,825.45233,8.853012,117.45233154296875,0.8530120849609375
54107,WV,Wood County,83388,15321.0,0.1837,12178.0,95.0,35981.0,34500.0,1481.0,4.1,57599.0,5698.0,21309.0,19306.0,13791.0,9.480234261,35.45354718,32.12099028,22.94522827,11596.802,94.97656,-581.1982421875,-0.0234375
54109,WV,Wyoming County,20572,5162.0,0.2509,5099.0,58.0,7101.0,6794.0,307.0,4.3,39892.0,3342.0,6953.0,3088.0,1833.0,21.9637224,45.69532072,20.29442692,12.04652997,3782.9062,41.22182,-1316.09375,-16.778179168701172
55001,WI,Adams County,21252,3158.0,0.1486,2324.0,29.0,7736.0,7362.0,374.0,4.8,54682.0,1865.0,6745.0,5394.0,2923.0,11.0179004,39.84758079,31.86624919,17.26826963,2339.209,30.398363,15.208984375,1.3983631134033203
55003,WI,Ashland County,16040,2180.0,0.1359,1667.0,16.0,7500.0,7206.0,294.0,3.9,56848.0,539.0,3998.0,4182.0,2474.0,4.815509694,35.71875279,37.36263736,22.10310015,1838.8628,16.338102,171.86279296875,0.3381023406982422
55005,WI,Barron County,46715,5806.0,0.1243,5268.0,35.0,23920.0,23119.0,801.0,3.3,62344.0,2760.0,11666.0,11503.0,7434.0,8.272637353,34.96687948,34.4783143,22.28216887,5212.6685,36.99452,-55.33154296875,1.9945182800292969
55007,WI,Bayfield County,16659,1736.0,0.1042,2019.0,11.0,7387.0,7034.0,353.0,4.8,63680.0,490.0,3267.0,4556.0,4474.0,3.832016892,25.5493861,35.62993665,34.98866036,1569.18,12.448947,-449.8199462890625,1.4489469528198242
55009,WI,Brown County,270068,25824.0,0.0956,41548.0,234.0,140668.0,136985.0,3683.0,2.6,72398.0,12208.0,53124.0,57540.0,58981.0,6.713114439,29.21260579,31.64094076,32.43333902,41866.285,234.68822,318.28515625,0.6882171630859375
55011,WI,Buffalo County,13390,1279.0,0.0955,1580.0,13.0,6191.0,5951.0,240.0,3.9,63969.0,782.0,3722.0,3099.0,2156.0,8.013116098,38.1391536,31.7553028,22.0924275,1567.2402,16.490448,-12.759765625,3.490447998046875
55013,WI,Burnett County,16988,1974.0,0.1162,1992.0,24.0,7251.0,6915.0,336.0,4.6,57438.0,949.0,4893.0,4418.0,2894.0,7.214535503,37.19781055,33.58674168,22.00091227,1707.4065,22.410355,-284.593505859375,-1.5896453857421875
55015,WI,Calumet County,52712,2865.0,0.0544,5845.0,38.0,27668.0,27029.0,639.0,2.3,85589.0,1929.0,11111.0,11792.0,11975.0,5.240850925,30.18719265,32.03738419,32.53457223,5683.986,37.050262,-161.01416015625,-0.949737548828125
55017,WI,Chippewa County,66753,6485.0,0.0971,7780.0,66.0,33577.0,32452.0,1125.0,3.4,74425.0,3104.0,16076.0,16939.0,11494.0,6.519227942,33.76388801,35.57641821,24.14046584,7847.578,66.791275,67.578125,0.7912750244140625
55019,WI,Clark County,34732,4361.0,0.1256,2794.0,23.0,17651.0,17184.0,467.0,2.6,63641.0,3761.0,8695.0,6200.0,2891.0,17.45486611,40.35364552,28.77430733,13.41718105,2984.978,24.21082,190.97802734375,1.2108192443847656
55021,WI,Columbia County,58228,4341.0,0.0746,8897.0,43.0,31918.0,31081.0,837.0,2.6,78767.0,2593.0,13091.0,15540.0,10788.0,6.172046082,31.16014472,36.98943159,25.67837761,8569.789,45.029884,-327.2109375,2.0298843383789062
55023,WI,Crawford County,16015,1749.0,0.1092,2257.0,7.0,7093.0,6822.0,271.0,3.8,63862.0,899.0,4864.0,3895.0,2161.0,7.60639648,41.15407395,32.95541078,18.28411879,2107.1514,10.971616,-149.8486328125,3.971615791320801
55025,WI,Dane County,567758,57011.0,0.1004,102502.0,206.0,331415.0,324324.0,7091.0,2.1,85189.0,13978.0,65437.0,91722.0,204572.0,3.720432569,17.41693704,24.41304307,54.44958731,102307.48,207.00858,-194.5234375,1.008575439453125
55027,WI,Dodge County,88374,7403.0,0.0838,11783.0,87.0,47639.0,46412.0,1227.0,2.6,69681.0,4859.0,25915.0,20769.0,12823.0,7.549016562,40.26193953,32.26703539,19.92200851,10905.719,95.44001,-877.28125,8.440010070800781
55029,WI,Door County,30551,2350.0,0.0769,3790.0,36.0,15244.0,14766.0,478.0,3.1,72296.0,807.0,6256.0,7837.0,8792.0,3.406213068,26.40553773,33.07867635,37.10957285,3463.7058,34.641254,-326.294189453125,-1.3587455749511719
55031,WI,Douglas County,44226,4703.0,0.1063,6054.0,41.0,22761.0,21832.0,929.0,4.1,66180.0,1716.0,9433.0,11947.0,8876.0,5.367196297,29.50394095,37.36707119,27.76179157,6055.0825,41.06488,1.08251953125,0.06488037109375
55033,WI,Dunn County,45622,4596.0,0.1007,5738.0,20.0,24020.0,23272.0,748.0,3.1,71434.0,1568.0,9436.0,8986.0,8257.0,5.551031968,33.40531738,31.81222785,29.23142281,4864.388,30.69906,-873.61181640625,10.699060440063477
55035,WI,Eau Claire County,106786,11756.0,0.1101,14971.0,47.0,59637.0,58133.0,1504.0,2.5,70564.0,2723.0,17835.0,23332.0,24324.0,3.991849181,26.14565925,34.20412232,35.65836925,13300.194,50.995895,-1670.8056640625,3.9958953857421875
55037,WI,Florence County,4706,516.0,0.1096,529.0,6.0,2153.0,2076.0,77.0,3.6,64512.0,311.0,1267.0,1244.0,849.0,8.471806047,34.51375647,33.88722419,23.12721329,613.8159,5.3432126,84.81591796875,-0.6567873954772949
55039,WI,Fond du Lac County,103812,9397.0,0.0905,15573.0,109.0,56254.0,54814.0,1440.0,2.6,71206.0,5100.0,27190.0,24177.0,16498.0,6.989652573,37.26444186,33.13506476,22.61084081,14981.395,112.37167,-591.60546875,3.371673583984375
55041,WI,Forest County,9332,1284.0,0.1376,1377.0,14.0,3867.0,3685.0,182.0,4.7,56118.0,636.0,2601.0,2560.0,1063.0,9.271137026,37.9154519,37.31778426,15.49562682,1077.5995,14.256789,-299.4005126953125,0.2567892074584961
55043,WI,Grant County,51315,6152.0,0.1199,5666.0,33.0,27067.0,26326.0,741.0,2.7,63247.0,2317.0,11242.0,11008.0,7999.0,7.114782288,34.52066572,33.80212492,24.56242707,5507.279,35.52919,-158.72119140625,2.5291900634765625
55045,WI,Green County,36885,2583.0,0.07,5067.0,15.0,20880.0,20374.0,506.0,2.4,79337.0,1623.0,9169.0,8534.0,7139.0,6.132627999,34.64575855,32.24636312,26.97525033,5032.745,22.760983,-34.2548828125,7.760982513427734
55047,WI,Green Lake County,19208,2000.0,0.1041,2442.0,22.0,9118.0,8811.0,307.0,3.4,66070.0,1153.0,4971.0,4399.0,3058.0,8.489801929,36.60260658,32.39084014,22.51675134,2127.9336,22.372002,-314.06640625,0.37200164794921875
55049,WI,Iowa County,23958,2054.0,0.0857,3184.0,9.0,13636.0,13280.0,356.0,2.6,76404.0,767.0,5542.0,5876.0,4852.0,4.501966309,32.52920115,34.48964019,28.47919235,2299.8762,20.379955,-884.123779296875,11.379955291748047
55051,WI,Iron County,6199,685.0,0.1105,731.0,5.0,2515.0,2385.0,130.0,5.2,60694.0,229.0,1601.0,1960.0,1156.0,4.630004044,32.36959159,39.62798221,23.37242216,625.7571,6.7831235,-105.242919921875,1.78312349319458
55053,WI,Jackson County,20893,2485.0,0.1189,2458.0,6.0,9381.0,9021.0,360.0,3.8,64344.0,1132.0,6637.0,4770.0,2437.0,7.558760684,44.31757479,31.85096154,16.27270299,2237.4434,15.195372,-220.556640625,9.195371627807617
55055,WI,Jefferson County,85725,6817.0,0.0795,10736.0,67.0,46089.0,44849.0,1240.0,2.7,78728.0,4239.0,19382.0,19190.0,16755.0,7.116475842,32.53869657,32.21636504,28.12846255,10561.584,72.17715,-174.416015625,5.177146911621094
55057,WI,Juneau County,26775,3562.0,0.133,3678.0,25.0,13286.0,12856.0,430.0,3.2,61904.0,2044.0,7904.0,6614.0,3219.0,10.33314797,39.95753501,33.43612558,16.27319145,3614.1562,29.624018,-63.84375,4.624017715454102
55059,WI,Kenosha County,167637,16116.0,0.0961,23662.0,225.0,90351.0,87396.0,2955.0,3.3,75067.0,9822.0,32138.0,37642.0,35366.0,8.543246817,27.95386542,32.74128453,30.76160323,23499.318,210.82129,-162.681640625,-14.1787109375
55061,WI,Kewaunee County,20653,1539.0,0.0745,2160.0,13.0,10760.0,10490.0,270.0,2.5,73717.0,945.0,5689.0,5096.0,3036.0,6.399837464,38.52769877,34.5117161,20.56074766,2128.198,20.06796,-31.802001953125,7.067960739135742
55063,WI,La Crosse County,120252,13327.0,0.1108,20403.0,66.0,65448.0,63805.0,1643.0,2.5,70075.0,2759.0,19340.0,27933.0,28244.0,3.524707445,24.70744545,35.68526751,36.08257959,19904.525,64.6224,-498.474609375,-1.3776016235351562
55065,WI,Lafayette County,16906,1761.0,0.1042,1668.0,12.0,10222.0,9974.0,248.0,2.4,67311.0,1024.0,4449.0,3534.0,2340.0,9.024411739,39.20860139,31.14479598,20.62219089,1811.1405,13.386305,143.1405029296875,1.3863048553466797
55067,WI,Langlade County,19502,2303.0,0.1181,2676.0,37.0,9286.0,8948.0,338.0,3.6,57745.0,1470.0,6135.0,4456.0,2329.0,10.21542738,42.63377345,30.96594858,16.18485059,2524.7444,32.55923,-151.255615234375,-4.440769195556641
55069,WI,Lincoln County,28355,3131.0,0.1104,3387.0,32.0,14656.0,14204.0,452.0,3.1,59637.0,1620.0,8616.0,7083.0,4177.0,7.536285821,40.0818757,32.95031634,19.43152214,3361.0051,33.41443,-25.994873046875,1.4144287109375
55071,WI,Manitowoc County,81198,8492.0,0.1046,8991.0,74.0,40505.0,39374.0,1131.0,2.8,62910.0,4502.0,22028.0,19221.0,13079.0,7.652558219,37.44348122,32.67210607,22.2318545,9345.32,78.50537,354.3203125,4.50537109375
55073,WI,Marathon County,137955,14999.0,0.1087,19506.0,147.0,72542.0,70710.0,1832.0,2.5,70955.0,6674.0,31752.0,31798.0,26333.0,6.911979453,32.88420311,32.93184337,27.27197407,19262.172,140.50731,-243.828125,-6.4926910400390625
55075,WI,Marinette County,41966,4840.0,0.1153,5213.0,52.0,19106.0,18388.0,718.0,3.8,58554.0,2148.0,11715.0,11347.0,6101.0,6.860208872,37.41496599,36.23966018,19.48516496,5184.1797,50.135242,-28.8203125,-1.8647575378417969
55077,WI,Marquette County,15777,1837.0,0.1164,1650.0,28.0,7682.0,7409.0,273.0,3.6,58197.0,958.0,5163.0,3915.0,1793.0,8.098740384,43.64696931,33.09662693,15.15766337,1724.9922,23.598484,74.9921875,-4.401515960693359
55078,WI,Menominee County,4206,1010.0,0.2401,1241.0,9.0,1509.0,1427.0,82.0,5.4,51623.0,117.0,1126.0,750.0,486.0,4.719645018,45.42154094,30.25413473,19.60467931,973.1838,8.0545,-267.81622314453125,-0.945500373840332
55079,WI,Milwaukee County,918078,157016.0,0.171,146394.0,620.0,461542.0,444682.0,16860.0,3.7,58375.0,64546.0,173273.0,171498.0,209851.0,10.42463435,27.98481188,27.69813685,33.89241692,146174.25,625.5644,-219.75,5.56439208984375
55081,WI,Monroe County,45894,6209.0,0.1353,5882.0,39.0,23373.0,22754.0,619.0,2.6,65232.0,2855.0,11322.0,10780.0,6230.0,9.154455382,36.30358803,34.56568442,19.97627216,5792.6787,38.435497,-89.3212890625,-0.5645027160644531
55083,WI,Oconto County,39696,3568.0,0.0899,4297.0,41.0,20524.0,19878.0,646.0,3.1,68127.0,2006.0,11755.0,9898.0,5441.0,6.89347079,40.395189,34.0137457,18.6975945,4448.3545,40.80048,151.3544921875,-0.19952011108398438
55085,WI,Oneida County,38193,4419.0,0.1157,4317.0,34.0,18025.0,17429.0,596.0,3.3,62242.0,1253.0,8649.0,11119.0,8350.0,4.266112832,29.44741412,37.8570699,28.42940315,4354.198,33.88902,37.1982421875,-0.11098098754882812
55087,WI,Outagamie County,192269,13737.0,0.0714,24269.0,135.0,104672.0,102060.0,2612.0,2.5,78808.0,6882.0,40609.0,41724.0,41952.0,5.246746514,30.95976884,31.80983022,31.98365443,24052.023,138.28049,-216.9765625,3.280487060546875
55089,WI,Ozaukee County,93021,5245.0,0.0564,11336.0,68.0,49050.0,47855.0,1195.0,2.4,97778.0,1413.0,14049.0,16803.0,32739.0,2.173712387,21.61251615,25.84917851,50.36459295,11500.439,69.16197,164.439453125,1.1619720458984375
55091,WI,Pepin County,7378,688.0,0.0933,782.0,4.0,4059.0,3932.0,127.0,3.1,69535.0,256.0,1978.0,1811.0,1252.0,4.832924297,37.34189164,34.18916368,23.63602039,829.8693,6.3357024,47.86932373046875,2.335702419281006
55093,WI,Pierce County,42552,3411.0,0.0802,4805.0,17.0,24487.0,23687.0,800.0,3.3,85508.0,1179.0,8393.0,8944.0,8707.0,4.330896668,30.8305477,32.8545715,31.98398413,4689.486,18.300863,-115.51416015625,1.300863265991211
55095,WI,Polk County,45546,3868.0,0.0849,5384.0,18.0,24613.0,23666.0,947.0,3.8,73982.0,2126.0,11299.0,11944.0,7865.0,6.397063248,33.99831498,35.93909851,23.66552326,5484.5117,22.97028,100.51171875,4.970279693603516
55097,WI,Portage County,70634,6692.0,0.0947,9384.0,41.0,37677.0,36576.0,1101.0,2.9,71360.0,2386.0,14332.0,13820.0,15520.0,5.180424682,31.1172869,30.00564506,33.69664336,8497.47,56.213768,-886.5302734375,15.213768005371094
55099,WI,Price County,14159,1717.0,0.1213,1393.0,15.0,6286.0,6074.0,212.0,3.4,53883.0,718.0,4587.0,3632.0,1838.0,6.663573086,42.57076566,33.70765661,17.05800464,1479.2048,18.080812,86.204833984375,3.080812454223633
55101,WI,Racine County,195961,18463.0,0.0942,28801.0,220.0,98838.0,95384.0,3454.0,3.5,72331.0,11422.0,40562.0,45759.0,37985.0,8.415360132,29.88476954,33.71375103,27.9861193,28503.852,216.35356,-297.1484375,-3.6464385986328125
55103,WI,Richland County,17128,1969.0,0.115,2129.0,16.0,8851.0,8598.0,253.0,2.9,67086.0,975.0,5186.0,3608.0,2553.0,7.912676514,42.08732349,29.28096088,20.71903912,1661.5632,17.594137,-467.436767578125,1.594137191772461
55105,WI,Rock County,163841,16659.0,0.1017,24911.0,156.0,86212.0,83263.0,2949.0,3.4,67430.0,8347.0,37592.0,37997.0,29085.0,7.385353164,33.26107538,33.61941586,25.7341556,24922.062,157.46555,11.0625,1.465545654296875
55107,WI,Rusk County,14099,1843.0,0.1307,1336.0,20.0,6539.0,6298.0,241.0,3.7,56410.0,800.0,4514.0,3399.0,1697.0,7.684918348,43.36215178,32.65129683,16.30163305,1625.8195,19.84907,289.8194580078125,-0.15093040466308594
55109,WI,St. Croix County,95967,5135.0,0.0535,12031.0,44.0,49714.0,48189.0,1525.0,3.1,97589.0,2386.0,16107.0,20861.0,25574.0,3.674839823,24.80747905,32.12943568,39.38824544,11884.351,45.883274,-146.6494140625,1.8832740783691406
55111,WI,Sauk County,65770,6112.0,0.0929,9341.0,76.0,34437.0,33473.0,964.0,2.8,70484.0,3072.0,15330.0,15603.0,12256.0,6.64058278,33.13806446,33.72819438,26.49315838,9238.001,72.15788,-102.9990234375,-3.8421173095703125
55113,WI,Sawyer County,18521,2751.0,0.1485,2351.0,17.0,8005.0,7686.0,319.0,4.0,60034.0,987.0,4507.0,4593.0,3769.0,7.123267898,32.52742494,33.14809469,27.20121247,1888.563,19.170841,-462.43701171875,2.1708412170410156
55115,WI,Shawano County,40987,4608.0,0.1124,5115.0,53.0,20517.0,19920.0,597.0,2.9,66733.0,2080.0,12770.0,9099.0,5509.0,7.060900265,43.34985403,30.88804399,18.70120171,5037.954,52.15439,-77.0458984375,-0.845611572265625
55117,WI,Sheboygan County,117661,10828.0,0.092,15321.0,149.0,61413.0,59917.0,1496.0,2.4,65008.0,5326.0,27750.0,26864.0,22530.0,6.458105978,33.64859949,32.57426943,27.3190251,13814.83,126.585815,-1506.169921875,-22.4141845703125
55119,WI,Taylor County,19941,2249.0,0.1128,1838.0,17.0,10651.0,10290.0,361.0,3.4,67544.0,1376.0,6130.0,4139.0,2327.0,9.848267965,43.87346121,29.62353278,16.65473805,1923.0747,18.975863,85.07470703125,1.9758625030517578
55121,WI,Trempealeau County,30891,2804.0,0.0908,3550.0,17.0,14906.0,14441.0,465.0,3.1,68184.0,1715.0,7746.0,6848.0,4136.0,8.388359012,37.88701394,33.49474199,20.22988506,2954.9385,31.546556,-595.0615234375,14.54655647277832
55123,WI,Vernon County,31063,4560.0,0.1468,3379.0,41.0,15179.0,14768.0,411.0,2.7,67812.0,1976.0,7215.0,6399.0,5153.0,9.526105192,34.7828183,30.8489611,24.84211541,3266.1997,41.269165,-112.80029296875,0.2691650390625
55125,WI,Vilas County,23742,2456.0,0.1034,2660.0,33.0,10248.0,9851.0,397.0,3.9,63356.0,712.0,5736.0,6350.0,5623.0,3.8651539,31.13837468,34.47152706,30.52494436,2507.9524,31.480356,-152.047607421875,-1.519643783569336
55127,WI,Walworth County,105664,10286.0,0.0973,12939.0,82.0,57898.0,56235.0,1663.0,2.9,73723.0,5326.0,20817.0,22016.0,22995.0,7.485173005,29.25626107,30.94133851,32.31722742,12858.367,82.22474,-80.6328125,0.22473907470703125
55129,WI,Washburn County,16871,1958.0,0.1161,1831.0,17.0,7767.0,7479.0,288.0,3.7,59221.0,795.0,4529.0,4382.0,2990.0,6.261814745,35.6726528,34.51480781,23.55072464,1854.5339,19.80954,23.533935546875,2.809539794921875
55131,WI,Washington County,137756,8309.0,0.0603,17193.0,102.0,76765.0,74906.0,1859.0,2.4,90313.0,4325.0,27930.0,31728.0,34133.0,4.408047617,28.46630519,32.33723348,34.78841371,17305.34,102.17134,112.33984375,0.1713409423828125
55133,WI,Waukesha County,410273,21345.0,0.052,59431.0,365.0,224416.0,218866.0,5550.0,2.5,99525.0,8351.0,60037.0,83658.0,139995.0,2.859529998,20.55772991,28.64597779,47.9367623,59387.684,360.7907,-43.31640625,-4.20928955078125
55135,WI,Waupaca County,51510,5552.0,0.1078,5681.0,46.0,25328.0,24575.0,753.0,3.0,65960.0,3004.0,16227.0,10863.0,7614.0,7.966479262,43.03330858,28.80821046,20.1920017,5668.269,52.057034,-12.73095703125,6.057033538818359
55137,WI,Waushara County,24927,3571.0,0.1433,2965.0,20.0,11124.0,10744.0,380.0,3.4,55982.0,1866.0,7916.0,5780.0,3269.0,9.909192289,42.03706654,30.69406829,17.35967288,2949.5098,26.133966,-15.490234375,6.133966445922852
55139,WI,Winnebago County,170688,18809.0,0.1102,27039.0,98.0,92597.0,90256.0,2341.0,2.5,69887.0,6407.0,37060.0,37055.0,36248.0,5.4868545,31.73760384,31.73332191,31.04221975,26656.945,103.03519,-382.0546875,5.035186767578125
55141,WI,Wood County,73778,8078.0,0.1095,11323.0,84.0,33685.0,32568.0,1117.0,3.3,64408.0,3443.0,20279.0,17885.0,11344.0,6.502237918,38.29767143,33.77651036,21.42358029,11054.948,86.03231,-268.0517578125,2.0323104858398438
56001,WY,Albany County,38178,5927.0,0.1552,4368.0,11.0,21324.0,20687.0,637.0,3.0,53537.0,653.0,3088.0,5771.0,11868.0,3.054256314,14.44340505,26.99251637,55.50982226,4624.5723,18.417938,256.572265625,7.417938232421875
56003,WY,Big Horn County,11879,1658.0,0.1396,861.0,6.0,5238.0,5030.0,208.0,4.0,59702.0,965.0,2500.0,2913.0,1684.0,11.96973456,31.00967502,36.13247333,20.88811709,1201.4227,11.669793,340.4227294921875,5.669793128967285
56005,WY,Campbell County,47059,3998.0,0.085,4081.0,26.0,22921.0,22145.0,776.0,3.4,89870.0,2501.0,10085.0,11370.0,6841.0,8.120920869,32.74669611,36.91918044,22.21320258,4672.419,26.834032,591.4189453125,0.8340320587158203
56007,WY,Carbon County,14538,1671.0,0.1149,1656.0,9.0,7465.0,7200.0,265.0,3.5,66225.0,892.0,3528.0,3432.0,2318.0,8.770894789,34.69026549,33.74631268,22.79252704,1527.3787,11.139816,-128.621337890625,2.1398162841796875
56009,WY,Converse County,13765,1653.0,0.1201,1254.0,9.0,7731.0,7504.0,227.0,2.9,78015.0,594.0,3328.0,3404.0,2173.0,6.25328982,35.03526687,35.83535109,22.87609222,1284.3641,8.185293,30.3641357421875,-0.8147068023681641
56011,WY,Crook County,7419,638.0,0.086,520.0,10.0,3944.0,3831.0,113.0,2.9,70196.0,263.0,1560.0,2060.0,1226.0,5.14777843,30.53435115,40.32100215,23.99686827,671.64294,8.535464,151.6429443359375,-1.4645357131958008
56013,WY,Fremont County,39566,6508.0,0.1645,6914.0,44.0,18990.0,18260.0,730.0,3.8,55125.0,1716.0,8278.0,9830.0,6698.0,6.470100294,31.21182415,37.06356987,25.25450569,6608.9756,40.324085,-305.0244140625,-3.675914764404297
56015,WY,Goshen County,12636,1701.0,0.1346,1871.0,10.0,6547.0,6362.0,185.0,2.8,58720.0,631.0,2569.0,3576.0,2212.0,7.02047174,28.58255452,39.78638184,24.6105919,1954.1154,12.704208,83.1153564453125,2.7042083740234375
56017,WY,Hot Springs County,4623,569.0,0.1231,525.0,9.0,2326.0,2261.0,65.0,2.8,64734.0,185.0,858.0,1407.0,878.0,5.558894231,25.78125,42.27764423,26.38221154,385.80344,6.378987,-139.19656372070312,-2.6210131645202637
56019,WY,Johnson County,8719,741.0,0.085,921.0,4.0,4339.0,4196.0,143.0,3.3,70067.0,341.0,1883.0,2169.0,1911.0,5.409263959,29.86992386,34.40672589,30.31408629,817.964,8.513185,-103.0360107421875,4.513184547424316
56021,WY,Laramie County,100781,10114.0,0.1004,12503.0,87.0,48401.0,46734.0,1667.0,3.4,71956.0,3807.0,16677.0,26350.0,22081.0,5.524196474,24.19937604,38.23550751,32.04091997,12320.223,80.56221,-182.77734375,-6.4377899169921875
56023,WY,Lincoln County,20671,1677.0,0.0811,1762.0,8.0,9723.0,9406.0,317.0,3.3,93044.0,728.0,4235.0,5349.0,3278.0,5.356880059,31.16261957,39.3598234,24.12067697,1912.2013,8.7946,150.2012939453125,0.7945995330810547
56025,WY,Natrona County,79523,8480.0,0.1066,8758.0,63.0,38772.0,37247.0,1525.0,3.9,70142.0,3399.0,15387.0,20729.0,14891.0,6.247472705,28.28180715,38.10057714,27.370143,10282.771,54.262207,1524.771484375,-8.73779296875
56027,WY,Niobrara County,2348,335.0,0.1427,357.0,3.0,1223.0,1189.0,34.0,2.8,54573.0,112.0,668.0,760.0,375.0,5.848563969,34.88250653,39.68668407,19.58224543,223.68765,5.198954,-133.31234741210938,2.1989541053771973
56029,WY,Park County,30505,3211.0,0.1053,1944.0,34.0,15655.0,15118.0,537.0,3.4,69802.0,908.0,5170.0,8019.0,7576.0,4.189544595,23.85456559,36.99995386,34.95593596,2417.6606,29.173847,473.66064453125,-4.826152801513672
56031,WY,Platte County,8652,1029.0,0.1189,668.0,9.0,4443.0,4294.0,149.0,3.4,61185.0,554.0,2301.0,2429.0,1281.0,8.438690023,35.04950495,36.99923839,19.51256664,684.5452,8.222601,16.54522705078125,-0.7773990631103516
56033,WY,Sheridan County,32035,2981.0,0.0931,3709.0,25.0,16243.0,15722.0,521.0,3.2,70224.0,819.0,6584.0,7505.0,7468.0,3.660171612,29.42438327,33.54040043,33.37504469,3852.5437,24.935858,143.543701171875,-0.06414222717285156
56035,WY,Sublette County,8752,658.0,0.0752,768.0,5.0,3963.0,3807.0,156.0,3.9,85649.0,238.0,1339.0,2783.0,1967.0,3.761656393,21.16326853,43.98609135,31.08898372,712.7708,5.4239435,-55.22918701171875,0.42394351959228516
56037,WY,Sweetwater County,41374,5039.0,0.1218,4090.0,29.0,19898.0,19115.0,783.0,3.9,75779.0,2067.0,8620.0,11349.0,5639.0,7.468834688,31.14724481,41.00813008,20.37579042,4384.974,31.015764,294.97412109375,2.0157642364501953
56039,WY,Teton County,23297,1212.0,0.052,6060.0,2.0,16829.0,16392.0,437.0,2.6,127677.0,510.0,2899.0,3554.0,10992.0,2.840434419,16.14592036,19.79392927,61.21971596,5797.593,5.266165,-262.4072265625,3.266164779663086
56041,WY,Uinta County,20727,2207.0,0.1065,2151.0,12.0,9017.0,8691.0,326.0,3.6,73072.0,722.0,4818.0,4993.0,2854.0,5.393292,35.99013969,37.29737805,21.31919026,2281.3655,14.529786,130.365478515625,2.5297861099243164
56043,WY,Washakie County,7724,822.0,0.1064,842.0,10.0,3848.0,3699.0,149.0,3.9,60699.0,472.0,1665.0,2152.0,1212.0,8.580258135,30.26722414,39.12015997,22.03235775,867.5276,9.393563,25.527587890625,-0.6064367294311523
56045,WY,Weston County,6858,725.0,0.1057,626.0,8.0,3823.0,3725.0,98.0,2.6,67677.0,425.0,1845.0,1877.0,913.0,8.399209486,36.46245059,37.09486166,18.04347826,788.3101,6.56003,162.31011962890625,-1.4399700164794922
