FIPS,State,County,Predicted COVID Cases,Amount Over / Under (Cases),Population
1001,AL,Autauga County,7831.0,-112.0,59726
1003,AL,Baldwin County,27648.0,63.0,246531
1005,AL,Barbour County,3406.0,239.0,24700
1007,AL,Bibb County,2642.0,-517.0,21986
1009,AL,Blount County,6247.0,-228.0,59516
1011,AL,Bullock County,1342.0,132.0,10143
1013,AL,Butler County,2869.0,297.0,18668
1015,AL,Calhoun County,15082.0,-965.0,115780
1017,AL,Chambers County,4159.0,19.0,34164
1019,AL,Cherokee County,2691.0,-380.0,25353
1021,AL,Chilton County,6132.0,960.0,45848
1023,AL,Choctaw County,1408.0,230.0,12431
1025,AL,Clarke County,3109.0,-131.0,22574
1027,AL,Clay County,1767.0,-516.0,14183
1029,AL,Cleburne County,1574.0,1.0,15372
1031,AL,Coffee County,6263.0,-283.0,54840
1033,AL,Colbert County,8445.0,-1898.0,57993
1035,AL,Conecuh County,1572.0,145.0,11224
1037,AL,Coosa County,1217.0,-478.0,10307
1039,AL,Covington County,6021.0,1910.0,37603
1041,AL,Crenshaw County,2003.0,223.0,13048
1043,AL,Cullman County,12975.0,-167.0,90663
1045,AL,Dale County,6535.0,139.0,49495
1047,AL,Dallas County,5302.0,506.0,36729
1049,AL,DeKalb County,8501.0,301.0,72082
1051,AL,Elmore County,10795.0,-1020.0,89600
1053,AL,Escambia County,4913.0,313.0,36636
1055,AL,Etowah County,13113.0,671.0,102903
1057,AL,Fayette County,1871.0,-406.0,16082
1059,AL,Franklin County,4358.0,-647.0,31910
1061,AL,Geneva County,2639.0,-192.0,26760
1063,AL,Greene County,1103.0,276.0,7452
1065,AL,Hale County,1970.0,-244.0,14599
1067,AL,Henry County,2151.0,-102.0,17670
1069,AL,Houston County,13298.0,768.0,108047
1071,AL,Jackson County,6591.0,-297.0,52923
1073,AL,Jefferson County,99911.0,618.0,665084
1075,AL,Lamar County,1611.0,-348.0,13706
1077,AL,Lauderdale County,13351.0,93.0,95875
1079,AL,Lawrence County,4359.0,328.0,33187
1081,AL,Lee County,18650.0,274.0,180698
1083,AL,Limestone County,13090.0,-507.0,110868
1085,AL,Lowndes County,1551.0,279.0,9783
1087,AL,Macon County,3078.0,751.0,18532
1089,AL,Madison County,53632.0,176.0,403605
1091,AL,Marengo County,2755.0,369.0,18791
1093,AL,Marion County,3465.0,-664.0,29182
1095,AL,Marshall County,12479.0,360.0,99428
1097,AL,Mobile County,56994.0,5251.0,411398
1099,AL,Monroe County,3236.0,419.0,19412
1101,AL,Montgomery County,31447.0,-116.0,226301
1103,AL,Morgan County,14820.0,-5783.0,124231
1105,AL,Perry County,1317.0,211.0,7904
1107,AL,Pickens County,2577.0,-78.0,18749
1109,AL,Pike County,3846.0,377.0,33008
1111,AL,Randolph County,2858.0,313.0,22460
1113,AL,Russell County,10301.0,5390.0,58594
1115,AL,St. Clair County,13408.0,-46.0,93881
1117,AL,Shelby County,28267.0,-4200.0,230033
1119,AL,Sumter County,1462.0,-89.0,11889
1121,AL,Talladega County,12236.0,-140.0,80748
1123,AL,Tallapoosa County,5582.0,-616.0,40913
1125,AL,Tuscaloosa County,29448.0,-647.0,236690
1127,AL,Walker County,7634.0,-2616.0,64438
1129,AL,Washington County,1689.0,53.0,15094
1131,AL,Wilcox County,1529.0,-135.0,10139
1133,AL,Winston County,3173.0,-908.0,23741
2013,AK,Aleutians East Borough,320.0,-533.0,3430
2016,AK,Aleutians West Census Area,827.0,-113.0,5090
2020,AK,Anchorage Municipality,56203.0,-2058.0,286983
2050,AK,Bethel Census Area,2838.0,-2711.0,18259
2068,AK,Denali Borough,964.0,-532.0,1575
2070,AK,Dillingham Census Area,775.0,-440.0,4724
2090,AK,Fairbanks North Star Borough,11953.0,-3356.0,95202
2100,AK,Haines Borough,580.0,40.0,2070
2110,AK,Juneau City and Borough,4336.0,-2885.0,31740
2122,AK,Kenai Peninsula Borough,8231.0,-1752.0,60611
2130,AK,Ketchikan Gateway Borough,1666.0,-1040.0,13772
2150,AK,Kodiak Island Borough,2308.0,-676.0,12639
2158,AK,Kusilvak Census Area,1833.0,-488.0,8214
2170,AK,Matanuska-Susitna Borough,14916.0,-144.0,113472
2180,AK,Nome Census Area,1551.0,-3021.0,9791
2185,AK,North Slope Borough,1630.0,-733.0,10811
2188,AK,Northwest Arctic Borough,994.0,-2323.0,7453
2195,AK,Petersburg Borough,492.0,121.0,3370
2198,AK,Prince of Wales-Hyder Census Area,503.0,-647.0,5650
2220,AK,Sitka City and Borough,905.0,-1177.0,8353
2230,AK,Skagway Municipality,467.0,-108.0,1092
2240,AK,Southeast Fairbanks Census Area,618.0,-406.0,7016
2275,AK,Wrangell City and Borough,335.0,-233.0,2071
2290,AK,Yukon-Koyukuk Census Area,830.0,-55.0,5169
4001,AZ,Apache County,16159.0,-2709.0,65533
4003,AZ,Cochise County,17309.0,-872.0,125487
4005,AZ,Coconino County,23543.0,-280.0,144223
4007,AZ,Gila County,7122.0,-1612.0,53922
4009,AZ,Graham County,4303.0,-613.0,38822
4011,AZ,Greenlee County,1047.0,-123.0,9327
4012,AZ,La Paz County,2561.0,329.0,16535
4013,AZ,Maricopa County,611240.0,4086.0,4555833
4015,AZ,Mohave County,26936.0,-56.0,220905
4017,AZ,Navajo County,20053.0,-92.0,108800
4019,AZ,Pima County,122529.0,-12863.0,1057476
4021,AZ,Pinal County,64335.0,-264.0,465037
4023,AZ,Santa Cruz County,8730.0,-93.0,48680
4025,AZ,Yavapai County,22832.0,484.0,246230
4027,AZ,Yuma County,35753.0,10503.0,208874
5001,AR,Arkansas County,2258.0,-890.0,16498
5003,AR,Ashley County,3064.0,398.0,18348
5005,AR,Baxter County,5165.0,1367.0,42485
5007,AR,Benton County,29352.0,229.0,302822
5009,AR,Boone County,4744.0,658.0,38280
5011,AR,Bradley County,1421.0,-20.0,10168
5013,AR,Calhoun County,534.0,-3.0,4687
5015,AR,Carroll County,3299.0,758.0,28717
5017,AR,Chicot County,1346.0,345.0,9834
5019,AR,Clark County,2782.0,222.0,21276
5021,AR,Clay County,2107.0,122.0,14271
5023,AR,Cleburne County,2646.0,-924.0,25253
5025,AR,Cleveland County,865.0,-226.0,7467
5027,AR,Columbia County,2832.0,-100.0,22286
5029,AR,Conway County,2868.0,72.0,21021
5031,AR,Craighead County,18422.0,-1543.0,112863
5033,AR,Crawford County,6805.0,-29.0,61041
5035,AR,Crittenden County,6741.0,368.0,47051
5037,AR,Cross County,2427.0,-28.0,16590
5039,AR,Dallas County,914.0,77.0,6196
5041,AR,Desha County,1541.0,-22.0,10758
5043,AR,Drew County,2434.0,48.0,16912
5045,AR,Faulkner County,19217.0,-347.0,127565
5047,AR,Franklin County,1930.0,417.0,17270
5049,AR,Fulton County,1261.0,236.0,12355
5051,AR,Garland County,11517.0,1702.0,99982
5053,AR,Grant County,1920.0,-144.0,18129
5055,AR,Greene County,6646.0,-1201.0,46408
5057,AR,Hempstead County,2638.0,339.0,19481
5059,AR,Hot Spring County,4251.0,-407.0,33149
5061,AR,Howard County,1494.0,-349.0,12622
5063,AR,Independence County,4933.0,-274.0,38254
5065,AR,Izard County,2109.0,454.0,14029
5067,AR,Jackson County,2173.0,-181.0,16654
5069,AR,Jefferson County,8423.0,-293.0,64295
5071,AR,Johnson County,3253.0,135.0,25970
5073,AR,Lafayette County,971.0,393.0,6129
5075,AR,Lawrence County,2031.0,-586.0,16194
5077,AR,Lee County,1206.0,218.0,8367
5079,AR,Lincoln County,1633.0,166.0,12910
5081,AR,Little River County,1450.0,-153.0,11865
5083,AR,Logan County,2926.0,891.0,21258
5085,AR,Lonoke County,8605.0,-1492.0,75199
5087,AR,Madison County,2228.0,367.0,17463
5089,AR,Marion County,1812.0,355.0,17289
5091,AR,Miller County,6008.0,1542.0,42608
5093,AR,Mississippi County,6498.0,34.0,38863
5095,AR,Monroe County,883.0,-149.0,6568
5097,AR,Montgomery County,1000.0,450.0,8543
5099,AR,Nevada County,995.0,-198.0,8179
5101,AR,Newton County,778.0,120.0,7101
5103,AR,Ouachita County,2897.0,93.0,21994
5105,AR,Perry County,996.0,-248.0,10073
5107,AR,Phillips County,2632.0,332.0,15350
5109,AR,Pike County,1156.0,125.0,10159
5111,AR,Poinsett County,3000.0,-1093.0,22453
5113,AR,Polk County,2469.0,971.0,19334
5115,AR,Pope County,7540.0,-252.0,64053
5117,AR,Prairie County,847.0,-166.0,8077
5119,AR,Pulaski County,58224.0,-54.0,399387
5121,AR,Randolph County,2704.0,191.0,18852
5123,AR,St. Francis County,3256.0,30.0,22402
5125,AR,Saline County,16403.0,700.0,127415
5127,AR,Scott County,1071.0,118.0,9796
5129,AR,Searcy County,1245.0,183.0,7906
5131,AR,Sebastian County,14529.0,295.0,129109
5133,AR,Sevier County,1921.0,-822.0,15738
5135,AR,Sharp County,2423.0,190.0,17836
5137,AR,Stone County,1744.0,215.0,12585
5139,AR,Union County,4837.0,391.0,37813
5141,AR,Van Buren County,2123.0,379.0,16103
5143,AR,Washington County,23359.0,-7804.0,256682
5145,AR,White County,11441.0,-351.0,77616
5147,AR,Woodruff County,959.0,-100.0,6057
5149,AR,Yell County,2682.0,125.0,20091
6001,CA,Alameda County,251147.0,-1298.0,1628259
6003,CA,Alpine County,115.0,87.0,1190
6005,CA,Amador County,4524.0,-758.0,41493
6007,CA,Butte County,24050.0,-157.0,207369
6009,CA,Calaveras County,4374.0,-334.0,46556
6011,CA,Colusa County,2059.0,207.0,21909
6013,CA,Contra Costa County,174682.0,603.0,1157019
6015,CA,Del Norte County,3308.0,-809.0,27112
6017,CA,El Dorado County,19722.0,942.0,192787
6019,CA,Fresno County,157064.0,1225.0,1015359
6021,CA,Glenn County,3065.0,101.0,28360
6023,CA,Humboldt County,17209.0,1.0,134944
6025,CA,Imperial County,44004.0,-840.0,178940
6027,CA,Inyo County,2236.0,-874.0,18742
6029,CA,Kern County,137727.0,-129.0,916751
6031,CA,Kings County,28164.0,-1335.0,152987
6033,CA,Lake County,8721.0,1361.0,68172
6035,CA,Lassen County,3630.0,100.0,30020
6037,CA,Los Angeles County,1504198.0,-430956.0,9719765
6039,CA,Madera County,27202.0,433.0,160329
6041,CA,Marin County,32466.0,383.0,256154
6043,CA,Mariposa County,2028.0,-641.0,17053
6045,CA,Mendocino County,11121.0,-1007.0,90007
6047,CA,Merced County,40404.0,447.0,290210
6049,CA,Modoc County,786.0,608.0,8619
6051,CA,Mono County,1614.0,170.0,13002
6053,CA,Monterey County,64075.0,466.0,432884
6055,CA,Napa County,19157.0,-1284.0,134370
6057,CA,Nevada County,11774.0,463.0,102401
6059,CA,Orange County,417052.0,10329.0,3150372
6061,CA,Placer County,44634.0,521.0,418074
6063,CA,Plumas County,2022.0,-164.0,19443
6065,CA,Riverside County,349434.0,4880.0,2474241
6067,CA,Sacramento County,219631.0,393.0,1584380
6069,CA,San Benito County,9329.0,-442.0,67643
6071,CA,San Bernardino County,326099.0,-4911.0,2194908
6073,CA,San Diego County,543210.0,-45721.0,3277176
6075,CA,San Francisco County,135361.0,341.0,807774
6077,CA,San Joaquin County,110768.0,1814.0,794293
6079,CA,San Luis Obispo County,38462.0,-422.0,282046
6081,CA,San Mateo County,124647.0,-1208.0,728929
6083,CA,Santa Barbara County,65379.0,-191.0,443915
6085,CA,Santa Clara County,239388.0,-76417.0,1878335
6087,CA,Santa Cruz County,37305.0,-8986.0,264240
6089,CA,Shasta County,18017.0,932.0,180937
6091,CA,Sierra County,304.0,162.0,3222
6093,CA,Siskiyou County,3684.0,23.0,43786
6095,CA,Solano County,67816.0,-659.0,448885
6097,CA,Sonoma County,60501.0,-9559.0,482669
6099,CA,Stanislaus County,69874.0,238.0,551226
6101,CA,Sutter County,14046.0,1504.0,98569
6103,CA,Tehama County,7683.0,688.0,65299
6105,CA,Trinity County,1806.0,930.0,15778
6107,CA,Tulare County,74857.0,382.0,477884
6109,CA,Tuolumne County,6730.0,-2737.0,54587
6111,CA,Ventura County,120370.0,-381.0,832871
6113,CA,Yolo County,30601.0,35.0,222018
6115,CA,Yuba County,9446.0,-320.0,84353
8001,CO,Adams County,68317.0,-42.0,527509
8003,CO,Alamosa County,2088.0,-590.0,16587
8005,CO,Arapahoe County,90441.0,-19.0,656269
8007,CO,Archuleta County,1255.0,-170.0,13989
8009,CO,Baca County,287.0,-134.0,3435
8011,CO,Bent County,670.0,-296.0,5439
8013,CO,Boulder County,51156.0,1367.0,327339
8014,CO,Broomfield County,8994.0,-301.0,76195
8015,CO,Chaffee County,2087.0,-611.0,20265
8017,CO,Cheyenne County,157.0,23.0,1731
8019,CO,Clear Creek County,1036.0,137.0,9367
8021,CO,Conejos County,748.0,-326.0,7587
8023,CO,Costilla County,399.0,-95.0,3615
8025,CO,Crowley County,765.0,-257.0,5627
8027,CO,Custer County,288.0,-49.0,5337
8029,CO,Delta County,3726.0,1401.0,31560
8031,CO,Denver County,102930.0,-504.0,713453
8033,CO,Dolores County,217.0,86.0,2460
8035,CO,Douglas County,42057.0,-5186.0,375937
8037,CO,Eagle County,6741.0,-164.0,55218
8039,CO,Elbert County,5123.0,2683.0,27842
8041,CO,El Paso County,106520.0,-1285.0,740596
8043,CO,Fremont County,6649.0,-1164.0,49616
8045,CO,Garfield County,6942.0,-987.0,62256
8047,CO,Gilpin County,600.0,53.0,5886
8049,CO,Grand County,1312.0,-120.0,15734
8051,CO,Gunnison County,1665.0,-96.0,17320
8053,CO,Hinsdale County,166.0,79.0,771
8055,CO,Huerfano County,612.0,-194.0,7097
8057,CO,Jackson County,190.0,124.0,1314
8059,CO,Jefferson County,74746.0,-937.0,575811
8061,CO,Kiowa County,120.0,10.0,1434
8063,CO,Kit Carson County,619.0,33.0,6983
8065,CO,Lake County,728.0,-167.0,7346
8067,CO,La Plata County,7675.0,-231.0,56553
8069,CO,Larimer County,50851.0,-5341.0,367577
8071,CO,Las Animas County,2038.0,113.0,14311
8073,CO,Lincoln County,751.0,-190.0,5510
8075,CO,Logan County,2776.0,-427.0,20792
8077,CO,Mesa County,20623.0,258.0,158531
8079,CO,Mineral County,43.0,-98.0,931
8081,CO,Moffat County,1411.0,38.0,13205
8083,CO,Montezuma County,3047.0,-228.0,26467
8085,CO,Montrose County,4676.0,689.0,43807
8087,CO,Morgan County,3517.0,957.0,29266
8089,CO,Otero County,2554.0,689.0,18311
8091,CO,Ouray County,417.0,-71.0,5103
8093,CO,Park County,1788.0,305.0,17921
8095,CO,Phillips County,246.0,-214.0,4448
8097,CO,Pitkin County,3354.0,-467.0,16847
8099,CO,Prowers County,1463.0,311.0,11873
8101,CO,Pueblo County,28918.0,-398.0,169472
8103,CO,Rio Blanco County,744.0,-156.0,6549
8105,CO,Rio Grande County,1206.0,-337.0,11337
8107,CO,Routt County,3346.0,-18.0,25072
8109,CO,Saguache County,715.0,73.0,6627
8111,CO,San Juan County,169.0,-26.0,806
8113,CO,San Miguel County,1093.0,86.0,8008
8115,CO,Sedgwick County,169.0,-37.0,2286
8117,CO,Summit County,4940.0,91.0,30636
8119,CO,Teller County,2476.0,173.0,24860
8121,CO,Washington County,435.0,-17.0,4847
8123,CO,Weld County,46032.0,-597.0,350266
8125,CO,Yuma County,1094.0,270.0,9895
10001,DE,Kent County,27409.0,-684.0,187758
10003,DE,New Castle County,74863.0,-3226.0,575254
10005,DE,Sussex County,31413.0,-7.0,256447
12001,FL,Alachua County,37626.0,-4666.0,284041
12003,FL,Baker County,3115.0,-1143.0,27786
12005,FL,Bay County,24822.0,4122.0,185210
12007,FL,Bradford County,3198.0,-171.0,27296
12009,FL,Brevard County,80182.0,3.0,630707
12011,FL,Broward County,309332.0,2795.0,1946889
12013,FL,Calhoun County,1844.0,180.0,13465
12015,FL,Charlotte County,18095.0,-3311.0,202582
12017,FL,Citrus County,16923.0,565.0,162508
12019,FL,Clay County,27802.0,-1146.0,226634
12021,FL,Collier County,39509.0,318.0,397516
12023,FL,Columbia County,9186.0,-166.0,71870
12027,FL,DeSoto County,4109.0,203.0,35320
12029,FL,Dixie County,1995.0,250.0,17120
12031,FL,Duval County,131018.0,1341.0,1017011
12033,FL,Escambia County,34432.0,-56.0,323860
12035,FL,Flagler County,12304.0,-77.0,126758
12037,FL,Franklin County,1272.0,91.0,12492
12039,FL,Gadsden County,7044.0,-330.0,43393
12041,FL,Gilchrist County,2183.0,-9.0,19002
12043,FL,Glades County,1189.0,444.0,12463
12045,FL,Gulf County,1700.0,-125.0,15299
12047,FL,Hamilton County,1800.0,238.0,13194
12049,FL,Hardee County,3343.0,-400.0,25651
12051,FL,Hendry County,4943.0,-76.0,41391
12053,FL,Hernando County,22057.0,34.0,206935
12055,FL,Highlands County,12667.0,-61.0,105649
12057,FL,Hillsborough County,174354.0,-20949.0,1513473
12059,FL,Holmes County,2381.0,167.0,19653
12061,FL,Indian River County,19454.0,1662.0,167267
12063,FL,Jackson County,6888.0,115.0,48255
12065,FL,Jefferson County,1865.0,-312.0,15069
12067,FL,Lafayette County,1043.0,228.0,7777
12069,FL,Lake County,45696.0,233.0,410090
12071,FL,Lee County,97391.0,254.0,822391
12073,FL,Leon County,46029.0,-5987.0,297282
12075,FL,Levy County,6631.0,1577.0,45253
12077,FL,Liberty County,953.0,-64.0,7613
12079,FL,Madison County,2463.0,-520.0,18230
12081,FL,Manatee County,49226.0,157.0,429169
12083,FL,Marion County,41910.0,-244.0,396437
12085,FL,Martin County,17142.0,787.0,161987
12086,FL,Miami-Dade County,623297.0,-16072.0,2673056
12087,FL,Monroe County,9689.0,218.0,81618
12089,FL,Nassau County,10133.0,-468.0,97826
12091,FL,Okaloosa County,23473.0,-302.0,216464
12093,FL,Okeechobee County,5144.0,687.0,40373
12095,FL,Orange County,197354.0,-1929.0,1451761
12097,FL,Osceola County,58342.0,191.0,422543
12099,FL,Palm Beach County,198761.0,6574.0,1519867
12101,FL,Pasco County,68485.0,-149.0,609141
12103,FL,Pinellas County,119286.0,-234.0,961792
12105,FL,Polk County,91146.0,-18986.0,788382
12107,FL,Putnam County,11976.0,4409.0,74736
12109,FL,St. Johns County,27598.0,-4262.0,307072
12111,FL,St. Lucie County,40144.0,-164.0,358886
12113,FL,Santa Rosa County,23154.0,-21.0,198199
12115,FL,Sarasota County,55557.0,-89.0,462552
12117,FL,Seminole County,57217.0,375.0,478623
12119,FL,Sumter County,13666.0,355.0,144767
12121,FL,Suwannee County,6397.0,602.0,45405
12123,FL,Taylor County,2745.0,-369.0,21313
12125,FL,Union County,1467.0,-335.0,15514
12127,FL,Volusia County,62166.0,-86.0,579665
12129,FL,Wakulla County,3858.0,-1085.0,35169
12131,FL,Walton County,7768.0,1155.0,83404
12133,FL,Washington County,3254.0,488.0,25405
13001,GA,Appling County,2853.0,1252.0,18437
13003,GA,Atkinson County,963.0,167.0,8160
13005,GA,Bacon County,1083.0,-250.0,11173
13007,GA,Baker County,362.0,135.0,2792
13009,GA,Baldwin County,4552.0,724.0,43633
13011,GA,Banks County,2019.0,482.0,19342
13013,GA,Barrow County,9185.0,73.0,89245
13015,GA,Bartow County,11385.0,-264.0,112815
13017,GA,Ben Hill County,1921.0,316.0,17057
13019,GA,Berrien County,2497.0,411.0,18215
13021,GA,Bibb County,16272.0,202.0,156126
13023,GA,Bleckley County,1565.0,222.0,12279
13025,GA,Brantley County,2315.0,881.0,18210
13027,GA,Brooks County,1986.0,549.0,16284
13029,GA,Bryan County,4380.0,107.0,48218
13031,GA,Bulloch County,7472.0,1623.0,83038
13033,GA,Burke County,3091.0,893.0,24434
13035,GA,Butts County,2482.0,157.0,26745
13037,GA,Calhoun County,797.0,128.0,5474
13039,GA,Camden County,5603.0,509.0,56971
13043,GA,Candler County,1049.0,145.0,10962
13045,GA,Carroll County,9940.0,763.0,124530
13047,GA,Catoosa County,9311.0,2975.0,68836
13049,GA,Charlton County,1376.0,300.0,12788
13051,GA,Chatham County,35863.0,134.0,301025
13053,GA,Chattahoochee County,800.0,-689.0,8746
13055,GA,Chattooga County,2773.0,234.0,24962
13057,GA,Cherokee County,24996.0,42.0,281194
13059,GA,Clarke County,12531.0,301.0,129726
13061,GA,Clay County,255.0,-24.0,2853
13063,GA,Clayton County,29225.0,271.0,298399
13065,GA,Clinch County,890.0,15.0,6679
13067,GA,Cobb County,80894.0,-49.0,771840
13069,GA,Coffee County,4459.0,1005.0,43247
13071,GA,Colquitt County,5235.0,16.0,45830
13073,GA,Columbia County,19172.0,3644.0,162471
13075,GA,Cook County,1809.0,-40.0,17409
13077,GA,Coweta County,16443.0,1273.0,152879
13079,GA,Crawford County,1375.0,440.0,12169
13081,GA,Crisp County,2925.0,817.0,19729
13083,GA,Dade County,1766.0,255.0,16090
13085,GA,Dawson County,3398.0,407.0,30189
13087,GA,Decatur County,3447.0,74.0,29019
13089,GA,DeKalb County,80003.0,461.0,761779
13091,GA,Dodge County,2514.0,489.0,19873
13093,GA,Dooly County,1345.0,329.0,10585
13095,GA,Dougherty County,10780.0,426.0,82895
13097,GA,Douglas County,19524.0,3887.0,147453
13099,GA,Early County,1301.0,161.0,10560
13101,GA,Echols County,412.0,115.0,3686
13103,GA,Effingham County,6921.0,168.0,69034
13105,GA,Elbert County,2667.0,996.0,19873
13107,GA,Emanuel County,3106.0,1011.0,22946
13109,GA,Evans County,1166.0,87.0,10659
13111,GA,Fannin County,2635.0,1043.0,25733
13113,GA,Fayette County,13153.0,526.0,121981
13115,GA,Floyd County,11795.0,574.0,99437
13117,GA,Forsyth County,26734.0,-263.0,267312
13119,GA,Franklin County,3193.0,1281.0,24146
13121,GA,Fulton County,108219.0,146.0,1073698
13123,GA,Gilmer County,3978.0,990.0,32403
13125,GA,Glascock County,355.0,90.0,2928
13127,GA,Glynn County,10873.0,309.0,85145
13129,GA,Gordon County,7258.0,52.0,58855
13131,GA,Grady County,3002.0,103.0,25994
13133,GA,Greene County,2301.0,692.0,20111
13135,GA,Gwinnett County,97714.0,-370.0,976173
13137,GA,Habersham County,4527.0,1147.0,47465
13139,GA,Hall County,21334.0,-50.0,212621
13141,GA,Hancock County,1065.0,426.0,8417
13143,GA,Haralson County,3186.0,1172.0,31355
13145,GA,Harris County,4388.0,1607.0,36257
13147,GA,Hart County,3345.0,1569.0,26886
13149,GA,Heard County,1039.0,156.0,11716
13151,GA,Henry County,24676.0,-136.0,248472
13153,GA,Houston County,20788.0,281.0,169775
13155,GA,Irwin County,1054.0,387.0,9114
13157,GA,Jackson County,9219.0,1032.0,84009
13159,GA,Jasper County,1691.0,428.0,15979
13161,GA,Jeff Davis County,1685.0,424.0,14891
13163,GA,Jefferson County,1929.0,641.0,15294
13165,GA,Jenkins County,1087.0,586.0,8655
13167,GA,Johnson County,1148.0,212.0,9211
13169,GA,Jones County,3152.0,1011.0,28512
13171,GA,Lamar County,2161.0,260.0,19473
13173,GA,Lanier County,1148.0,69.0,10177
13175,GA,Laurens County,6867.0,849.0,49710
13177,GA,Lee County,3673.0,126.0,33678
13179,GA,Liberty County,7932.0,483.0,67919
13181,GA,Lincoln County,788.0,268.0,7859
13183,GA,Long County,1887.0,310.0,18395
13185,GA,Lowndes County,14884.0,1396.0,119499
13187,GA,Lumpkin County,3796.0,393.0,34706
13189,GA,McDuffie County,2992.0,763.0,21690
13191,GA,McIntosh County,1397.0,377.0,11183
13193,GA,Macon County,1322.0,196.0,11777
13195,GA,Madison County,3067.0,551.0,31450
13197,GA,Marion County,839.0,54.0,7436
13199,GA,Meriwether County,2790.0,775.0,20890
13201,GA,Miller County,722.0,27.0,5774
13205,GA,Mitchell County,2713.0,198.0,21192
13207,GA,Monroe County,3405.0,1127.0,29469
13209,GA,Montgomery County,879.0,171.0,8643
13211,GA,Morgan County,2200.0,402.0,21024
13213,GA,Murray County,4548.0,-554.0,40410
13215,GA,Muscogee County,18883.0,1013.0,202432
13217,GA,Newton County,11001.0,462.0,117752
13219,GA,Oconee County,5963.0,2092.0,43624
13221,GA,Oglethorpe County,1717.0,435.0,15531
13223,GA,Paulding County,17002.0,1337.0,178753
13225,GA,Peach County,4043.0,873.0,28486
13227,GA,Pickens County,3954.0,285.0,34825
13229,GA,Pierce County,2328.0,468.0,20190
13231,GA,Pike County,2173.0,23.0,19955
13233,GA,Polk County,4446.0,78.0,43669
13235,GA,Pulaski County,1130.0,127.0,9963
13237,GA,Putnam County,2854.0,1255.0,22933
13239,GA,Quitman County,426.0,162.0,2259
13241,GA,Rabun County,1819.0,526.0,17267
13243,GA,Randolph County,895.0,216.0,6126
13245,GA,Richmond County,21598.0,516.0,206344
13247,GA,Rockdale County,10063.0,1051.0,94945
13249,GA,Schley County,594.0,-28.0,4497
13251,GA,Screven County,1735.0,524.0,13970
13253,GA,Seminole County,1268.0,418.0,9144
13255,GA,Spalding County,7882.0,1131.0,69008
13257,GA,Stephens County,2934.0,799.0,26746
13259,GA,Stewart County,911.0,-562.0,4604
13261,GA,Sumter County,4149.0,407.0,28864
13263,GA,Talbot County,883.0,375.0,5757
13265,GA,Taliaferro County,285.0,130.0,1608
13267,GA,Tattnall County,2830.0,1112.0,23988
13269,GA,Taylor County,1169.0,209.0,7762
13271,GA,Telfair County,1644.0,550.0,12378
13273,GA,Terrell County,1122.0,13.0,8792
13275,GA,Thomas County,6492.0,868.0,45551
13277,GA,Tift County,4981.0,278.0,41335
13279,GA,Toombs County,3394.0,1127.0,26813
13281,GA,Towns County,1335.0,227.0,12961
13283,GA,Treutlen County,943.0,378.0,6359
13285,GA,Troup County,9508.0,3401.0,70247
13287,GA,Turner County,989.0,-228.0,8836
13289,GA,Twiggs County,1040.0,430.0,7676
13291,GA,Union County,3054.0,862.0,26390
13293,GA,Upson County,3570.0,252.0,28093
13295,GA,Walker County,7937.0,826.0,68965
13297,GA,Walton County,9150.0,561.0,103064
13299,GA,Ware County,4185.0,728.0,35597
13301,GA,Warren County,739.0,279.0,5157
13303,GA,Washington County,2689.0,1014.0,19765
13305,GA,Wayne County,4209.0,1457.0,30737
13307,GA,Webster County,326.0,94.0,2337
13309,GA,Wheeler County,936.0,397.0,7310
13311,GA,White County,2848.0,-150.0,28804
13313,GA,Whitfield County,13497.0,-594.0,103095
13315,GA,Wilcox County,1123.0,127.0,8751
13317,GA,Wilkes County,1321.0,370.0,9565
13319,GA,Wilkinson County,871.0,-129.0,8677
13321,GA,Worth County,2521.0,376.0,20431
15001,HI,Hawaii County,27670.0,-579.0,206348
15003,HI,Honolulu County,174384.0,-1851.0,994828
15007,HI,Kauai County,10749.0,-3883.0,73783
15009,HI,Maui County,21018.0,-10771.0,164359
16001,ID,Ada County,67894.0,-303.0,519004
16003,ID,Adams County,394.0,164.0,4791
16005,ID,Bannock County,11517.0,2041.0,89625
16007,ID,Bear Lake County,644.0,269.0,6730
16009,ID,Benewah County,1218.0,300.0,10291
16011,ID,Bingham County,5281.0,1647.0,49973
16013,ID,Blaine County,3569.0,1.0,24901
16015,ID,Boise County,736.0,308.0,8360
16017,ID,Bonner County,4788.0,1404.0,51407
16019,ID,Bonneville County,14595.0,2106.0,129543
16021,ID,Boundary County,1451.0,813.0,13272
16023,ID,Butte County,310.0,152.0,2698
16025,ID,Camas County,269.0,200.0,1169
16027,ID,Canyon County,31183.0,7005.0,250892
16029,ID,Caribou County,705.0,133.0,7200
16031,ID,Cassia County,1990.0,561.0,25644
16033,ID,Clark County,170.0,146.0,810
16035,ID,Clearwater County,1032.0,184.0,9035
16037,ID,Custer County,358.0,79.0,4518
16039,ID,Elmore County,3799.0,-546.0,29391
16041,ID,Franklin County,1442.0,718.0,15170
16043,ID,Fremont County,1393.0,747.0,14017
16045,ID,Gem County,1919.0,689.0,20454
16047,ID,Gooding County,1581.0,172.0,15879
16049,ID,Idaho County,2087.0,950.0,17637
16051,ID,Jefferson County,2788.0,634.0,33336
16053,ID,Jerome County,2392.0,-110.0,25244
16055,ID,Kootenai County,15229.0,956.0,183290
16057,ID,Latah County,3538.0,816.0,40924
16059,ID,Lemhi County,738.0,31.0,8284
16061,ID,Lewis County,363.0,-139.0,3725
16063,ID,Lincoln County,722.0,226.0,5385
16065,ID,Madison County,5520.0,1214.0,54958
16067,ID,Minidoka County,2288.0,878.0,22208
16069,ID,Nez Perce County,4333.0,503.0,42909
16071,ID,Oneida County,404.0,70.0,4740
16073,ID,Owyhee County,1721.0,914.0,12645
16075,ID,Payette County,3078.0,857.0,26929
16077,ID,Power County,860.0,332.0,8136
16079,ID,Shoshone County,1486.0,629.0,13935
16081,ID,Teton County,950.0,-99.0,12519
16083,ID,Twin Falls County,11261.0,148.0,93821
16085,ID,Valley County,1276.0,-150.0,12450
16087,ID,Washington County,1201.0,543.0,11147
17001,IL,Adams County,9380.0,-1718.0,64556
17003,IL,Alexander County,750.0,103.0,4841
17005,IL,Bond County,2071.0,-76.0,16536
17007,IL,Boone County,6987.0,-201.0,53068
17009,IL,Brown County,968.0,-640.0,6316
17011,IL,Bureau County,4053.0,-288.0,32827
17013,IL,Calhoun County,562.0,-319.0,4353
17015,IL,Carroll County,1865.0,-80.0,15579
17017,IL,Cass County,1640.0,-736.0,12638
17019,IL,Champaign County,45913.0,-427.0,206169
17021,IL,Christian County,4271.0,-1688.0,33390
17023,IL,Clark County,1916.0,-595.0,15160
17025,IL,Clay County,1787.0,-632.0,13077
17027,IL,Clinton County,4780.0,-876.0,36937
17029,IL,Coles County,6922.0,-1961.0,46346
17031,IL,Cook County,639832.0,-25938.0,5111566
17033,IL,Crawford County,2412.0,-1405.0,18495
17035,IL,Cumberland County,1063.0,-544.0,10308
17037,IL,DeKalb County,15276.0,-330.0,100223
17039,IL,De Witt County,1774.0,-397.0,15365
17041,IL,Douglas County,2529.0,-1095.0,19667
17043,IL,DuPage County,134857.0,-3989.0,921664
17045,IL,Edgar County,2012.0,-923.0,16385
17047,IL,Edwards County,733.0,-104.0,6058
17049,IL,Effingham County,3977.0,-723.0,34300
17051,IL,Fayette County,2614.0,-680.0,21270
17053,IL,Ford County,1566.0,-692.0,13256
17055,IL,Franklin County,6326.0,-157.0,37215
17057,IL,Fulton County,4244.0,-1491.0,32935
17059,IL,Gallatin County,718.0,-171.0,4823
17061,IL,Greene County,1120.0,-510.0,11640
17063,IL,Grundy County,5846.0,-221.0,53149
17065,IL,Hamilton County,855.0,-225.0,7981
17067,IL,Hancock County,1999.0,143.0,17254
17069,IL,Hardin County,545.0,-110.0,3572
17071,IL,Henderson County,715.0,92.0,6168
17073,IL,Henry County,6901.0,-53.0,48596
17075,IL,Iroquois County,2884.0,-364.0,26493
17077,IL,Jackson County,7520.0,-2676.0,52477
17079,IL,Jasper County,1074.0,-155.0,9172
17081,IL,Jefferson County,5136.0,-578.0,36419
17083,IL,Jersey County,2521.0,-883.0,21191
17085,IL,Jo Daviess County,2199.0,28.0,21845
17087,IL,Johnson County,1408.0,-1364.0,13391
17089,IL,Kane County,66174.0,-9286.0,514139
17091,IL,Kankakee County,13342.0,1.0,105998
17093,IL,Kendall County,18638.0,-223.0,137494
17095,IL,Knox County,7095.0,158.0,48620
17097,IL,Lake County,106530.0,3548.0,709899
17099,IL,LaSalle County,15895.0,-1083.0,108181
17101,IL,Lawrence County,1762.0,-1018.0,14891
17103,IL,Lee County,4625.0,-700.0,33938
17105,IL,Livingston County,4452.0,-1104.0,35517
17107,IL,Logan County,4458.0,-1476.0,27666
17109,IL,McDonough County,3971.0,-95.0,26914
17111,IL,McHenry County,48458.0,-592.0,311558
17113,IL,McLean County,32225.0,-295.0,170918
17115,IL,Macon County,17186.0,-2305.0,101333
17117,IL,Macoupin County,5737.0,-1398.0,44123
17119,IL,Madison County,37028.0,-211.0,263572
17121,IL,Marion County,5598.0,-169.0,36905
17123,IL,Marshall County,1294.0,-193.0,11671
17125,IL,Mason County,1739.0,-222.0,12699
17127,IL,Massac County,1512.0,-400.0,13827
17129,IL,Menard County,1512.0,-699.0,12072
17131,IL,Mercer County,1759.0,-319.0,15533
17133,IL,Monroe County,4522.0,-321.0,35001
17135,IL,Montgomery County,4498.0,-1248.0,27901
17137,IL,Morgan County,4213.0,-1694.0,32298
17139,IL,Moultrie County,1496.0,-410.0,14375
17141,IL,Ogle County,6522.0,-573.0,51345
17143,IL,Peoria County,24680.0,545.0,178000
17145,IL,Perry County,2226.0,-1817.0,20512
17147,IL,Piatt County,1857.0,-624.0,16675
17149,IL,Pike County,2051.0,-385.0,14499
17151,IL,Pope County,562.0,16.0,3746
17153,IL,Pulaski County,1046.0,229.0,4950
17155,IL,Putnam County,827.0,227.0,5553
17157,IL,Randolph County,4322.0,-1965.0,30026
17159,IL,Richland County,1577.0,-1081.0,15555
17161,IL,Rock Island County,17182.0,-100.0,141559
17163,IL,St. Clair County,37645.0,-656.0,252265
17165,IL,Saline County,2556.0,-2569.0,23052
17167,IL,Sangamon County,38768.0,-2067.0,194151
17169,IL,Schuyler County,754.0,-362.0,6753
17171,IL,Scott County,761.0,153.0,4771
17173,IL,Shelby County,2410.0,-652.0,20710
17175,IL,Stark County,595.0,-247.0,5313
17177,IL,Stephenson County,5898.0,-372.0,43556
17179,IL,Tazewell County,19086.0,742.0,129610
17181,IL,Union County,2097.0,-969.0,16772
17183,IL,Vermilion County,7903.0,-7354.0,72103
17185,IL,Wabash County,1304.0,-901.0,11040
17187,IL,Warren County,1987.0,17.0,16360
17189,IL,Washington County,1332.0,-258.0,13623
17191,IL,Wayne County,1703.0,-1186.0,15843
17193,IL,White County,1980.0,-205.0,13595
17195,IL,Whiteside County,5660.0,-2798.0,54555
17197,IL,Will County,91744.0,298.0,698046
17199,IL,Williamson County,11404.0,-2422.0,66544
17201,IL,Winnebago County,43431.0,-1047.0,281542
17203,IL,Woodford County,4442.0,-444.0,38177
18001,IN,Adams County,4616.0,2083.0,36151
18003,IN,Allen County,46251.0,-403.0,391644
18005,IN,Bartholomew County,10544.0,-744.0,83394
18007,IN,Benton County,771.0,-287.0,8672
18009,IN,Blackford County,1087.0,-90.0,11919
18011,IN,Boone County,6961.0,821.0,74309
18013,IN,Brown County,1475.0,509.0,15587
18015,IN,Carroll County,2148.0,603.0,20514
18017,IN,Cass County,4662.0,-197.0,37537
18019,IN,Clark County,17301.0,-500.0,124222
18021,IN,Clay County,2602.0,-334.0,26410
18023,IN,Clinton County,3781.0,304.0,32769
18025,IN,Crawford County,1222.0,78.0,10517
18027,IN,Daviess County,3366.0,59.0,33496
18029,IN,Dearborn County,6238.0,335.0,50900
18031,IN,Decatur County,2541.0,-542.0,26454
18033,IN,DeKalb County,5122.0,547.0,43813
18035,IN,Delaware County,11137.0,264.0,112163
18037,IN,Dubois County,3982.0,-1131.0,43492
18039,IN,Elkhart County,17717.0,865.0,206873
18041,IN,Fayette County,2611.0,-222.0,23389
18043,IN,Floyd County,10410.0,121.0,80621
18045,IN,Fountain County,1561.0,-542.0,16620
18047,IN,Franklin County,2308.0,505.0,23083
18049,IN,Fulton County,2539.0,822.0,20368
18051,IN,Gibson County,3979.0,-2187.0,33002
18053,IN,Grant County,8382.0,1580.0,65993
18055,IN,Greene County,3820.0,210.0,31071
18057,IN,Hamilton County,37159.0,9.0,365463
18059,IN,Hancock County,9079.0,-393.0,83117
18061,IN,Harrison County,4403.0,-915.0,39790
18063,IN,Hendricks County,17386.0,-224.0,183119
18065,IN,Henry County,5998.0,192.0,48815
18067,IN,Howard County,10228.0,-868.0,83546
18069,IN,Huntington County,4878.0,-540.0,36800
18071,IN,Jackson County,5345.0,-739.0,46230
18073,IN,Jasper County,3725.0,-79.0,33345
18075,IN,Jay County,2166.0,187.0,20118
18077,IN,Jefferson County,4418.0,183.0,32936
18079,IN,Jennings County,3274.0,286.0,27484
18081,IN,Johnson County,18744.0,-251.0,165686
18083,IN,Knox County,5255.0,-763.0,35876
18085,IN,Kosciusko County,8655.0,1945.0,80564
18087,IN,LaGrange County,2203.0,457.0,40854
18089,IN,Lake County,61936.0,16187.0,499657
18091,IN,LaPorte County,12422.0,630.0,111822
18093,IN,Lawrence County,5326.0,61.0,45231
18095,IN,Madison County,15018.0,17.0,131383
18097,IN,Marion County,101436.0,2152.0,969223
18099,IN,Marshall County,5053.0,1307.0,46378
18101,IN,Martin County,1075.0,144.0,9827
18103,IN,Miami County,4256.0,808.0,35546
18105,IN,Monroe County,21703.0,6189.0,139621
18107,IN,Montgomery County,4218.0,111.0,38319
18109,IN,Morgan County,7885.0,327.0,72260
18111,IN,Newton County,1396.0,392.0,13839
18113,IN,Noble County,4835.0,-427.0,47234
18115,IN,Ohio County,630.0,-79.0,6097
18117,IN,Orange County,2607.0,495.0,19601
18119,IN,Owen County,2572.0,-234.0,21487
18121,IN,Parke County,1608.0,71.0,16367
18123,IN,Perry County,2313.0,-197.0,19207
18125,IN,Pike County,1163.0,-449.0,12143
18127,IN,Porter County,17508.0,126.0,174848
18129,IN,Posey County,2504.0,-731.0,25098
18131,IN,Pulaski County,1097.0,-33.0,12449
18133,IN,Putnam County,4072.0,173.0,37294
18135,IN,Randolph County,2696.0,368.0,24350
18137,IN,Ripley County,3670.0,146.0,29030
18139,IN,Rush County,1708.0,-675.0,16672
18141,IN,St. Joseph County,28423.0,719.0,272282
18143,IN,Scott County,2750.0,-1009.0,24500
18145,IN,Shelby County,5946.0,-62.0,45189
18147,IN,Spencer County,1824.0,-200.0,19849
18149,IN,Starke County,2389.0,866.0,23203
18151,IN,Steuben County,3877.0,91.0,34772
18153,IN,Sullivan County,2297.0,-163.0,20671
18155,IN,Switzerland County,974.0,31.0,10009
18157,IN,Tippecanoe County,25591.0,438.0,188237
18159,IN,Tipton County,1468.0,267.0,15325
18161,IN,Union County,694.0,-164.0,6967
18163,IN,Vanderburgh County,30994.0,-145.0,179563
18165,IN,Vermillion County,1666.0,-45.0,15433
18167,IN,Vigo County,13070.0,-295.0,106082
18169,IN,Wabash County,3521.0,215.0,30842
18171,IN,Warren County,756.0,-60.0,8488
18173,IN,Warrick County,9900.0,-974.0,65231
18175,IN,Washington County,3370.0,587.0,28171
18177,IN,Wayne County,9291.0,152.0,66216
18179,IN,Wells County,2845.0,726.0,28298
18181,IN,White County,2309.0,-493.0,24660
18183,IN,Whitley County,3849.0,-9.0,34577
19001,IA,Adair County,703.0,244.0,7457
19003,IA,Adams County,337.0,52.0,3601
19005,IA,Allamakee County,1493.0,615.0,14018
19007,IA,Appanoose County,1385.0,305.0,12141
19009,IA,Audubon County,509.0,66.0,5575
19011,IA,Benton County,2403.0,-66.0,25742
19013,IA,Black Hawk County,15736.0,1842.0,130052
19015,IA,Boone County,2526.0,440.0,26579
19017,IA,Bremer County,1939.0,32.0,25254
19019,IA,Buchanan County,2340.0,436.0,20689
19021,IA,Buena Vista County,2288.0,610.0,20644
19023,IA,Butler County,1427.0,248.0,14246
19025,IA,Calhoun County,930.0,28.0,9725
19027,IA,Carroll County,2069.0,373.0,20541
19029,IA,Cass County,1502.0,733.0,13137
19031,IA,Cedar County,2289.0,345.0,18353
19033,IA,Cerro Gordo County,4227.0,515.0,42426
19035,IA,Cherokee County,1236.0,48.0,11490
19037,IA,Chickasaw County,1242.0,193.0,11728
19039,IA,Clarke County,928.0,77.0,9643
19041,IA,Clay County,1475.0,-127.0,16507
19043,IA,Clayton County,1669.0,478.0,17057
19045,IA,Clinton County,4858.0,228.0,46255
19047,IA,Crawford County,1877.0,646.0,16129
19049,IA,Dallas County,13372.0,3827.0,108146
19051,IA,Davis County,909.0,481.0,9147
19053,IA,Decatur County,833.0,185.0,7695
19055,IA,Delaware County,1804.0,414.0,17607
19057,IA,Des Moines County,4447.0,970.0,38242
19059,IA,Dickinson County,1946.0,687.0,18048
19061,IA,Dubuque County,10893.0,1080.0,98715
19063,IA,Emmet County,1033.0,338.0,9214
19065,IA,Fayette County,2343.0,630.0,19266
19067,IA,Floyd County,1537.0,185.0,15348
19069,IA,Franklin County,1057.0,170.0,9946
19071,IA,Fremont County,623.0,84.0,6475
19073,IA,Greene County,711.0,50.0,8710
19075,IA,Grundy County,1155.0,174.0,12355
19077,IA,Guthrie County,1189.0,299.0,10681
19079,IA,Hamilton County,1713.0,560.0,14803
19081,IA,Hancock County,1021.0,185.0,10651
19083,IA,Hardin County,1640.0,-165.0,16614
19085,IA,Harrison County,1445.0,348.0,14680
19087,IA,Henry County,2343.0,441.0,20253
19089,IA,Howard County,922.0,295.0,9509
19091,IA,Humboldt County,884.0,-31.0,9521
19093,IA,Ida County,716.0,80.0,6905
19095,IA,Iowa County,1552.0,-112.0,16497
19097,IA,Jackson County,2304.0,555.0,19346
19099,IA,Jasper County,4051.0,704.0,37949
19101,IA,Jefferson County,1451.0,-268.0,15668
19103,IA,Johnson County,21845.0,230.0,156915
19105,IA,Jones County,2105.0,186.0,20949
19107,IA,Keokuk County,985.0,190.0,9883
19109,IA,Kossuth County,1453.0,387.0,14465
19111,IA,Lee County,3581.0,949.0,32829
19113,IA,Linn County,22702.0,-3505.0,228940
19115,IA,Louisa County,1182.0,273.0,10617
19117,IA,Lucas County,788.0,35.0,8702
19119,IA,Lyon County,921.0,41.0,12177
19121,IA,Madison County,1680.0,619.0,17040
19123,IA,Mahaska County,2206.0,562.0,21971
19125,IA,Marion County,2849.0,211.0,33630
19127,IA,Marshall County,3864.0,-103.0,39821
19129,IA,Mills County,1447.0,-1.0,14535
19131,IA,Mitchell County,1097.0,303.0,10544
19133,IA,Monona County,785.0,88.0,8506
19135,IA,Monroe County,667.0,52.0,7530
19137,IA,Montgomery County,963.0,136.0,10210
19139,IA,Muscatine County,4330.0,495.0,42395
19141,IA,O'Brien County,1359.0,217.0,14085
19143,IA,Osceola County,679.0,266.0,6072
19145,IA,Page County,1438.0,545.0,15176
19147,IA,Palo Alto County,702.0,-21.0,8790
19149,IA,Plymouth County,2152.0,374.0,25722
19151,IA,Pocahontas County,659.0,59.0,7073
19153,IA,Polk County,57392.0,1543.0,501184
19155,IA,Pottawattamie County,10000.0,90.0,93065
19157,IA,Poweshiek County,2190.0,364.0,18518
19159,IA,Ringgold County,359.0,-74.0,4688
19161,IA,Sac County,1041.0,92.0,9689
19163,IA,Scott County,17330.0,182.0,173751
19165,IA,Shelby County,1107.0,180.0,11711
19167,IA,Sioux County,3898.0,1651.0,36127
19169,IA,Story County,14743.0,6707.0,98257
19171,IA,Tama County,1794.0,302.0,16943
19173,IA,Taylor County,560.0,130.0,5875
19175,IA,Union County,1210.0,287.0,11903
19177,IA,Van Buren County,794.0,207.0,7252
19179,IA,Wapello County,4224.0,1132.0,35081
19181,IA,Warren County,5119.0,162.0,54303
19183,IA,Washington County,2222.0,-119.0,22542
19185,IA,Wayne County,761.0,241.0,6490
19187,IA,Webster County,4750.0,918.0,36652
19189,IA,Winnebago County,1037.0,44.0,10639
19191,IA,Winneshiek County,2219.0,808.0,19902
19193,IA,Woodbury County,10976.0,277.0,105558
19195,IA,Worth County,704.0,18.0,7311
19197,IA,Wright County,1431.0,367.0,12695
20001,KS,Allen County,1660.0,-670.0,12489
20003,KS,Anderson County,839.0,-287.0,7798
20005,KS,Atchison County,1531.0,-440.0,16053
20007,KS,Barber County,341.0,-179.0,4124
20009,KS,Barton County,2788.0,-33.0,25058
20011,KS,Bourbon County,1868.0,-623.0,14443
20013,KS,Brown County,931.0,-154.0,9373
20015,KS,Butler County,8518.0,-682.0,68289
20017,KS,Chase County,364.0,47.0,2568
20019,KS,Chautauqua County,308.0,-30.0,3387
20021,KS,Cherokee County,2353.0,-828.0,19025
20023,KS,Cheyenne County,250.0,39.0,2618
20025,KS,Clark County,209.0,21.0,1939
20027,KS,Clay County,770.0,-210.0,8041
20029,KS,Cloud County,715.0,-71.0,8934
20031,KS,Coffey County,717.0,-419.0,8252
20033,KS,Comanche County,186.0,3.0,1690
20035,KS,Cowley County,3862.0,-1444.0,34423
20037,KS,Crawford County,4975.0,-1942.0,39145
20039,KS,Decatur County,205.0,-45.0,2689
20041,KS,Dickinson County,2259.0,-17.0,18355
20043,KS,Doniphan County,716.0,-312.0,7475
20045,KS,Douglas County,18377.0,-43.0,120007
20047,KS,Edwards County,231.0,44.0,2760
20049,KS,Elk County,227.0,-63.0,2448
20051,KS,Ellis County,2983.0,-108.0,28840
20053,KS,Ellsworth County,613.0,-191.0,6383
20055,KS,Finney County,4265.0,-249.0,37639
20057,KS,Ford County,3694.0,-452.0,33924
20059,KS,Franklin County,2749.0,-525.0,25959
20061,KS,Geary County,3346.0,-2422.0,35529
20063,KS,Gove County,286.0,-7.0,2742
20065,KS,Graham County,185.0,-171.0,2397
20067,KS,Grant County,666.0,-486.0,7250
20069,KS,Gray County,501.0,89.0,5711
20071,KS,Greeley County,345.0,190.0,1232
20073,KS,Greenwood County,611.0,-334.0,5908
20075,KS,Hamilton County,226.0,35.0,2452
20077,KS,Harper County,428.0,-167.0,5400
20079,KS,Harvey County,4156.0,-1044.0,33671
20081,KS,Haskell County,474.0,85.0,3595
20083,KS,Hodgeman County,287.0,92.0,1697
20085,KS,Jackson County,1462.0,-456.0,13292
20087,KS,Jefferson County,1837.0,-536.0,18354
20089,KS,Jewell County,253.0,-56.0,2885
20091,KS,Johnson County,68333.0,-13297.0,619091
20093,KS,Kearny County,405.0,34.0,3865
20095,KS,Kingman County,1319.0,502.0,7174
20097,KS,Kiowa County,208.0,-80.0,2405
20099,KS,Labette County,2741.0,-640.0,19702
20101,KS,Lane County,76.0,-66.0,1544
20103,KS,Leavenworth County,9848.0,-1562.0,82922
20105,KS,Lincoln County,213.0,-64.0,2911
20107,KS,Linn County,1146.0,-300.0,9777
20109,KS,Logan County,364.0,-30.0,2703
20111,KS,Lyon County,3648.0,-1515.0,32031
20113,KS,McPherson County,3771.0,25.0,30063
20115,KS,Marion County,1227.0,-478.0,11783
20117,KS,Marshall County,1016.0,69.0,9992
20119,KS,Meade County,427.0,-91.0,3913
20121,KS,Miami County,3240.0,-777.0,34791
20123,KS,Mitchell County,465.0,-339.0,5730
20125,KS,Montgomery County,3961.0,-693.0,30853
20127,KS,Morris County,541.0,-220.0,5400
20129,KS,Morton County,269.0,44.0,2601
20131,KS,Nemaha County,1045.0,-235.0,10164
20133,KS,Neosho County,1855.0,-772.0,15583
20135,KS,Ness County,262.0,-31.0,2657
20137,KS,Norton County,412.0,-334.0,5325
20139,KS,Osage County,1789.0,-317.0,15705
20141,KS,Osborne County,242.0,-178.0,3481
20143,KS,Ottawa County,527.0,-1.0,5806
20145,KS,Pawnee County,431.0,-466.0,6188
20147,KS,Phillips County,378.0,-210.0,4783
20149,KS,Pottawatomie County,2787.0,-533.0,26292
20151,KS,Pratt County,1003.0,250.0,9073
20153,KS,Rawlins County,156.0,-15.0,2523
20155,KS,Reno County,7230.0,-1165.0,61552
20157,KS,Republic County,387.0,-136.0,4653
20159,KS,Rice County,1111.0,-112.0,9370
20161,KS,Riley County,7786.0,703.0,71563
20163,KS,Rooks County,416.0,-149.0,4810
20165,KS,Rush County,179.0,-133.0,2941
20167,KS,Russell County,541.0,-115.0,6733
20169,KS,Saline County,6248.0,-450.0,53389
20171,KS,Scott County,514.0,-85.0,5007
20173,KS,Sedgwick County,71564.0,-82.0,525368
20175,KS,Seward County,2008.0,-503.0,21345
20177,KS,Shawnee County,28077.0,-233.0,177537
20179,KS,Sheridan County,307.0,30.0,2439
20181,KS,Sherman County,348.0,-244.0,5876
20183,KS,Smith County,301.0,-10.0,3572
20185,KS,Stafford County,232.0,-283.0,3971
20187,KS,Stanton County,276.0,101.0,1967
20189,KS,Stevens County,454.0,-308.0,5166
20191,KS,Sumner County,2618.0,98.0,22359
20193,KS,Thomas County,482.0,-624.0,7908
20195,KS,Trego County,286.0,-57.0,2746
20197,KS,Wabaunsee County,681.0,-38.0,7009
20199,KS,Wallace County,161.0,23.0,1493
20201,KS,Washington County,434.0,-141.0,5493
20203,KS,Wichita County,236.0,-2.0,2078
20205,KS,Wilson County,859.0,-628.0,8554
20207,KS,Woodson County,293.0,-148.0,3117
20209,KS,Wyandotte County,22482.0,654.0,165626
21001,KY,Adair County,2972.0,-560.0,19097
21003,KY,Allen County,2688.0,-1188.0,21283
21005,KY,Anderson County,2773.0,-1344.0,24273
21007,KY,Ballard County,931.0,61.0,7642
21009,KY,Barren County,7031.0,-145.0,44872
21011,KY,Bath County,1948.0,-484.0,12828
21013,KY,Bell County,4388.0,-167.0,23611
21015,KY,Boone County,20237.0,164.0,139045
21017,KY,Bourbon County,2829.0,-947.0,20109
21019,KY,Boyd County,10833.0,-820.0,48059
21021,KY,Boyle County,4407.0,-641.0,30851
21023,KY,Bracken County,915.0,-327.0,8435
21025,KY,Breathitt County,2582.0,-280.0,13358
21027,KY,Breckinridge County,3201.0,162.0,20961
21029,KY,Bullitt County,12468.0,-1630.0,83774
21031,KY,Butler County,1396.0,-558.0,12365
21033,KY,Caldwell County,1606.0,-597.0,12608
21035,KY,Calloway County,4170.0,-1616.0,38093
21037,KY,Campbell County,11896.0,-1662.0,93272
21039,KY,Carlisle County,535.0,-31.0,4719
21041,KY,Carroll County,1349.0,-533.0,10939
21043,KY,Carter County,3568.0,-2565.0,26343
21045,KY,Casey County,2206.0,49.0,15911
21047,KY,Christian County,8344.0,17.0,72286
21049,KY,Clark County,5036.0,-2459.0,36992
21051,KY,Clay County,3797.0,-333.0,19874
21053,KY,Clinton County,1445.0,-586.0,9139
21055,KY,Crittenden County,1046.0,-267.0,8991
21057,KY,Cumberland County,911.0,-253.0,5969
21059,KY,Daviess County,9764.0,-7899.0,103189
21061,KY,Edmonson County,1561.0,133.0,12302
21063,KY,Elliott County,1686.0,-202.0,7292
21065,KY,Estill County,2022.0,-463.0,14024
21067,KY,Fayette County,58432.0,-1366.0,320281
21069,KY,Fleming County,2269.0,2.0,15278
21071,KY,Floyd County,8407.0,136.0,34918
21073,KY,Franklin County,7865.0,-1651.0,51548
21075,KY,Fulton County,1157.0,600.0,6371
21077,KY,Gallatin County,785.0,-399.0,8773
21079,KY,Garrard County,2725.0,141.0,17566
21081,KY,Grant County,3088.0,-1144.0,25474
21083,KY,Graves County,5165.0,-198.0,36493
21085,KY,Grayson County,3851.0,-607.0,26643
21087,KY,Green County,1418.0,-551.0,11392
21089,KY,Greenup County,5758.0,-2566.0,35375
21091,KY,Hancock County,996.0,-379.0,9027
21093,KY,Hardin County,19663.0,-2190.0,111743
21095,KY,Harlan County,4164.0,-1844.0,25652
21097,KY,Harrison County,3114.0,-1247.0,19105
21099,KY,Hart County,3261.0,591.0,19594
21101,KY,Henderson County,7328.0,-786.0,44032
21103,KY,Henry County,2056.0,-1046.0,15760
21105,KY,Hickman County,573.0,115.0,4434
21107,KY,Hopkins County,7665.0,-1871.0,44926
21109,KY,Jackson County,1918.0,-69.0,12989
21111,KY,Jefferson County,132699.0,-2500.0,773095
21113,KY,Jessamine County,7104.0,-1961.0,54236
21115,KY,Johnson County,3762.0,-825.0,22235
21117,KY,Kenton County,21853.0,-475.0,170280
21119,KY,Knott County,2478.0,-717.0,13847
21121,KY,Knox County,6930.0,266.0,29773
21123,KY,Larue County,2031.0,-23.0,15150
21125,KY,Laurel County,6867.0,-5130.0,62879
21127,KY,Lawrence County,2681.0,429.0,16097
21129,KY,Lee County,1139.0,-347.0,7273
21131,KY,Leslie County,1848.0,-760.0,10049
21133,KY,Letcher County,4071.0,-1017.0,20827
21135,KY,Lewis County,2371.0,-64.0,12937
21137,KY,Lincoln County,3230.0,-614.0,24419
21139,KY,Livingston County,904.0,-483.0,8968
21141,KY,Logan County,3398.0,-977.0,27856
21143,KY,Lyon County,1126.0,-324.0,9099
21145,KY,McCracken County,11069.0,-610.0,67366
21147,KY,McCreary County,2546.0,-852.0,16783
21149,KY,McLean County,1233.0,-250.0,9107
21151,KY,Madison County,16302.0,517.0,95151
21153,KY,Magoffin County,2288.0,-90.0,11348
21155,KY,Marion County,3115.0,-285.0,19748
21157,KY,Marshall County,4046.0,-364.0,31790
21159,KY,Martin County,1842.0,-53.0,11096
21161,KY,Mason County,2545.0,-553.0,16903
21163,KY,Meade County,4061.0,680.0,30010
21165,KY,Menifee County,919.0,-275.0,6236
21167,KY,Mercer County,2904.0,-1316.0,22900
21169,KY,Metcalfe County,1437.0,80.0,10408
21171,KY,Monroe County,1429.0,-284.0,11353
21173,KY,Montgomery County,4921.0,-1084.0,28357
21175,KY,Morgan County,2113.0,-1188.0,14146
21177,KY,Muhlenberg County,4698.0,-1821.0,30696
21179,KY,Nelson County,7252.0,-1778.0,47359
21181,KY,Nicholas County,868.0,-442.0,7786
21183,KY,Ohio County,3231.0,-581.0,23496
21185,KY,Oldham County,10372.0,-396.0,69444
21187,KY,Owen County,1218.0,-137.0,11294
21189,KY,Owsley County,898.0,-82.0,3958
21191,KY,Pendleton County,1611.0,-246.0,14703
21193,KY,Perry County,6354.0,-2168.0,27367
21195,KY,Pike County,12055.0,-186.0,56317
21197,KY,Powell County,2329.0,-776.0,13041
21199,KY,Pulaski County,8198.0,-841.0,65767
21201,KY,Robertson County,397.0,-5.0,2247
21203,KY,Rockcastle County,2695.0,-182.0,16225
21205,KY,Rowan County,3286.0,-1641.0,24372
21207,KY,Russell County,3222.0,-538.0,18185
21209,KY,Scott County,9204.0,-3068.0,59077
21211,KY,Shelby County,6720.0,-1676.0,48842
21213,KY,Simpson County,2658.0,-719.0,19948
21215,KY,Spencer County,2914.0,-477.0,20212
21217,KY,Taylor County,3692.0,-1383.0,26396
21219,KY,Todd County,1387.0,-55.0,12394
21221,KY,Trigg County,1705.0,-752.0,14348
21223,KY,Trimble County,1098.0,-72.0,8527
21225,KY,Union County,1742.0,-655.0,13104
21227,KY,Warren County,23492.0,-558.0,140046
21229,KY,Washington County,1447.0,-792.0,12060
21231,KY,Wayne County,3555.0,-492.0,19634
21233,KY,Webster County,1564.0,-547.0,12739
21235,KY,Whitley County,6885.0,-81.0,36908
21237,KY,Wolfe County,1097.0,-840.0,6416
21239,KY,Woodford County,3956.0,-1039.0,27053
22001,LA,Acadia Parish,7572.0,192.0,56725
22003,LA,Allen Parish,3162.0,-855.0,22287
22005,LA,Ascension Parish,18398.0,-1013.0,130485
22007,LA,Assumption Parish,3017.0,423.0,20463
22009,LA,Avoyelles Parish,5203.0,-985.0,38715
22011,LA,Beauregard Parish,4785.0,223.0,36624
22013,LA,Bienville Parish,2005.0,-166.0,12612
22015,LA,Bossier Parish,23025.0,-1949.0,129153
22017,LA,Caddo Parish,37558.0,-2750.0,228934
22019,LA,Calcasieu Parish,28618.0,-589.0,202288
22021,LA,Caldwell Parish,1201.0,-789.0,9493
22023,LA,Cameron Parish,598.0,126.0,4896
22025,LA,Catahoula Parish,1136.0,-66.0,8604
22027,LA,Claiborne Parish,1979.0,161.0,13849
22029,LA,Concordia Parish,2802.0,-58.0,18026
22031,LA,De Soto Parish,3920.0,-330.0,26856
22033,LA,East Baton Rouge Parish,66368.0,316.0,450091
22035,LA,East Carroll Parish,1414.0,22.0,6939
22037,LA,East Feliciana Parish,2159.0,-1244.0,19208
22039,LA,Evangeline Parish,4867.0,965.0,32033
22041,LA,Franklin Parish,3757.0,70.0,19358
22043,LA,Grant Parish,2510.0,-692.0,22040
22045,LA,Iberia Parish,10016.0,83.0,68320
22047,LA,Iberville Parish,4607.0,-427.0,29613
22049,LA,Jackson Parish,1981.0,-499.0,14816
22051,LA,Jefferson Parish,61616.0,1513.0,426030
22053,LA,Jefferson Davis Parish,4188.0,1114.0,31929
22055,LA,Lafayette Parish,34399.0,-680.0,247714
22057,LA,Lafourche Parish,14466.0,160.0,95751
22059,LA,LaSalle Parish,1825.0,-280.0,14821
22061,LA,Lincoln Parish,5867.0,-1481.0,47980
22063,LA,Livingston Parish,18364.0,-863.0,148056
22065,LA,Madison Parish,1488.0,37.0,9480
22067,LA,Morehouse Parish,3312.0,-234.0,24414
22069,LA,Natchitoches Parish,5365.0,-36.0,36648
22071,LA,Orleans Parish,54383.0,264.0,369917
22073,LA,Ouachita Parish,20676.0,-7825.0,157704
22075,LA,Plaquemines Parish,2854.0,-432.0,22618
22077,LA,Pointe Coupee Parish,2491.0,-1014.0,20212
22079,LA,Rapides Parish,17619.0,-254.0,127028
22081,LA,Red River Parish,1033.0,57.0,7465
22083,LA,Richland Parish,3367.0,-673.0,19784
22085,LA,Sabine Parish,2884.0,-106.0,21974
22087,LA,St. Bernard Parish,5560.0,-496.0,44419
22089,LA,St. Charles Parish,5910.0,-916.0,51058
22091,LA,St. Helena Parish,1512.0,633.0,10789
22093,LA,St. James Parish,2696.0,-610.0,19388
22095,LA,St. John the Baptist Parish,5131.0,-599.0,39955
22097,LA,St. Landry Parish,12774.0,777.0,81679
22099,LA,St. Martin Parish,6208.0,-204.0,51249
22101,LA,St. Mary Parish,6300.0,651.0,47819
22103,LA,St. Tammany Parish,40629.0,-333.0,273237
22105,LA,Tangipahoa Parish,19180.0,-27.0,136799
22107,LA,Tensas Parish,730.0,32.0,3814
22109,LA,Terrebonne Parish,16645.0,205.0,104632
22111,LA,Union Parish,2900.0,-1194.0,20729
22113,LA,Vermilion Parish,7250.0,-405.0,56953
22115,LA,Vernon Parish,6149.0,1474.0,46870
22117,LA,Washington Parish,6729.0,-296.0,44991
22119,LA,Webster Parish,5854.0,-1021.0,35527
22121,LA,West Baton Rouge Parish,3410.0,-965.0,28034
22123,LA,West Carroll Parish,1328.0,-1004.0,9481
22125,LA,West Feliciana Parish,1611.0,-67.0,15396
22127,LA,Winn Parish,2067.0,-487.0,13251
23001,ME,Androscoggin County,13133.0,1172.0,113225
23003,ME,Aroostook County,9680.0,-725.0,67322
23005,ME,Cumberland County,35524.0,-303.0,308837
23007,ME,Franklin County,3663.0,303.0,30595
23009,ME,Hancock County,6964.0,1607.0,56549
23011,ME,Kennebec County,14837.0,157.0,126535
23013,ME,Knox County,4808.0,140.0,41179
23015,ME,Lincoln County,4845.0,1002.0,36285
23017,ME,Oxford County,6751.0,239.0,59458
23019,ME,Penobscot County,18970.0,614.0,154728
23021,ME,Piscataquis County,1728.0,-49.0,17403
23023,ME,Sagadahoc County,4006.0,233.0,37372
23025,ME,Somerset County,6691.0,774.0,51118
23027,ME,Waldo County,4837.0,644.0,40255
23029,ME,Washington County,3829.0,1032.0,31527
23031,ME,York County,26655.0,159.0,216950
24001,MD,Allegany County,9501.0,174.0,67266
24003,MD,Anne Arundel County,51238.0,42.0,593347
24005,MD,Baltimore County,73899.0,2431.0,845986
24009,MD,Calvert County,7888.0,838.0,94559
24011,MD,Caroline County,3903.0,944.0,33427
24013,MD,Carroll County,12462.0,321.0,175472
24015,MD,Cecil County,10909.0,1910.0,104870
24017,MD,Charles County,18950.0,59.0,170111
24019,MD,Dorchester County,3958.0,-212.0,32583
24021,MD,Frederick County,25359.0,-578.0,287540
24023,MD,Garrett County,3729.0,1055.0,28588
24025,MD,Harford County,22242.0,417.0,263815
24027,MD,Howard County,32831.0,348.0,335366
24029,MD,Kent County,2168.0,540.0,19295
24031,MD,Montgomery County,134061.0,-232.0,1053067
24033,MD,Prince George's County,96664.0,-305.0,946980
24035,MD,Queen Anne's County,4558.0,1059.0,51720
24037,MD,St. Mary's County,11773.0,-32.0,114783
24039,MD,Somerset County,3008.0,650.0,24608
24041,MD,Talbot County,3972.0,640.0,37814
24043,MD,Washington County,15805.0,1003.0,155257
24045,MD,Wicomico County,11675.0,684.0,104486
24047,MD,Worcester County,6554.0,1883.0,53934
24510,MD,Baltimore city,76509.0,11885.0,569107
25001,MA,Barnstable County,22591.0,-207.0,232078
25003,MA,Berkshire County,20607.0,-80.0,127547
25005,MA,Bristol County,71281.0,520.0,579744
25007,MA,Dukes County,2819.0,906.0,20962
25009,MA,Essex County,101742.0,1419.0,806499
25011,MA,Franklin County,8802.0,74.0,70995
25013,MA,Hampden County,78002.0,-870.0,460758
25015,MA,Hampshire County,23349.0,745.0,162518
25017,MA,Middlesex County,212267.0,496.0,1616794
25019,MA,Nantucket County,1813.0,258.0,14443
25021,MA,Norfolk County,82424.0,474.0,725469
25023,MA,Plymouth County,58033.0,-417.0,533248
25025,MA,Suffolk County,121628.0,-533.0,768812
25027,MA,Worcester County,104333.0,-1062.0,862873
26001,MI,Alcona County,1088.0,605.0,10397
26003,MI,Alger County,768.0,-217.0,8773
26005,MI,Allegan County,11710.0,349.0,121290
26007,MI,Alpena County,3395.0,1552.0,28833
26009,MI,Antrim County,2311.0,282.0,24265
26011,MI,Arenac County,1822.0,350.0,15123
26013,MI,Baraga County,816.0,-226.0,8283
26015,MI,Barry County,6339.0,474.0,63402
26017,MI,Bay County,14610.0,2527.0,102638
26019,MI,Benzie County,2459.0,802.0,18327
26021,MI,Berrien County,22762.0,7018.0,152835
26023,MI,Branch County,5642.0,1029.0,44502
26025,MI,Calhoun County,17216.0,234.0,133424
26027,MI,Cass County,5989.0,2153.0,51477
26029,MI,Charlevoix County,2508.0,137.0,26173
26031,MI,Cheboygan County,2043.0,52.0,25964
26033,MI,Chippewa County,5137.0,213.0,36207
26035,MI,Clare County,4371.0,1494.0,31307
26037,MI,Clinton County,10002.0,-3153.0,79652
26039,MI,Crawford County,1558.0,347.0,13434
26041,MI,Delta County,5140.0,101.0,36781
26043,MI,Dickinson County,2551.0,-1542.0,25943
26045,MI,Eaton County,15148.0,-634.0,108854
26047,MI,Emmet County,3392.0,445.0,34215
26049,MI,Genesee County,50272.0,-458.0,401923
26051,MI,Gladwin County,2558.0,44.0,25621
26053,MI,Gogebic County,1973.0,90.0,14377
26055,MI,Grand Traverse County,9864.0,990.0,96298
26057,MI,Gratiot County,4405.0,-275.0,41104
26059,MI,Hillsdale County,5318.0,1089.0,45735
26061,MI,Houghton County,4004.0,301.0,37160
26063,MI,Huron County,3681.0,383.0,31145
26065,MI,Ingham County,39402.0,-938.0,283477
26067,MI,Ionia County,7677.0,299.0,66836
26069,MI,Iosco County,3094.0,1312.0,25473
26071,MI,Iron County,1081.0,-515.0,11705
26073,MI,Isabella County,7322.0,1047.0,64366
26075,MI,Jackson County,20806.0,405.0,159758
26077,MI,Kalamazoo County,35044.0,1065.0,260892
26079,MI,Kalkaska County,2306.0,405.0,18244
26081,MI,Kent County,74959.0,-195.0,658920
26083,MI,Keweenaw County,274.0,22.0,2155
26085,MI,Lake County,1644.0,686.0,12651
26087,MI,Lapeer County,9070.0,768.0,88632
26089,MI,Leelanau County,2600.0,759.0,22883
26091,MI,Lenawee County,12018.0,-435.0,98280
26093,MI,Livingston County,19880.0,-3575.0,196134
26095,MI,Luce County,514.0,-87.0,6274
26097,MI,Mackinac County,1475.0,248.0,10962
26099,MI,Macomb County,94686.0,-32591.0,874235
26101,MI,Manistee County,2257.0,19.0,25365
26103,MI,Marquette County,9084.0,-349.0,66548
26105,MI,Mason County,3304.0,-104.0,29318
26107,MI,Mecosta County,5035.0,1379.0,40782
26109,MI,Menominee County,2691.0,5.0,23225
26111,MI,Midland County,9814.0,283.0,83762
26113,MI,Missaukee County,1843.0,556.0,15232
26115,MI,Monroe County,19948.0,45.0,155235
26117,MI,Montcalm County,6857.0,839.0,67209
26119,MI,Montmorency County,976.0,356.0,9557
26121,MI,Muskegon County,18352.0,117.0,175539
26123,MI,Newaygo County,6293.0,1685.0,50728
26125,MI,Oakland County,183826.0,8214.0,1271025
26127,MI,Oceana County,3220.0,584.0,26920
26129,MI,Ogemaw County,2820.0,1170.0,20919
26131,MI,Ontonagon County,968.0,415.0,5921
26133,MI,Osceola County,3289.0,1296.0,23279
26135,MI,Oscoda County,930.0,428.0,8391
26137,MI,Otsego County,2636.0,272.0,25561
26139,MI,Ottawa County,34491.0,3533.0,300918
26141,MI,Presque Isle County,1608.0,983.0,13343
26143,MI,Roscommon County,2525.0,647.0,23682
26145,MI,Saginaw County,23044.0,-899.0,188373
26147,MI,St. Clair County,17256.0,-1228.0,159668
26149,MI,St. Joseph County,5683.0,774.0,60778
26151,MI,Sanilac County,4572.0,1017.0,40482
26153,MI,Schoolcraft County,796.0,-166.0,8174
26155,MI,Shiawassee County,8673.0,-261.0,67967
26157,MI,Tuscola County,5416.0,-78.0,52908
26159,MI,Van Buren County,7803.0,99.0,75669
26161,MI,Washtenaw County,52690.0,-6891.0,366504
26163,MI,Wayne County,242476.0,189.0,1758942
26165,MI,Wexford County,3701.0,211.0,34018
27001,MN,Aitkin County,1831.0,632.0,16142
27003,MN,Anoka County,45291.0,180.0,369108
27005,MN,Becker County,3978.0,304.0,35363
27007,MN,Beltrami County,6105.0,925.0,46511
27009,MN,Benton County,5053.0,-1554.0,41509
27011,MN,Big Stone County,477.0,-229.0,5149
27013,MN,Blue Earth County,8251.0,112.0,69603
27015,MN,Brown County,2508.0,-285.0,25762
27017,MN,Carlton County,4774.0,-305.0,36544
27019,MN,Carver County,13995.0,1255.0,110120
27021,MN,Cass County,3293.0,275.0,31308
27023,MN,Chippewa County,1163.0,-199.0,12269
27025,MN,Chisago County,5800.0,-161.0,57898
27027,MN,Clay County,8884.0,-1092.0,65860
27029,MN,Clearwater County,849.0,97.0,8638
27031,MN,Cook County,393.0,-58.0,5721
27033,MN,Cottonwood County,1155.0,-63.0,11382
27035,MN,Crow Wing County,10094.0,3383.0,67884
27037,MN,Dakota County,58179.0,677.0,443272
27039,MN,Dodge County,2257.0,-371.0,20992
27041,MN,Douglas County,4609.0,151.0,39684
27043,MN,Faribault County,1721.0,164.0,13930
27045,MN,Fillmore County,2266.0,-31.0,21454
27047,MN,Freeborn County,3690.0,-348.0,30683
27049,MN,Goodhue County,6316.0,182.0,48041
27051,MN,Grant County,519.0,-139.0,6121
27053,MN,Hennepin County,172590.0,-88.0,1257066
27055,MN,Houston County,1828.0,-353.0,18727
27057,MN,Hubbard County,2372.0,224.0,21963
27059,MN,Isanti County,3927.0,260.0,42711
27061,MN,Itasca County,4946.0,191.0,45194
27063,MN,Jackson County,943.0,69.0,9898
27065,MN,Kanabec County,1628.0,235.0,16449
27067,MN,Kandiyohi County,5412.0,536.0,43771
27069,MN,Kittson County,444.0,87.0,4086
27071,MN,Koochiching County,1209.0,-382.0,11848
27073,MN,Lac qui Parle County,645.0,-146.0,6656
27075,MN,Lake County,1414.0,293.0,10912
27077,MN,Lake of the Woods County,383.0,43.0,3886
27079,MN,Le Sueur County,3098.0,786.0,29124
27081,MN,Lincoln County,588.0,59.0,5576
27083,MN,Lyon County,2647.0,210.0,25433
27085,MN,McLeod County,4270.0,-562.0,36734
27087,MN,Mahnomen County,720.0,-229.0,5339
27089,MN,Marshall County,874.0,65.0,8889
27091,MN,Martin County,2112.0,-193.0,19656
27093,MN,Meeker County,2150.0,-117.0,23526
27095,MN,Mille Lacs County,3746.0,1334.0,27295
27097,MN,Morrison County,4112.0,379.0,34237
27099,MN,Mower County,4989.0,-690.0,40050
27101,MN,Murray County,825.0,124.0,8040
27103,MN,Nicollet County,3457.0,-484.0,34343
27105,MN,Nobles County,1882.0,-458.0,21958
27107,MN,Norman County,609.0,-58.0,6371
27109,MN,Olmsted County,26653.0,-223.0,164036
27111,MN,Otter Tail County,6646.0,1318.0,60544
27113,MN,Pennington County,1548.0,-17.0,13816
27115,MN,Pine County,3339.0,648.0,29533
27117,MN,Pipestone County,958.0,265.0,9327
27119,MN,Polk County,3332.0,-733.0,30725
27121,MN,Pope County,1148.0,-381.0,11420
27123,MN,Ramsey County,71146.0,81.0,537303
27125,MN,Red Lake County,445.0,132.0,3881
27127,MN,Redwood County,1395.0,-187.0,15358
27129,MN,Renville County,1493.0,-36.0,14473
27131,MN,Rice County,7973.0,94.0,67523
27133,MN,Rock County,983.0,110.0,9554
27135,MN,Roseau County,1468.0,-96.0,15334
27137,MN,St. Louis County,19612.0,-6601.0,199558
27139,MN,Scott County,16239.0,-1685.0,154423
27141,MN,Sherburne County,11167.0,724.0,100540
27143,MN,Sibley County,1552.0,170.0,14928
27145,MN,Stearns County,22486.0,-480.0,160242
27147,MN,Steele County,4660.0,364.0,37429
27149,MN,Stevens County,1023.0,-328.0,9615
27151,MN,Swift County,944.0,115.0,9771
27153,MN,Todd County,2459.0,-519.0,25533
27155,MN,Traverse County,298.0,-63.0,3242
27157,MN,Wabasha County,2079.0,-353.0,21652
27159,MN,Wadena County,1704.0,-143.0,14236
27161,MN,Waseca County,2131.0,172.0,18914
27163,MN,Washington County,26699.0,-8244.0,276169
27165,MN,Watonwan County,1168.0,-26.0,11106
27167,MN,Wilkin County,568.0,-40.0,6358
27169,MN,Winona County,6849.0,-227.0,49469
27171,MN,Wright County,14010.0,682.0,148118
27173,MN,Yellow Medicine County,1041.0,23.0,9484
28001,MS,Adams County,4416.0,938.0,28517
28003,MS,Alcorn County,4662.0,-1428.0,34147
28005,MS,Amite County,1461.0,-127.0,12559
28007,MS,Attala County,2528.0,-488.0,17530
28009,MS,Benton County,991.0,-104.0,7556
28011,MS,Bolivar County,4495.0,177.0,29461
28013,MS,Calhoun County,2163.0,-291.0,12846
28015,MS,Carroll County,1402.0,267.0,9736
28017,MS,Chickasaw County,2723.0,-549.0,16863
28019,MS,Choctaw County,925.0,-436.0,8095
28021,MS,Claiborne County,1167.0,53.0,8775
28023,MS,Clarke County,1823.0,129.0,15203
28025,MS,Clay County,2809.0,169.0,18311
28027,MS,Coahoma County,3346.0,32.0,20235
28029,MS,Copiah County,4337.0,389.0,27712
28031,MS,Covington County,3043.0,-676.0,18142
28033,MS,DeSoto County,25219.0,1151.0,191144
28035,MS,Forrest County,9941.0,-2045.0,77976
28037,MS,Franklin County,872.0,-89.0,7611
28039,MS,George County,2926.0,-355.0,25199
28041,MS,Greene County,1520.0,40.0,13566
28043,MS,Grenada County,2656.0,359.0,21134
28045,MS,Hancock County,6023.0,-487.0,46007
28047,MS,Harrison County,28116.0,200.0,210443
28049,MS,Hinds County,28845.0,-287.0,217555
28051,MS,Holmes County,2466.0,240.0,16111
28053,MS,Humphreys County,1140.0,254.0,7354
28055,MS,Issaquena County,805.0,702.0,1262
28057,MS,Itawamba County,2894.0,-1023.0,23971
28059,MS,Jackson County,19535.0,716.0,144963
28061,MS,Jasper County,2331.0,-91.0,16077
28063,MS,Jefferson County,1071.0,302.0,7067
28065,MS,Jefferson Davis County,1632.0,25.0,11079
28067,MS,Jones County,8959.0,-1898.0,66440
28069,MS,Kemper County,1083.0,59.0,8670
28071,MS,Lafayette County,8250.0,-501.0,57730
28073,MS,Lamar County,9280.0,-619.0,65746
28075,MS,Lauderdale County,9150.0,543.0,71142
28077,MS,Lawrence County,1350.0,-606.0,11761
28079,MS,Leake County,3312.0,208.0,21203
28081,MS,Lee County,13588.0,-1381.0,82824
28083,MS,Leflore County,3271.0,84.0,26664
28085,MS,Lincoln County,4769.0,420.0,34764
28087,MS,Lowndes County,7027.0,-1797.0,57671
28089,MS,Madison County,13748.0,-419.0,111271
28091,MS,Marion County,3223.0,-615.0,24166
28093,MS,Marshall County,4519.0,-3.0,33905
28095,MS,Monroe County,4297.0,-1480.0,33568
28097,MS,Montgomery County,1542.0,-54.0,9563
28099,MS,Neshoba County,4069.0,-1291.0,28804
28101,MS,Newton County,2854.0,-10.0,21023
28103,MS,Noxubee County,1440.0,-92.0,10000
28105,MS,Oktibbeha County,6516.0,745.0,51384
28107,MS,Panola County,4663.0,-379.0,32592
28109,MS,Pearl River County,7148.0,-162.0,57183
28111,MS,Perry County,1318.0,-101.0,11398
28113,MS,Pike County,5695.0,-371.0,39687
28115,MS,Pontotoc County,4471.0,-375.0,31367
28117,MS,Prentiss County,3166.0,-1327.0,24891
28119,MS,Quitman County,891.0,246.0,5674
28121,MS,Rankin County,21353.0,478.0,158978
28123,MS,Scott County,3520.0,864.0,27560
28125,MS,Sharkey County,645.0,185.0,3462
28127,MS,Simpson County,3051.0,-361.0,25623
28129,MS,Smith County,1607.0,-472.0,14082
28131,MS,Stone County,2204.0,-550.0,18641
28133,MS,Sunflower County,3029.0,859.0,24837
28135,MS,Tallahatchie County,1504.0,169.0,12067
28137,MS,Tate County,4064.0,510.0,28259
28139,MS,Tippah County,2905.0,-626.0,21438
28141,MS,Tishomingo County,2549.0,-803.0,18621
28143,MS,Tunica County,1414.0,223.0,9407
28145,MS,Union County,3865.0,-558.0,28132
28147,MS,Walthall County,1881.0,-268.0,13824
28149,MS,Warren County,5206.0,108.0,42635
28151,MS,Washington County,4922.0,548.0,42524
28153,MS,Wayne County,2718.0,463.0,19583
28155,MS,Webster County,1319.0,-411.0,9944
28157,MS,Wilkinson County,957.0,205.0,8203
28159,MS,Winston County,2566.0,-510.0,17504
28161,MS,Yalobusha County,1416.0,-658.0,12413
28163,MS,Yazoo County,4079.0,-638.0,25893
29001,MO,Adair County,2557.0,405.0,25151
29003,MO,Andrew County,1872.0,-179.0,18016
29005,MO,Atchison County,548.0,-268.0,5161
29007,MO,Audrain County,2836.0,574.0,24482
29009,MO,Barry County,4146.0,1299.0,34944
29011,MO,Barton County,1168.0,-104.0,11695
29013,MO,Bates County,1944.0,381.0,16170
29015,MO,Benton County,2325.0,106.0,20233
29017,MO,Bollinger County,1069.0,-89.0,10531
29019,MO,Boone County,24927.0,-253.0,187721
29021,MO,Buchanan County,10812.0,-194.0,82891
29023,MO,Butler County,5263.0,624.0,42166
29025,MO,Caldwell County,874.0,212.0,8939
29027,MO,Callaway County,5368.0,-27.0,44723
29029,MO,Camden County,4188.0,537.0,43760
29031,MO,Cape Girardeau County,9528.0,629.0,82931
29033,MO,Carroll County,923.0,0.0,8420
29035,MO,Carter County,915.0,407.0,5254
29037,MO,Cass County,12589.0,590.0,110357
29039,MO,Cedar County,1571.0,44.0,14601
29041,MO,Chariton County,823.0,142.0,7395
29043,MO,Christian County,10389.0,796.0,93122
29045,MO,Clark County,756.0,164.0,6715
29047,MO,Clay County,14882.0,1075.0,256930
29049,MO,Clinton County,2454.0,407.0,21303
29051,MO,Cole County,9376.0,852.0,76956
29053,MO,Cooper County,1661.0,248.0,16763
29055,MO,Crawford County,2540.0,265.0,22659
29057,MO,Dade County,736.0,-31.0,7665
29059,MO,Dallas County,2347.0,417.0,17587
29061,MO,Daviess County,840.0,151.0,8457
29063,MO,DeKalb County,1047.0,266.0,11310
29065,MO,Dent County,1798.0,267.0,14488
29067,MO,Douglas County,1274.0,207.0,11981
29069,MO,Dunklin County,4740.0,220.0,27411
29071,MO,Franklin County,13031.0,-272.0,105793
29073,MO,Gasconade County,1691.0,255.0,14772
29075,MO,Gentry County,833.0,-100.0,6274
29077,MO,Greene County,33548.0,184.0,303197
29079,MO,Grundy County,1121.0,-30.0,9844
29081,MO,Harrison County,819.0,-72.0,8217
29083,MO,Henry County,2275.0,-578.0,22421
29085,MO,Hickory County,985.0,-6.0,8575
29087,MO,Holt County,377.0,-113.0,4254
29089,MO,Howard County,1156.0,-62.0,10179
29091,MO,Howell County,5062.0,833.0,40623
29093,MO,Iron County,1232.0,266.0,9413
29095,MO,Jackson County,107586.0,59658.0,716218
29097,MO,Jasper County,10558.0,1998.0,124016
29099,MO,Jefferson County,27277.0,414.0,229220
29101,MO,Johnson County,5910.0,208.0,54449
29103,MO,Knox County,443.0,12.0,3777
29105,MO,Laclede County,4561.0,1165.0,36345
29107,MO,Lafayette County,4142.0,928.0,32967
29109,MO,Lawrence County,4743.0,1470.0,38689
29111,MO,Lewis County,1202.0,-76.0,9886
29113,MO,Lincoln County,6031.0,-662.0,63182
29115,MO,Linn County,1265.0,266.0,11826
29117,MO,Livingston County,1540.0,22.0,14335
29119,MO,McDonald County,2419.0,196.0,23593
29121,MO,Macon County,1647.0,116.0,15076
29123,MO,Madison County,1379.0,-146.0,12757
29125,MO,Maries County,833.0,94.0,8432
29127,MO,Marion County,3499.0,96.0,28489
29129,MO,Mercer County,323.0,-20.0,3466
29131,MO,Miller County,2610.0,272.0,25403
29133,MO,Mississippi County,1600.0,-181.0,11665
29135,MO,Moniteau County,1391.0,105.0,15260
29137,MO,Monroe County,895.0,70.0,8635
29139,MO,Montgomery County,1162.0,-54.0,11479
29141,MO,Morgan County,2666.0,938.0,21786
29143,MO,New Madrid County,1887.0,-448.0,15710
29145,MO,Newton County,6415.0,1553.0,60096
29147,MO,Nodaway County,2181.0,-890.0,20715
29149,MO,Oregon County,1070.0,258.0,8703
29151,MO,Osage County,1307.0,91.0,13398
29153,MO,Ozark County,993.0,343.0,8954
29155,MO,Pemiscot County,2289.0,898.0,14865
29157,MO,Perry County,2175.0,-301.0,18878
29159,MO,Pettis County,4651.0,-1445.0,43397
29161,MO,Phelps County,5144.0,11.0,45273
29163,MO,Pike County,2115.0,212.0,17644
29165,MO,Platte County,14008.0,8776.0,110570
29167,MO,Polk County,4164.0,340.0,32659
29169,MO,Pulaski County,5990.0,1289.0,53810
29171,MO,Putnam County,398.0,9.0,4662
29173,MO,Ralls County,1070.0,67.0,10410
29175,MO,Randolph County,2521.0,-194.0,24626
29177,MO,Ray County,2478.0,179.0,23121
29179,MO,Reynolds County,939.0,433.0,5996
29181,MO,Ripley County,1125.0,159.0,10714
29183,MO,St. Charles County,54192.0,232.0,413798
29185,MO,St. Clair County,1048.0,-44.0,9595
29186,MO,Ste. Genevieve County,1928.0,22.0,18613
29187,MO,St. Francois County,9299.0,146.0,66906
29189,MO,St. Louis County,130440.0,-1335.0,990791
29195,MO,Saline County,2503.0,68.0,23003
29197,MO,Schuyler County,435.0,119.0,4000
29199,MO,Scotland County,526.0,222.0,4647
29201,MO,Scott County,4761.0,-644.0,37868
29203,MO,Shannon County,844.0,151.0,7216
29205,MO,Shelby County,634.0,-238.0,5996
29207,MO,Stoddard County,3269.0,1030.0,28390
29209,MO,Stone County,3993.0,1595.0,32134
29211,MO,Sullivan County,688.0,89.0,5816
29213,MO,Taney County,6234.0,464.0,56749
29215,MO,Texas County,2455.0,453.0,25304
29217,MO,Vernon County,2425.0,13.0,19599
29219,MO,Warren County,4077.0,387.0,37290
29221,MO,Washington County,3285.0,844.0,23392
29223,MO,Wayne County,1513.0,490.0,10817
29225,MO,Webster County,4554.0,914.0,40366
29227,MO,Worth County,357.0,125.0,1940
29229,MO,Wright County,2502.0,888.0,19143
29510,MO,St. Louis city,36781.0,1731.0,286193
30001,MT,Beaverhead County,1166.0,334.0,9747
30003,MT,Big Horn County,1813.0,-408.0,12826
30005,MT,Blaine County,542.0,-581.0,6972
30007,MT,Broadwater County,609.0,113.0,7771
30009,MT,Carbon County,1143.0,338.0,11236
30011,MT,Carter County,143.0,63.0,1403
30013,MT,Cascade County,12346.0,16.0,85001
30015,MT,Chouteau County,651.0,136.0,5908
30017,MT,Custer County,1170.0,117.0,12000
30019,MT,Daniels County,288.0,124.0,1645
30021,MT,Dawson County,764.0,-96.0,8807
30023,MT,Deer Lodge County,1012.0,-476.0,9544
30025,MT,Fallon County,233.0,8.0,3050
30027,MT,Fergus County,1157.0,167.0,11672
30029,MT,Flathead County,11838.0,-54.0,111885
30031,MT,Gallatin County,17261.0,-27.0,124938
30033,MT,Garfield County,143.0,60.0,1218
30035,MT,Glacier County,2052.0,-88.0,13650
30037,MT,Golden Valley County,211.0,165.0,826
30039,MT,Granite County,461.0,212.0,3497
30041,MT,Hill County,2461.0,555.0,16118
30043,MT,Jefferson County,1437.0,293.0,12831
30045,MT,Judith Basin County,234.0,120.0,2079
30047,MT,Lake County,3944.0,600.0,32853
30049,MT,Lewis and Clark County,8742.0,-102.0,73784
30051,MT,Liberty County,201.0,-54.0,1974
30053,MT,Lincoln County,2789.0,891.0,21510
30055,MT,McCone County,172.0,43.0,1711
30057,MT,Madison County,1030.0,110.0,9252
30059,MT,Meagher County,205.0,-99.0,2026
30061,MT,Mineral County,363.0,-218.0,5020
30063,MT,Missoula County,16436.0,1324.0,121011
30065,MT,Musselshell County,450.0,129.0,5169
30067,MT,Park County,1793.0,-453.0,17753
30069,MT,Petroleum County,285.0,270.0,521
30071,MT,Phillips County,406.0,151.0,4228
30073,MT,Pondera County,591.0,-14.0,6092
30075,MT,Powder River County,261.0,134.0,1732
30077,MT,Powell County,697.0,-8.0,7078
30079,MT,Prairie County,245.0,150.0,1108
30081,MT,Ravalli County,4651.0,1901.0,47177
30083,MT,Richland County,1108.0,191.0,11230
30085,MT,Roosevelt County,1158.0,-383.0,10537
30087,MT,Rosebud County,799.0,-512.0,8152
30089,MT,Sanders County,1608.0,846.0,13384
30091,MT,Sheridan County,259.0,-68.0,3555
30093,MT,Silver Bow County,4426.0,1062.0,35947
30095,MT,Stillwater County,938.0,474.0,9169
30097,MT,Sweet Grass County,363.0,71.0,3727
30099,MT,Teton County,490.0,-85.0,6346
30101,MT,Toole County,469.0,90.0,5077
30103,MT,Treasure County,171.0,139.0,754
30105,MT,Valley County,684.0,-1.0,7542
30107,MT,Wheatland County,273.0,96.0,2038
30109,MT,Wibaux County,235.0,169.0,927
30111,MT,Yellowstone County,18938.0,919.0,169870
31001,NE,Adams County,3483.0,625.0,30947
31003,NE,Antelope County,444.0,27.0,6305
31005,NE,Arthur County,63.0,58.0,425
31007,NE,Banner County,58.0,28.0,657
31009,NE,Blaine County,196.0,174.0,452
31011,NE,Boone County,464.0,61.0,5366
31013,NE,Box Butte County,1008.0,249.0,10683
31015,NE,Boyd County,217.0,55.0,1730
31017,NE,Brown County,154.0,-80.0,2883
31019,NE,Buffalo County,5195.0,232.0,50532
31021,NE,Burt County,587.0,36.0,6770
31023,NE,Butler County,780.0,-90.0,8443
31025,NE,Cass County,3024.0,228.0,27152
31027,NE,Cedar County,697.0,109.0,8366
31029,NE,Chase County,317.0,82.0,3754
31031,NE,Cherry County,345.0,187.0,5485
31033,NE,Cheyenne County,973.0,137.0,9526
31035,NE,Clay County,532.0,-38.0,6049
31037,NE,Colfax County,954.0,89.0,10453
31039,NE,Cuming County,868.0,295.0,8953
31041,NE,Custer County,1110.0,382.0,10504
31043,NE,Dakota County,2287.0,-378.0,21116
31045,NE,Dawes County,660.0,316.0,8252
31047,NE,Dawson County,2347.0,780.0,23905
31049,NE,Deuel County,173.0,78.0,1901
31051,NE,Dixon County,508.0,4.0,5516
31053,NE,Dodge County,4651.0,250.0,37045
31055,NE,Douglas County,66973.0,-8018.0,586106
31057,NE,Dundy County,172.0,53.0,1595
31059,NE,Fillmore County,412.0,-81.0,5541
31061,NE,Franklin County,172.0,35.0,2850
31063,NE,Frontier County,150.0,-11.0,2611
31065,NE,Furnas County,340.0,-117.0,4570
31067,NE,Gage County,2134.0,517.0,21564
31069,NE,Garden County,176.0,-24.0,1835
31071,NE,Garfield County,206.0,52.0,1787
31073,NE,Gosper County,202.0,50.0,1835
31075,NE,Grant County,125.0,102.0,584
31077,NE,Greeley County,233.0,90.0,2235
31079,NE,Hall County,7395.0,-271.0,62096
31081,NE,Hamilton County,901.0,-257.0,9439
31083,NE,Harlan County,287.0,235.0,3032
31085,NE,Hayes County,225.0,210.0,864
31087,NE,Hitchcock County,154.0,-30.0,2614
31089,NE,Holt County,1062.0,136.0,10013
31091,NE,Hooker County,306.0,278.0,682
31093,NE,Howard County,601.0,157.0,6509
31095,NE,Jefferson County,624.0,208.0,7140
31097,NE,Johnson County,617.0,461.0,5245
31099,NE,Kearney County,487.0,82.0,6706
31101,NE,Keith County,764.0,150.0,8179
31103,NE,Keya Paha County,158.0,124.0,805
31105,NE,Kimball County,192.0,-16.0,3336
31107,NE,Knox County,723.0,96.0,8307
31109,NE,Lancaster County,41769.0,-111.0,324434
31111,NE,Lincoln County,3905.0,-252.0,33614
31113,NE,Logan County,184.0,140.0,685
31115,NE,Loup County,171.0,150.0,601
31117,NE,McPherson County,53.0,33.0,379
31119,NE,Madison County,4067.0,-238.0,35414
31121,NE,Merrick County,609.0,-117.0,7715
31123,NE,Morrill County,500.0,109.0,4522
31125,NE,Nance County,199.0,-65.0,3317
31127,NE,Nemaha County,583.0,140.0,7036
31129,NE,Nuckolls County,446.0,88.0,4069
31131,NE,Otoe County,1500.0,145.0,16186
31133,NE,Pawnee County,285.0,110.0,2531
31135,NE,Perkins County,178.0,26.0,2827
31137,NE,Phelps County,740.0,-230.0,8988
31139,NE,Pierce County,590.0,86.0,7317
31141,NE,Platte County,3855.0,217.0,34355
31143,NE,Polk County,452.0,5.0,5240
31145,NE,Red Willow County,1058.0,351.0,10528
31147,NE,Richardson County,770.0,-156.0,7730
31149,NE,Rock County,242.0,211.0,1241
31151,NE,Saline County,2052.0,522.0,14548
31153,NE,Sarpy County,23493.0,-248.0,196427
31155,NE,Saunders County,2532.0,782.0,23177
31157,NE,Scotts Bluff County,4165.0,376.0,35769
31159,NE,Seward County,1740.0,648.0,17625
31161,NE,Sheridan County,394.0,152.0,5006
31163,NE,Sherman County,254.0,33.0,3006
31165,NE,Sioux County,148.0,127.0,1127
31167,NE,Stanton County,458.0,277.0,5765
31169,NE,Thayer County,421.0,-48.0,4854
31171,NE,Thomas County,157.0,128.0,665
31173,NE,Thurston County,619.0,-287.0,6555
31175,NE,Valley County,285.0,6.0,4058
31177,NE,Washington County,1877.0,-137.0,21167
31179,NE,Wayne County,1004.0,310.0,9899
31181,NE,Webster County,282.0,14.0,3339
31183,NE,Wheeler County,207.0,162.0,782
31185,NE,York County,1374.0,-535.0,14312
32001,NV,Churchill County,2591.0,-477.0,25798
32003,NV,Clark County,342431.0,59259.0,2322535
32005,NV,Douglas County,4636.0,1279.0,49662
32007,NV,Elko County,3916.0,909.0,53979
32009,NV,Esmeralda County,169.0,108.0,747
32011,NV,Eureka County,179.0,243.0,1863
32013,NV,Humboldt County,1442.0,1944.0,17296
32015,NV,Lander County,595.0,144.0,5761
32017,NV,Lincoln County,518.0,581.0,4440
32019,NV,Lyon County,5445.0,997.0,61628
32021,NV,Mineral County,667.0,-146.0,4537
32023,NV,Nye County,8988.0,5244.0,54769
32027,NV,Pershing County,642.0,-484.0,6450
32029,NV,Storey County,449.0,502.0,4165
32031,NV,Washoe County,55288.0,1429.0,496980
32033,NV,White Pine County,739.0,442.0,8746
32510,NV,Carson City,7151.0,-202.0,58065
33001,NH,Belknap County,7549.0,-49.0,64705
33003,NH,Carroll County,5732.0,-34.0,52154
33005,NH,Cheshire County,8973.0,-199.0,77463
33007,NH,Coos County,3952.0,466.0,31476
33009,NH,Grafton County,12787.0,-411.0,93131
33011,NH,Hillsborough County,53734.0,693.0,427493
33013,NH,Merrimack County,18335.0,58.0,156459
33015,NH,Rockingham County,38014.0,293.0,319633
33017,NH,Strafford County,16832.0,26.0,132571
33019,NH,Sullivan County,5554.0,153.0,43918
34001,NJ,Atlantic County,33136.0,-5205.0,275382
34003,NJ,Bergen County,150221.0,-1405.0,953540
34005,NJ,Burlington County,60712.0,-2462.0,466101
34007,NJ,Camden County,74203.0,-583.0,524649
34009,NJ,Cape May County,13301.0,1227.0,95405
34011,NJ,Cumberland County,22933.0,-638.0,151347
34013,NJ,Essex County,125717.0,841.0,849724
34015,NJ,Gloucester County,37688.0,-227.0,306767
34017,NJ,Hudson County,106402.0,195.0,702381
34019,NJ,Hunterdon County,17211.0,492.0,129805
34021,NJ,Mercer County,52673.0,-1134.0,380779
34023,NJ,Middlesex County,126735.0,1143.0,861094
34025,NJ,Monmouth County,72523.0,-19894.0,644228
34027,NJ,Morris County,71308.0,-6699.0,511219
34029,NJ,Ocean County,85489.0,-34.0,655663
34031,NJ,Passaic County,78684.0,-67.0,513634
34033,NJ,Salem County,7870.0,553.0,65157
34035,NJ,Somerset County,45634.0,-10.0,347047
34037,NJ,Sussex County,19244.0,-205.0,145575
34039,NJ,Union County,82206.0,278.0,570417
34041,NJ,Warren County,13563.0,-227.0,110903
35001,NM,Bernalillo County,95600.0,372.0,672957
35003,NM,Catron County,444.0,213.0,3793
35005,NM,Chaves County,10356.0,1251.0,63892
35006,NM,Cibola County,4519.0,-319.0,26871
35007,NM,Colfax County,1253.0,193.0,12272
35009,NM,Curry County,5660.0,-338.0,47430
35011,NM,De Baca County,70.0,-266.0,1692
35013,NM,Doña Ana County,34650.0,-202.0,223530
35015,NM,Eddy County,6453.0,-2.0,60203
35017,NM,Grant County,4299.0,-981.0,27693
35019,NM,Guadalupe County,709.0,-35.0,4316
35021,NM,Harding County,327.0,284.0,621
35023,NM,Hidalgo County,567.0,-38.0,4011
35025,NM,Lea County,8484.0,753.0,72343
35027,NM,Lincoln County,2817.0,60.0,20343
35028,NM,Los Alamos County,4315.0,807.0,19273
35029,NM,Luna County,3767.0,768.0,25693
35031,NM,McKinley County,12267.0,-2634.0,69931
35033,NM,Mora County,512.0,5.0,4147
35035,NM,Otero County,8538.0,493.0,68517
35037,NM,Quay County,1307.0,387.0,8529
35039,NM,Rio Arriba County,6373.0,-416.0,39991
35041,NM,Roosevelt County,2722.0,176.0,18858
35043,NM,Sandoval County,22490.0,-513.0,153597
35045,NM,San Juan County,15562.0,-7710.0,120569
35047,NM,San Miguel County,4141.0,29.0,26902
35049,NM,Santa Fe County,21680.0,-1045.0,155761
35051,NM,Sierra County,1307.0,336.0,11474
35053,NM,Socorro County,2580.0,477.0,16111
35055,NM,Taos County,3939.0,22.0,34590
35057,NM,Torrance County,2238.0,766.0,15383
35059,NM,Union County,473.0,75.0,3982
35061,NM,Valencia County,10768.0,-334.0,78201
36001,NY,Albany County,37729.0,2575.0,315921
36003,NY,Allegany County,6312.0,2760.0,46726
36007,NY,Broome County,23677.0,241.0,197258
36009,NY,Cattaraugus County,11322.0,4004.0,76050
36011,NY,Cayuga County,9644.0,1274.0,74679
36013,NY,Chautauqua County,17236.0,6309.0,125344
36015,NY,Chemung County,11844.0,916.0,81641
36017,NY,Chenango County,5650.0,821.0,46331
36019,NY,Clinton County,10761.0,-1150.0,78037
36021,NY,Columbia County,7119.0,815.0,61108
36023,NY,Cortland County,5641.0,-24.0,46081
36025,NY,Delaware County,5178.0,842.0,44774
36027,NY,Dutchess County,36030.0,16.0,297609
36029,NY,Erie County,111395.0,-684.0,948423
36031,NY,Essex County,4322.0,613.0,36763
36033,NY,Franklin County,5368.0,17.0,46393
36035,NY,Fulton County,6615.0,-502.0,52256
36037,NY,Genesee County,6169.0,163.0,57398
36039,NY,Greene County,5222.0,818.0,47345
36041,NY,Hamilton County,773.0,324.0,5121
36043,NY,Herkimer County,6689.0,-134.0,59584
36045,NY,Jefferson County,13481.0,569.0,115461
36049,NY,Lewis County,3346.0,952.0,26595
36051,NY,Livingston County,6212.0,715.0,61340
36053,NY,Madison County,8009.0,779.0,67054
36055,NY,Monroe County,92954.0,20383.0,750887
36057,NY,Montgomery County,5849.0,-395.0,49333
36059,NY,Nassau County,228858.0,-5034.0,1385294
36063,NY,Niagara County,24372.0,871.0,210467
36065,NY,Oneida County,27532.0,-164.0,228358
36067,NY,Onondaga County,67409.0,26.0,469728
36069,NY,Ontario County,11584.0,340.0,112481
36071,NY,Orange County,57275.0,-420.0,406491
36073,NY,Orleans County,4209.0,420.0,39163
36075,NY,Oswego County,16431.0,152.0,118239
36077,NY,Otsego County,7238.0,967.0,60409
36079,NY,Putnam County,12937.0,-538.0,98312
36083,NY,Rensselaer County,20781.0,1385.0,159421
36087,NY,Rockland County,47733.0,30.0,340357
36089,NY,St. Lawrence County,12056.0,1520.0,107089
36091,NY,Saratoga County,27940.0,-800.0,238468
36093,NY,Schenectady County,19825.0,72.0,159694
36095,NY,Schoharie County,3501.0,523.0,30091
36097,NY,Schuyler County,2254.0,408.0,17609
36099,NY,Seneca County,3290.0,-169.0,32586
36101,NY,Steuben County,13003.0,2886.0,92505
36103,NY,Suffolk County,227031.0,-885.0,1527974
36105,NY,Sullivan County,10913.0,-400.0,79735
36107,NY,Tioga County,6657.0,625.0,47766
36109,NY,Tompkins County,13996.0,-262.0,104299
36111,NY,Ulster County,20328.0,1066.0,182320
36113,NY,Warren County,7503.0,-1739.0,65427
36115,NY,Washington County,5823.0,-1165.0,60810
36117,NY,Wayne County,9904.0,939.0,90958
36119,NY,Westchester County,139256.0,-533.0,991736
36121,NY,Wyoming County,4032.0,557.0,39601
36123,NY,Yates County,2601.0,666.0,24502
37001,NC,Alamance County,27866.0,-493.0,176618
37003,NC,Alexander County,5074.0,29.0,36316
37005,NC,Alleghany County,1461.0,-27.0,11193
37007,NC,Anson County,3416.0,-345.0,21958
37009,NC,Ashe County,3504.0,264.0,27062
37011,NC,Avery County,1662.0,-578.0,17541
37013,NC,Beaufort County,6771.0,-760.0,44400
37015,NC,Bertie County,2595.0,95.0,17068
37017,NC,Bladen County,4703.0,-695.0,29391
37019,NC,Brunswick County,20269.0,-247.0,152908
37021,NC,Buncombe County,35207.0,450.0,273790
37023,NC,Burke County,12686.0,-874.0,87972
37025,NC,Cabarrus County,30412.0,-697.0,235909
37027,NC,Caldwell County,13493.0,-90.0,80347
37029,NC,Camden County,1085.0,290.0,11090
37031,NC,Carteret County,9205.0,709.0,69326
37033,NC,Caswell County,2631.0,-182.0,22431
37035,NC,Catawba County,25687.0,-745.0,163167
37037,NC,Chatham County,9540.0,249.0,79939
37039,NC,Cherokee County,3695.0,229.0,29459
37041,NC,Chowan County,1904.0,-433.0,13898
37043,NC,Clay County,1245.0,-215.0,11615
37045,NC,Cleveland County,14085.0,-1044.0,100653
37047,NC,Columbus County,7809.0,44.0,50075
37049,NC,Craven County,15991.0,816.0,101087
37051,NC,Cumberland County,56951.0,-707.0,336781
37053,NC,Currituck County,3087.0,320.0,31008
37055,NC,Dare County,4358.0,-454.0,37987
37057,NC,Davidson County,26347.0,2440.0,172380
37059,NC,Davie County,6055.0,-413.0,44115
37061,NC,Duplin County,7088.0,-2120.0,48934
37063,NC,Durham County,57686.0,58.0,333292
37065,NC,Edgecombe County,8058.0,58.0,48389
37067,NC,Forsyth County,58734.0,-221.0,389661
37069,NC,Franklin County,12410.0,-1534.0,74400
37071,NC,Gaston County,24571.0,-8529.0,233970
37073,NC,Gates County,1289.0,223.0,10370
37075,NC,Graham County,677.0,-687.0,8032
37077,NC,Granville County,6371.0,-2922.0,61702
37079,NC,Greene County,2897.0,-306.0,20367
37081,NC,Guilford County,71146.0,-3843.0,546457
37083,NC,Halifax County,8914.0,-183.0,47711
37085,NC,Harnett County,20134.0,-271.0,138478
37087,NC,Haywood County,8265.0,280.0,62615
37089,NC,Henderson County,13944.0,88.0,118298
37091,NC,Hertford County,2979.0,2.0,19634
37093,NC,Hoke County,5986.0,-4412.0,53691
37095,NC,Hyde County,571.0,-178.0,4656
37097,NC,Iredell County,26467.0,866.0,195874
37099,NC,Jackson County,5584.0,233.0,43922
37101,NC,Johnston County,34148.0,-1611.0,234902
37103,NC,Jones County,1007.0,-305.0,9219
37105,NC,Lee County,8561.0,-513.0,65543
37107,NC,Lenoir County,8646.0,-238.0,54499
37109,NC,Lincoln County,11957.0,27.0,93108
37111,NC,McDowell County,6246.0,-1092.0,44755
37113,NC,Macon County,4368.0,327.0,37969
37115,NC,Madison County,2686.0,-240.0,21881
37117,NC,Martin County,3068.0,-454.0,21478
37119,NC,Mecklenburg County,170638.0,-534.0,1144075
37121,NC,Mitchell County,1992.0,-177.0,15048
37123,NC,Montgomery County,3263.0,-395.0,25841
37125,NC,Moore County,12003.0,-2988.0,105491
37127,NC,Nash County,14288.0,-90.0,95820
37129,NC,New Hanover County,30866.0,759.0,235784
37131,NC,Northampton County,2432.0,-354.0,16827
37133,NC,Onslow County,29789.0,-1223.0,209031
37135,NC,Orange County,23422.0,-125.0,150253
37137,NC,Pamlico County,1291.0,-188.0,12234
37139,NC,Pasquotank County,4767.0,469.0,41168
37141,NC,Pender County,7872.0,-311.0,65698
37143,NC,Perquimans County,1785.0,240.0,13221
37145,NC,Person County,4875.0,-937.0,39343
37147,NC,Pitt County,27040.0,-4622.0,173610
37149,NC,Polk County,2227.0,1.0,20012
37151,NC,Randolph County,17616.0,-253.0,146196
37153,NC,Richmond County,6339.0,-1424.0,42573
37155,NC,Robeson County,20405.0,-2424.0,116466
37157,NC,Rockingham County,12174.0,88.0,91966
37159,NC,Rowan County,20782.0,426.0,149673
37161,NC,Rutherford County,8012.0,-485.0,64945
37163,NC,Sampson County,8474.0,-1833.0,59027
37165,NC,Scotland County,6096.0,212.0,34350
37167,NC,Stanly County,8306.0,-1624.0,64231
37169,NC,Stokes County,6311.0,-630.0,45136
37171,NC,Surry County,13005.0,587.0,71482
37173,NC,Swain County,1707.0,-714.0,13936
37175,NC,Transylvania County,3482.0,6.0,33373
37177,NC,Tyrrell County,628.0,82.0,3473
37179,NC,Union County,34229.0,-120.0,249172
37181,NC,Vance County,6504.0,-533.0,42154
37183,NC,Wake County,214666.0,-6850.0,1170778
37185,NC,Warren County,2959.0,202.0,18677
37187,NC,Washington County,1500.0,-458.0,10776
37189,NC,Watauga County,7023.0,63.0,55013
37191,NC,Wayne County,20006.0,-988.0,117449
37193,NC,Wilkes County,10021.0,194.0,65791
37195,NC,Wilson County,11939.0,-180.0,78306
37197,NC,Yadkin County,5303.0,-1635.0,37507
37199,NC,Yancey County,2908.0,214.0,18768
38001,ND,Adams County,253.0,45.0,2133
38003,ND,Barnes County,1048.0,-239.0,10761
38005,ND,Benson County,748.0,-19.0,5772
38007,ND,Billings County,168.0,122.0,1025
38009,ND,Bottineau County,650.0,3.0,6384
38011,ND,Bowman County,338.0,101.0,2899
38013,ND,Burke County,197.0,75.0,2132
38015,ND,Burleigh County,13070.0,-1636.0,99396
38017,ND,Cass County,29486.0,-233.0,192713
38019,ND,Cavalier County,300.0,-53.0,3608
38021,ND,Dickey County,217.0,-331.0,4928
38023,ND,Divide County,270.0,40.0,2169
38025,ND,Dunn County,291.0,-12.0,3994
38027,ND,Eddy County,240.0,-23.0,2307
38029,ND,Emmons County,343.0,123.0,3254
38031,ND,Foster County,287.0,-108.0,3380
38033,ND,Golden Valley County,161.0,45.0,1746
38035,ND,Grand Forks County,9661.0,-1398.0,72421
38037,ND,Grant County,202.0,46.0,2238
38039,ND,Griggs County,260.0,53.0,2249
38041,ND,Hettinger County,188.0,-198.0,2411
38043,ND,Kidder County,282.0,102.0,2381
38045,ND,LaMoure County,446.0,78.0,4076
38047,ND,Logan County,151.0,-38.0,1838
38049,ND,McHenry County,564.0,80.0,5195
38051,ND,McIntosh County,310.0,5.0,2495
38053,ND,McKenzie County,1405.0,489.0,13889
38055,ND,McLean County,1025.0,129.0,9858
38057,ND,Mercer County,634.0,-317.0,8327
38059,ND,Morton County,3652.0,-770.0,33705
38061,ND,Mountrail County,1354.0,-152.0,9241
38063,ND,Nelson County,284.0,14.0,2999
38065,ND,Oliver County,319.0,206.0,1862
38067,ND,Pembina County,737.0,-63.0,6745
38069,ND,Pierce County,322.0,-51.0,3931
38071,ND,Ramsey County,1230.0,-348.0,11516
38073,ND,Ransom County,501.0,-272.0,5647
38075,ND,Renville County,341.0,148.0,2250
38077,ND,Richland County,1343.0,-317.0,16574
38079,ND,Rolette County,1631.0,-2297.0,11867
38081,ND,Sargent County,455.0,-15.0,3804
38083,ND,Sheridan County,257.0,169.0,1286
38085,ND,Sioux County,591.0,-32.0,3686
38087,ND,Slope County,202.0,186.0,682
38089,ND,Stark County,4015.0,-384.0,32718
38091,ND,Steele County,169.0,46.0,1793
38093,ND,Stutsman County,1870.0,-1029.0,21476
38095,ND,Towner County,328.0,74.0,2060
38097,ND,Traill County,644.0,-117.0,7955
38099,ND,Walsh County,1120.0,-264.0,10460
38101,ND,Ward County,9175.0,863.0,68788
38103,ND,Wells County,294.0,-64.0,3922
38105,ND,Williams County,4278.0,428.0,37966
39001,OH,Adams County,4691.0,1071.0,27459
39003,OH,Allen County,11851.0,-159.0,101097
39005,OH,Ashland County,5724.0,368.0,52024
39007,OH,Ashtabula County,12571.0,2896.0,96960
39009,OH,Athens County,9220.0,-967.0,60881
39011,OH,Auglaize County,5049.0,-58.0,45946
39013,OH,Belmont County,7889.0,600.0,65495
39015,OH,Brown County,5906.0,255.0,43700
39017,OH,Butler County,49187.0,31.0,389728
39019,OH,Carroll County,3122.0,1153.0,26686
39021,OH,Champaign County,4127.0,163.0,38743
39023,OH,Clark County,16981.0,-311.0,134732
39025,OH,Clermont County,28109.0,150.0,210679
39027,OH,Clinton County,4618.0,-563.0,41890
39029,OH,Columbiana County,10902.0,831.0,100569
39031,OH,Coshocton County,4617.0,906.0,36615
39033,OH,Crawford County,5056.0,-384.0,41509
39035,OH,Cuyahoga County,113326.0,1313.0,1236994
39037,OH,Darke County,5348.0,-38.0,51526
39039,OH,Defiance County,4325.0,208.0,38128
39041,OH,Delaware County,23930.0,497.0,226526
39043,OH,Erie County,9264.0,-106.0,74514
39045,OH,Fairfield County,18511.0,114.0,162956
39047,OH,Fayette County,3434.0,-139.0,28832
39049,OH,Franklin County,153979.0,4926.0,1321730
39051,OH,Fulton County,3855.0,-343.0,42158
39053,OH,Gallia County,4863.0,-6.0,29030
39055,OH,Geauga County,8750.0,2277.0,95491
39057,OH,Greene County,20136.0,-47.0,169027
39059,OH,Guernsey County,4674.0,-831.0,38060
39061,OH,Hamilton County,100127.0,91.0,824721
39063,OH,Hancock County,8085.0,193.0,74774
39065,OH,Hardin County,3712.0,599.0,30391
39067,OH,Harrison County,1806.0,194.0,14351
39069,OH,Henry County,3296.0,469.0,27526
39071,OH,Highland County,5061.0,-414.0,43426
39073,OH,Hocking County,3804.0,89.0,27818
39075,OH,Holmes County,2671.0,1250.0,44375
39077,OH,Huron County,5897.0,-438.0,58219
39079,OH,Jackson County,4534.0,-505.0,32611
39081,OH,Jefferson County,7550.0,23.0,64273
39083,OH,Knox County,7047.0,716.0,63196
39085,OH,Lake County,18845.0,-277.0,231736
39087,OH,Lawrence County,7089.0,-4422.0,56572
39089,OH,Licking County,20498.0,-2.0,181765
39091,OH,Logan County,4980.0,307.0,46062
39093,OH,Lorain County,34116.0,1150.0,316031
39095,OH,Lucas County,59528.0,8287.0,426719
39097,OH,Madison County,4510.0,350.0,43581
39099,OH,Mahoning County,25290.0,1193.0,225922
39101,OH,Marion County,6439.0,-2564.0,64609
39103,OH,Medina County,18738.0,1264.0,183489
39105,OH,Meigs County,3219.0,399.0,21961
39107,OH,Mercer County,3650.0,-21.0,42424
39109,OH,Miami County,11959.0,290.0,110213
39111,OH,Monroe County,1562.0,70.0,13215
39113,OH,Montgomery County,61353.0,-6299.0,533474
39115,OH,Morgan County,1794.0,149.0,13669
39117,OH,Morrow County,3700.0,358.0,35336
39119,OH,Muskingum County,12910.0,514.0,86114
39121,OH,Noble County,1575.0,164.0,14325
39123,OH,Ottawa County,4661.0,614.0,39968
39125,OH,Paulding County,2194.0,309.0,18762
39127,OH,Perry County,4027.0,114.0,35471
39129,OH,Pickaway County,7022.0,-385.0,60007
39131,OH,Pike County,4628.0,10.0,27012
39133,OH,Portage County,16985.0,1235.0,161742
39135,OH,Preble County,4299.0,63.0,40574
39137,OH,Putnam County,3210.0,315.0,34330
39139,OH,Richland County,14445.0,59.0,125261
39141,OH,Ross County,10637.0,-512.0,76508
39143,OH,Sandusky County,6205.0,-247.0,58567
39145,OH,Scioto County,12499.0,-402.0,72189
39147,OH,Seneca County,6462.0,1003.0,54534
39149,OH,Shelby County,6268.0,1447.0,47684
39151,OH,Stark County,33071.0,702.0,372785
39153,OH,Summit County,52968.0,4605.0,535769
39155,OH,Trumbull County,19891.0,488.0,200726
39157,OH,Tuscarawas County,11873.0,3414.0,91971
39159,OH,Union County,8445.0,-127.0,66876
39161,OH,Van Wert County,3184.0,257.0,28804
39163,OH,Vinton County,1678.0,158.0,12577
39165,OH,Warren County,30648.0,502.0,249735
39167,OH,Washington County,7334.0,1615.0,58868
39169,OH,Wayne County,11788.0,1823.0,116552
39171,OH,Williams County,4949.0,494.0,36648
39173,OH,Wood County,15523.0,536.0,131642
39175,OH,Wyandot County,2326.0,33.0,21552
40001,OK,Adair County,3413.0,-968.0,19516
40003,OK,Alfalfa County,595.0,165.0,5689
40005,OK,Atoka County,1860.0,77.0,14327
40007,OK,Beaver County,437.0,-33.0,5019
40009,OK,Beckham County,2688.0,-112.0,21976
40011,OK,Blaine County,927.0,-215.0,8445
40013,OK,Bryan County,6910.0,-368.0,48038
40015,OK,Caddo County,3783.0,-329.0,26237
40017,OK,Canadian County,21112.0,-566.0,169254
40019,OK,Carter County,7986.0,-796.0,48336
40021,OK,Cherokee County,6960.0,-650.0,48074
40023,OK,Choctaw County,2409.0,369.0,14407
40025,OK,Cimarron County,319.0,51.0,2233
40027,OK,Cleveland County,45324.0,-4896.0,299484
40029,OK,Coal County,658.0,-268.0,5291
40031,OK,Comanche County,15772.0,-375.0,122225
40033,OK,Cotton County,748.0,141.0,5449
40035,OK,Craig County,1947.0,-556.0,14176
40037,OK,Creek County,9284.0,-442.0,72686
40039,OK,Custer County,3703.0,0.0,28039
40041,OK,Delaware County,6259.0,903.0,41480
40043,OK,Dewey County,421.0,-16.0,4404
40045,OK,Ellis County,374.0,-75.0,3683
40047,OK,Garfield County,7237.0,570.0,61951
40049,OK,Garvin County,3471.0,330.0,25771
40051,OK,Grady County,7763.0,305.0,56648
40053,OK,Grant County,376.0,-127.0,4122
40055,OK,Greer County,697.0,-5.0,5546
40057,OK,Harmon County,250.0,-165.0,2416
40059,OK,Harper County,414.0,143.0,3165
40061,OK,Haskell County,1522.0,196.0,11667
40063,OK,Hughes County,1979.0,799.0,13434
40065,OK,Jackson County,3331.0,-245.0,24659
40067,OK,Jefferson County,811.0,268.0,5408
40069,OK,Johnston County,1266.0,-464.0,10346
40071,OK,Kay County,5146.0,-1639.0,43738
40073,OK,Kingfisher County,1690.0,-288.0,15228
40075,OK,Kiowa County,993.0,-90.0,8480
40077,OK,Latimer County,1297.0,293.0,9556
40079,OK,Le Flore County,6664.0,311.0,49002
40081,OK,Lincoln County,4243.0,-66.0,34134
40083,OK,Logan County,6204.0,-322.0,51924
40085,OK,Love County,1117.0,-623.0,10174
40087,OK,McClain County,5208.0,-876.0,45410
40089,OK,McCurtain County,4481.0,924.0,30773
40091,OK,McIntosh County,2966.0,440.0,19403
40093,OK,Major County,730.0,-374.0,7536
40095,OK,Marshall County,1705.0,-801.0,15921
40097,OK,Mayes County,5242.0,-135.0,39570
40099,OK,Murray County,1742.0,-562.0,13681
40101,OK,Muskogee County,9436.0,-50.0,66307
40103,OK,Noble County,1130.0,-381.0,10845
40105,OK,Nowata County,952.0,-259.0,9413
40107,OK,Okfuskee County,1465.0,-170.0,11227
40109,OK,Oklahoma County,108134.0,-318.0,803103
40111,OK,Okmulgee County,5599.0,810.0,37011
40113,OK,Osage County,5568.0,-227.0,45852
40115,OK,Ottawa County,3986.0,-660.0,30329
40117,OK,Pawnee County,1852.0,-164.0,15681
40119,OK,Payne County,9497.0,-163.0,82701
40121,OK,Pittsburg County,6365.0,212.0,43476
40123,OK,Pontotoc County,4448.0,-3849.0,38032
40125,OK,Pottawatomie County,10815.0,-1612.0,73351
40127,OK,Pushmataha County,1398.0,117.0,10709
40129,OK,Roger Mills County,295.0,-91.0,3337
40131,OK,Rogers County,11976.0,-1369.0,99060
40133,OK,Seminole County,2900.0,-382.0,23464
40135,OK,Sequoyah County,6076.0,551.0,39801
40137,OK,Stephens County,5105.0,324.0,43616
40139,OK,Texas County,2253.0,62.0,20505
40141,OK,Tillman County,954.0,249.0,6971
40143,OK,Tulsa County,101399.0,12303.0,677061
40145,OK,Wagoner County,11825.0,-819.0,86697
40147,OK,Washington County,7122.0,1001.0,53238
40149,OK,Washita County,1323.0,-108.0,10736
40151,OK,Woods County,992.0,95.0,8602
40153,OK,Woodward County,2237.0,374.0,20015
41001,OR,Baker County,2113.0,657.0,16937
41003,OR,Benton County,14592.0,-99.0,97661
41005,OR,Clackamas County,46950.0,36.0,423118
41007,OR,Clatsop County,3716.0,445.0,41652
41009,OR,Columbia County,5488.0,263.0,53607
41011,OR,Coos County,8078.0,-92.0,64923
41013,OR,Crook County,3089.0,-1007.0,26377
41015,OR,Curry County,2458.0,-24.0,23613
41017,OR,Deschutes County,33204.0,-1147.0,206483
41019,OR,Douglas County,11828.0,569.0,112290
41021,OR,Gilliam County,207.0,86.0,2008
41023,OR,Grant County,717.0,-319.0,7225
41025,OR,Harney County,935.0,248.0,7532
41027,OR,Hood River County,2106.0,-144.0,24035
41029,OR,Jackson County,26663.0,-128.0,221669
41031,OR,Jefferson County,2967.0,-1501.0,25324
41033,OR,Josephine County,9788.0,308.0,87800
41035,OR,Klamath County,8377.0,258.0,70190
41037,OR,Lake County,906.0,344.0,8373
41039,OR,Lane County,55622.0,10670.0,382181
41041,OR,Lincoln County,6251.0,1159.0,50752
41043,OR,Linn County,16967.0,384.0,130622
41045,OR,Malheur County,3822.0,397.0,31858
41047,OR,Marion County,45257.0,1466.0,346719
41049,OR,Morrow County,1114.0,-155.0,12292
41051,OR,Multnomah County,102551.0,1089.0,794563
41053,OR,Polk County,10829.0,-280.0,89593
41055,OR,Sherman County,286.0,102.0,1947
41057,OR,Tillamook County,2979.0,463.0,27521
41059,OR,Umatilla County,8711.0,-1520.0,80261
41061,OR,Union County,2844.0,611.0,26165
41063,OR,Wallowa County,881.0,123.0,7650
41065,OR,Wasco County,2965.0,-296.0,26555
41067,OR,Washington County,91346.0,17485.0,600086
41069,OR,Wheeler County,165.0,1.0,1435
41071,OR,Yamhill County,14232.0,2516.0,108362
42001,PA,Adams County,11897.0,-160.0,105959
42003,PA,Allegheny County,151394.0,72.0,1232605
42005,PA,Armstrong County,6469.0,515.0,64704
42007,PA,Beaver County,19248.0,1171.0,165737
42009,PA,Bedford County,4645.0,852.0,47421
42011,PA,Berks County,45731.0,185.0,431573
42013,PA,Blair County,11905.0,661.0,120734
42015,PA,Bradford County,8576.0,-553.0,59854
42017,PA,Bucks County,58220.0,-77.0,645557
42019,PA,Butler County,20848.0,315.0,197368
42021,PA,Cambria County,16319.0,-199.0,131429
42023,PA,Cameron County,540.0,203.0,4406
42025,PA,Carbon County,7397.0,-153.0,65493
42027,PA,Centre County,16490.0,46.0,157533
42029,PA,Chester County,49491.0,3063.0,546638
42031,PA,Clarion County,4620.0,1498.0,37227
42033,PA,Clearfield County,8893.0,-80.0,77824
42035,PA,Clinton County,3990.0,-26.0,37776
42037,PA,Columbia County,10369.0,2587.0,65289
42039,PA,Crawford County,9099.0,318.0,82405
42041,PA,Cumberland County,32263.0,8039.0,268532
42043,PA,Dauphin County,32369.0,6186.0,288687
42045,PA,Delaware County,58733.0,2776.0,575873
42047,PA,Elk County,3392.0,408.0,30467
42049,PA,Erie County,27553.0,-644.0,268840
42051,PA,Fayette County,17721.0,2766.0,125368
42053,PA,Forest County,823.0,172.0,6603
42055,PA,Franklin County,19027.0,-949.0,156951
42057,PA,Fulton County,1674.0,-132.0,14554
42059,PA,Greene County,4407.0,424.0,34529
42061,PA,Huntingdon County,4789.0,-213.0,43297
42063,PA,Indiana County,9136.0,456.0,83064
42065,PA,Jefferson County,5484.0,1539.0,43731
42067,PA,Juniata County,2718.0,923.0,23281
42069,PA,Lackawanna County,25443.0,-1014.0,215750
42071,PA,Lancaster County,68737.0,15995.0,556660
42073,PA,Lawrence County,7875.0,-79.0,84812
42075,PA,Lebanon County,16823.0,398.0,143902
42077,PA,Lehigh County,43985.0,284.0,376274
42079,PA,Luzerne County,31006.0,-6191.0,326496
42081,PA,Lycoming County,13699.0,1544.0,113034
42083,PA,McKean County,4534.0,1295.0,39819
42085,PA,Mercer County,14174.0,4899.0,109137
42087,PA,Mifflin County,5505.0,82.0,45984
42089,PA,Monroe County,19587.0,-501.0,167451
42091,PA,Montgomery County,82002.0,569.0,865044
42093,PA,Montour County,2502.0,87.0,18054
42095,PA,Northampton County,37967.0,386.0,317900
42097,PA,Northumberland County,11007.0,485.0,90123
42099,PA,Perry County,4180.0,869.0,46113
42101,PA,Philadelphia County,150896.0,-716.0,1566836
42103,PA,Pike County,6571.0,900.0,60576
42105,PA,Potter County,1784.0,583.0,16206
42107,PA,Schuylkill County,16353.0,1464.0,143188
42109,PA,Snyder County,4144.0,940.0,39506
42111,PA,Somerset County,7662.0,24.0,72629
42113,PA,Sullivan County,764.0,224.0,5845
42115,PA,Susquehanna County,3984.0,16.0,38139
42117,PA,Tioga County,4312.0,573.0,40967
42119,PA,Union County,4104.0,-188.0,42690
42121,PA,Venango County,5432.0,926.0,49734
42123,PA,Warren County,4217.0,436.0,37818
42125,PA,Washington County,26421.0,-23.0,209940
42127,PA,Wayne County,5459.0,296.0,51084
42129,PA,Westmoreland County,36833.0,-37.0,351998
42131,PA,Wyoming County,2901.0,398.0,26024
42133,PA,York County,56085.0,-264.0,461049
44001,RI,Bristol County,6495.0,-3016.0,50307
44003,RI,Kent County,29236.0,-3234.0,171134
44005,RI,Newport County,13273.0,-670.0,84721
44007,RI,Providence County,127408.0,-1718.0,657424
44009,RI,Washington County,21697.0,-1211.0,130256
45001,SC,Abbeville County,3130.0,-185.0,24338
45003,SC,Aiken County,19727.0,-1598.0,174228
45005,SC,Allendale County,1041.0,71.0,7418
45007,SC,Anderson County,28096.0,517.0,209652
45009,SC,Bamberg County,1702.0,-198.0,12950
45011,SC,Barnwell County,2587.0,29.0,20471
45013,SC,Beaufort County,24547.0,1316.0,196147
45015,SC,Berkeley County,26477.0,-4310.0,244952
45017,SC,Calhoun County,1721.0,144.0,14197
45019,SC,Charleston County,62378.0,-300.0,419350
45021,SC,Cherokee County,7119.0,10.0,56121
45023,SC,Chester County,4309.0,-846.0,31993
45025,SC,Chesterfield County,5835.0,-416.0,43741
45027,SC,Clarendon County,4996.0,-8.0,30927
45029,SC,Colleton County,4969.0,30.0,38580
45031,SC,Darlington County,7837.0,-866.0,62436
45033,SC,Dillon County,4907.0,285.0,27747
45035,SC,Dorchester County,27878.0,-3534.0,166050
45037,SC,Edgefield County,3416.0,75.0,26959
45039,SC,Fairfield County,2881.0,-853.0,20450
45041,SC,Florence County,20153.0,-250.0,136740
45043,SC,Georgetown County,8495.0,-126.0,64669
45045,SC,Greenville County,84341.0,-2161.0,547845
45047,SC,Greenwood County,9734.0,-2486.0,69223
45049,SC,Hampton County,2480.0,-85.0,18136
45051,SC,Horry County,48714.0,-1448.0,383147
45053,SC,Jasper County,3463.0,607.0,31986
45055,SC,Kershaw County,7573.0,-5753.0,67850
45057,SC,Lancaster County,12757.0,-19.0,104724
45059,SC,Laurens County,8883.0,-816.0,67951
45061,SC,Lee County,2509.0,414.0,16161
45063,SC,Lexington County,55175.0,-4519.0,305105
45065,SC,McCormick County,1043.0,-145.0,9741
45067,SC,Marion County,4653.0,90.0,28471
45069,SC,Marlboro County,4483.0,156.0,26006
45071,SC,Newberry County,4615.0,-3110.0,38315
45073,SC,Oconee County,11081.0,-283.0,80160
45075,SC,Orangeburg County,12915.0,30.0,83101
45077,SC,Pickens County,22224.0,-687.0,133470
45079,SC,Richland County,76376.0,-1967.0,421526
45081,SC,Saluda County,2278.0,518.0,18984
45083,SC,Spartanburg County,37981.0,-9046.0,345948
45085,SC,Sumter County,15104.0,-1001.0,103936
45087,SC,Union County,4004.0,-305.0,26739
45089,SC,Williamsburg County,5299.0,1205.0,30113
45091,SC,York County,41044.0,15.0,294201
46003,SD,Aurora County,292.0,16.0,2762
46005,SD,Beadle County,1951.0,223.0,19488
46007,SD,Bennett County,568.0,196.0,3333
46009,SD,Bon Homme County,606.0,-37.0,7064
46011,SD,Brookings County,3287.0,-149.0,35491
46013,SD,Brown County,3859.0,-239.0,37901
46015,SD,Brule County,465.0,-120.0,5301
46017,SD,Buffalo County,430.0,229.0,1854
46019,SD,Butte County,1086.0,59.0,10790
46021,SD,Campbell County,218.0,124.0,1355
46023,SD,Charles Mix County,1333.0,29.0,9232
46025,SD,Clark County,395.0,70.0,3923
46027,SD,Clay County,1411.0,51.0,15301
46029,SD,Codington County,3537.0,-303.0,28736
46031,SD,Corson County,633.0,213.0,3817
46033,SD,Custer County,1046.0,139.0,9021
46035,SD,Davison County,2024.0,-351.0,19907
46037,SD,Day County,535.0,32.0,5475
46039,SD,Deuel County,488.0,135.0,4361
46041,SD,Dewey County,692.0,-442.0,5142
46043,SD,Douglas County,260.0,55.0,2787
46045,SD,Edmunds County,411.0,83.0,4071
46047,SD,Fall River County,696.0,-409.0,7397
46049,SD,Faulk County,188.0,-21.0,2122
46051,SD,Grant County,732.0,-80.0,7486
46053,SD,Gregory County,375.0,24.0,3999
46055,SD,Haakon County,235.0,77.0,1834
46057,SD,Hamlin County,502.0,-30.0,6394
46059,SD,Hand County,178.0,-33.0,3112
46061,SD,Hanson County,374.0,153.0,3479
46063,SD,Harding County,165.0,117.0,1339
46065,SD,Hughes County,1822.0,460.0,17681
46067,SD,Hutchinson County,485.0,-142.0,7351
46069,SD,Hyde County,150.0,40.0,1199
46071,SD,Jackson County,270.0,-15.0,2832
46073,SD,Jerauld County,229.0,96.0,1662
46075,SD,Jones County,229.0,189.0,875
46077,SD,Kingsbury County,433.0,-59.0,5279
46079,SD,Lake County,1026.0,291.0,10940
46081,SD,Lawrence County,2853.0,155.0,27240
46083,SD,Lincoln County,6323.0,1121.0,71024
46085,SD,Lyman County,410.0,-84.0,3705
46087,SD,McCook County,532.0,157.0,5768
46089,SD,McPherson County,361.0,198.0,2396
46091,SD,Marshall County,362.0,12.0,4363
46093,SD,Meade County,2679.0,-335.0,30702
46095,SD,Mellette County,262.0,2.0,1873
46097,SD,Miner County,206.0,58.0,2285
46099,SD,Minnehaha County,20581.0,294.0,203845
46101,SD,Moody County,580.0,-99.0,6382
46102,SD,Oglala Lakota County,2327.0,208.0,13508
46103,SD,Pennington County,14650.0,566.0,114306
46105,SD,Perkins County,172.0,-66.0,2809
46107,SD,Potter County,350.0,93.0,2446
46109,SD,Roberts County,1224.0,216.0,10139
46111,SD,Sanborn County,253.0,43.0,2403
46115,SD,Spink County,767.0,243.0,6228
46117,SD,Stanley County,338.0,142.0,3017
46119,SD,Sully County,325.0,265.0,1482
46121,SD,Todd County,1810.0,37.0,9233
46123,SD,Tripp County,530.0,-147.0,5579
46125,SD,Turner County,765.0,139.0,8888
46127,SD,Union County,1450.0,200.0,17063
46129,SD,Walworth County,474.0,13.0,5286
46135,SD,Yankton County,1897.0,-437.0,23412
46137,SD,Ziebach County,480.0,260.0,2394
47001,TN,Anderson County,10719.0,-1782.0,78929
47003,TN,Bedford County,6021.0,-1494.0,51964
47005,TN,Benton County,2121.0,-196.0,15994
47007,TN,Bledsoe County,1965.0,334.0,14824
47009,TN,Blount County,17376.0,-4108.0,139810
47011,TN,Bradley County,14130.0,-199.0,110539
47013,TN,Campbell County,6212.0,-979.0,39564
47015,TN,Cannon County,1582.0,-497.0,14807
47017,TN,Carroll County,3945.0,-998.0,28418
47019,TN,Carter County,7975.0,-1060.0,56485
47021,TN,Cheatham County,4980.0,-131.0,41764
47023,TN,Chester County,2119.0,-915.0,17558
47025,TN,Claiborne County,5049.0,299.0,32357
47027,TN,Clay County,1011.0,51.0,7656
47029,TN,Cocke County,6488.0,515.0,36849
47031,TN,Coffee County,8915.0,39.0,59779
47033,TN,Crockett County,1624.0,-1085.0,13862
47035,TN,Cumberland County,6272.0,-780.0,63482
47037,TN,Davidson County,98004.0,-378.0,707351
47039,TN,Decatur County,1643.0,-140.0,11549
47041,TN,DeKalb County,3016.0,70.0,21002
47043,TN,Dickson County,7474.0,-575.0,55727
47045,TN,Dyer County,5469.0,-1075.0,36440
47047,TN,Fayette County,5330.0,-127.0,43338
47049,TN,Fentress County,3397.0,594.0,19335
47051,TN,Franklin County,5638.0,-1231.0,44119
47053,TN,Gibson County,8553.0,-1098.0,50826
47055,TN,Giles County,4642.0,-84.0,30540
47057,TN,Grainger County,3234.0,35.0,24185
47059,TN,Greene County,10139.0,-1272.0,71292
47061,TN,Grundy County,2007.0,518.0,13779
47063,TN,Hamblen County,8694.0,-842.0,65167
47065,TN,Hamilton County,47069.0,-573.0,374602
47067,TN,Hancock County,1018.0,-132.0,6846
47069,TN,Hardeman County,3729.0,-46.0,25511
47071,TN,Hardin County,4385.0,-145.0,27065
47073,TN,Hawkins County,8903.0,-269.0,57903
47075,TN,Haywood County,2924.0,-619.0,17518
47077,TN,Henderson County,4424.0,-158.0,27907
47079,TN,Henry County,4438.0,434.0,32382
47081,TN,Hickman County,2531.0,-665.0,25481
47083,TN,Houston County,905.0,-74.0,8247
47085,TN,Humphreys County,2449.0,75.0,19023
47087,TN,Jackson County,1457.0,-119.0,12015
47089,TN,Jefferson County,6955.0,-1234.0,56660
47091,TN,Johnson County,2911.0,1161.0,18046
47093,TN,Knox County,69699.0,1170.0,495380
47095,TN,Lake County,999.0,-2.0,6500
47097,TN,Lauderdale County,3408.0,-257.0,24741
47099,TN,Lawrence County,5674.0,-806.0,45502
47101,TN,Lewis County,1459.0,57.0,12912
47103,TN,Lincoln County,4789.0,426.0,36006
47105,TN,Loudon County,7400.0,-610.0,58244
47107,TN,McMinn County,7123.0,-1091.0,54695
47109,TN,McNairy County,3903.0,-308.0,25993
47111,TN,Macon County,3060.0,-1110.0,26214
47113,TN,Madison County,17226.0,-1037.0,99172
47115,TN,Marion County,3898.0,-652.0,29050
47117,TN,Marshall County,4761.0,-209.0,35857
47119,TN,Maury County,13014.0,-165.0,107996
47121,TN,Meigs County,1741.0,40.0,13258
47123,TN,Monroe County,7237.0,-37.0,47680
47125,TN,Montgomery County,26061.0,657.0,234899
47127,TN,Moore County,822.0,-309.0,6716
47129,TN,Morgan County,2581.0,-836.0,21207
47131,TN,Obion County,5002.0,-437.0,30374
47133,TN,Overton County,2852.0,-362.0,22993
47135,TN,Perry County,1043.0,26.0,8705
47137,TN,Pickett County,859.0,-86.0,5103
47139,TN,Polk County,2156.0,20.0,17778
47141,TN,Putnam County,11544.0,363.0,82470
47143,TN,Rhea County,4094.0,-5.0,33689
47145,TN,Roane County,7913.0,-97.0,55129
47147,TN,Robertson County,9688.0,-192.0,75398
47149,TN,Rutherford County,45443.0,-59.0,360682
47151,TN,Scott County,3948.0,-1532.0,21999
47153,TN,Sequatchie County,2057.0,275.0,16918
47155,TN,Sevier County,13636.0,1.0,98806
47157,TN,Shelby County,117908.0,886.0,916357
47159,TN,Smith County,2302.0,-386.0,20470
47161,TN,Stewart County,1739.0,362.0,13994
47163,TN,Sullivan County,25865.0,-865.0,160862
47165,TN,Sumner County,25127.0,-350.0,203721
47167,TN,Tipton County,7068.0,-1463.0,61650
47169,TN,Trousdale County,1010.0,-297.0,12077
47171,TN,Unicoi County,2624.0,-503.0,17591
47173,TN,Union County,2642.0,-461.0,20473
47175,TN,Van Buren County,806.0,-23.0,6430
47177,TN,Warren County,4765.0,-1331.0,42001
47179,TN,Washington County,22012.0,-456.0,136147
47181,TN,Wayne County,2598.0,213.0,16266
47183,TN,Weakley County,4989.0,469.0,33043
47185,TN,White County,3492.0,-147.0,28000
47187,TN,Williamson County,28607.0,-858.0,260738
47189,TN,Wilson County,19894.0,-239.0,158593
48001,TX,Anderson County,5024.0,2493.0,57227
48003,TX,Andrews County,2194.0,360.0,18324
48005,TX,Angelina County,5931.0,3211.0,87124
48007,TX,Aransas County,2861.0,180.0,24963
48009,TX,Archer County,864.0,-301.0,8849
48011,TX,Armstrong County,233.0,-74.0,1857
48013,TX,Atascosa County,5954.0,-528.0,50736
48015,TX,Austin County,3470.0,568.0,31070
48017,TX,Bailey County,784.0,196.0,6803
48019,TX,Bandera County,2184.0,528.0,22120
48021,TX,Bastrop County,11371.0,-185.0,106395
48023,TX,Baylor County,420.0,101.0,3462
48025,TX,Bee County,4161.0,-94.0,30992
48027,TX,Bell County,43908.0,1699.0,387454
48029,TX,Bexar County,338667.0,-2664.0,2060191
48031,TX,Blanco County,1569.0,-163.0,12411
48033,TX,Borden County,236.0,164.0,580
48035,TX,Bosque County,2347.0,153.0,18707
48037,TX,Bowie County,10566.0,107.0,91712
48039,TX,Brazoria County,47185.0,-232.0,388234
48041,TX,Brazos County,32914.0,680.0,241931
48043,TX,Brewster County,734.0,503.0,9344
48045,TX,Briscoe County,262.0,-35.0,1439
48047,TX,Brooks County,1040.0,182.0,6902
48049,TX,Brown County,5357.0,-1692.0,38443
48051,TX,Burleson County,2524.0,18.0,18690
48053,TX,Burnet County,5828.0,378.0,52567
48055,TX,Caldwell County,6896.0,-1512.0,47849
48057,TX,Calhoun County,2718.0,-129.0,19682
48059,TX,Callahan County,1641.0,226.0,14247
48061,TX,Cameron County,62756.0,524.0,424911
48063,TX,Camp County,1724.0,445.0,12721
48065,TX,Carson County,580.0,-192.0,5816
48067,TX,Cass County,4542.0,616.0,28538
48069,TX,Castro County,969.0,-238.0,7287
48071,TX,Chambers County,3394.0,358.0,51309
48073,TX,Cherokee County,4233.0,1725.0,51432
48075,TX,Childress County,811.0,-272.0,6841
48077,TX,Clay County,1242.0,453.0,10499
48079,TX,Cochran County,512.0,26.0,2522
48081,TX,Coke County,344.0,15.0,3322
48083,TX,Coleman County,999.0,202.0,7822
48085,TX,Collin County,126891.0,122.0,1158995
48087,TX,Collingsworth County,341.0,-37.0,2585
48089,TX,Colorado County,2641.0,1023.0,20832
48091,TX,Comal County,20587.0,-174.0,184749
48093,TX,Comanche County,1736.0,220.0,13921
48095,TX,Concho County,512.0,-23.0,3367
48097,TX,Cooke County,4781.0,1752.0,43048
48099,TX,Coryell County,9367.0,-312.0,84205
48101,TX,Cottle County,272.0,157.0,1317
48103,TX,Crane County,720.0,214.0,4551
48105,TX,Crockett County,336.0,-191.0,2960
48107,TX,Crosby County,816.0,-260.0,4992
48109,TX,Culberson County,424.0,301.0,2163
48111,TX,Dallam County,845.0,-112.0,7235
48113,TX,Dallas County,320654.0,79000.0,2601993
48115,TX,Dawson County,1493.0,350.0,12176
48117,TX,Deaf Smith County,2089.0,165.0,18399
48119,TX,Delta County,647.0,-640.0,5413
48121,TX,Denton County,103147.0,1232.0,977760
48123,TX,DeWitt County,3021.0,-1087.0,19754
48125,TX,Dickens County,315.0,89.0,1736
48127,TX,Dimmit County,1012.0,-1277.0,8360
48129,TX,Donley County,490.0,-67.0,3289
48131,TX,Duval County,1340.0,-861.0,9706
48133,TX,Eastland County,2341.0,1369.0,17893
48135,TX,Ector County,15276.0,599.0,161057
48137,TX,Edwards County,194.0,-36.0,1428
48139,TX,Ellis County,21294.0,275.0,212323
48141,TX,El Paso County,84090.0,1056.0,867239
48143,TX,Erath County,4178.0,1056.0,43837
48145,TX,Falls County,2199.0,468.0,16956
48147,TX,Fannin County,4377.0,1663.0,37075
48149,TX,Fayette County,2450.0,802.0,24934
48151,TX,Fisher County,351.0,101.0,3626
48153,TX,Floyd County,678.0,-291.0,5239
48155,TX,Foard County,282.0,224.0,1063
48157,TX,Fort Bend County,124031.0,-447.0,888919
48159,TX,Franklin County,1135.0,0.0,10665
48161,TX,Freestone County,2425.0,1029.0,20032
48163,TX,Frio County,2545.0,206.0,17716
48165,TX,Gaines County,1834.0,1673.0,22140
48167,TX,Galveston County,47324.0,-225.0,357387
48169,TX,Garza County,834.0,146.0,4498
48171,TX,Gillespie County,3068.0,738.0,27501
48173,TX,Glasscock County,188.0,127.0,1139
48175,TX,Goliad County,927.0,99.0,7120
48177,TX,Gonzales County,2470.0,837.0,19816
48179,TX,Gray County,2706.0,179.0,20980
48181,TX,Grayson County,14479.0,535.0,143198
48183,TX,Gregg County,11476.0,4783.0,125559
48185,TX,Grimes County,3547.0,-807.0,31170
48187,TX,Guadalupe County,18749.0,-169.0,182702
48189,TX,Hale County,4230.0,4400.0,31966
48191,TX,Hall County,471.0,-150.0,2818
48193,TX,Hamilton County,930.0,223.0,8313
48195,TX,Hansford County,646.0,-341.0,5111
48197,TX,Hardeman County,367.0,206.0,3525
48199,TX,Hardin County,5205.0,1500.0,57840
48201,TX,Harris County,578744.0,-10311.0,4781337
48203,TX,Harrison County,6780.0,848.0,70038
48205,TX,Hartley County,505.0,21.0,5228
48207,TX,Haskell County,815.0,440.0,5376
48209,TX,Hays County,39191.0,95.0,269103
48211,TX,Hemphill County,411.0,-186.0,3225
48213,TX,Henderson County,9104.0,1341.0,84490
48215,TX,Hidalgo County,129805.0,-8066.0,888286
48217,TX,Hill County,4657.0,768.0,37266
48219,TX,Hockley County,3056.0,-1390.0,21278
48221,TX,Hood County,6959.0,2448.0,66394
48223,TX,Hopkins County,3345.0,1277.0,37793
48225,TX,Houston County,3381.0,1507.0,21943
48227,TX,Howard County,3009.0,1256.0,30732
48229,TX,Hudspeth County,447.0,-78.0,3416
48231,TX,Hunt County,8853.0,1317.0,108438
48233,TX,Hutchinson County,2403.0,-666.0,20222
48235,TX,Irion County,249.0,-126.0,1534
48237,TX,Jack County,892.0,319.0,8764
48239,TX,Jackson County,1544.0,513.0,15183
48241,TX,Jasper County,4408.0,707.0,32495
48243,TX,Jeff Davis County,73.0,13.0,1906
48245,TX,Jefferson County,28457.0,524.0,251601
48247,TX,Jim Hogg County,1461.0,-1304.0,4774
48249,TX,Jim Wells County,4518.0,-1845.0,38729
48251,TX,Johnson County,20208.0,-90.0,195496
48253,TX,Jones County,2552.0,704.0,20271
48255,TX,Karnes County,1623.0,-419.0,14945
48257,TX,Kaufman County,17197.0,896.0,172611
48259,TX,Kendall County,4362.0,168.0,49019
48261,TX,Kenedy County,224.0,183.0,354
48263,TX,Kent County,145.0,80.0,744
48265,TX,Kerr County,5645.0,2178.0,53784
48267,TX,Kimble County,403.0,-36.0,4420
48269,TX,King County,265.0,238.0,234
48271,TX,Kinney County,310.0,21.0,3131
48273,TX,Kleberg County,4328.0,-244.0,30376
48275,TX,Knox County,400.0,180.0,3284
48277,TX,Lamar County,6712.0,1007.0,50515
48279,TX,Lamb County,1844.0,-26.0,12786
48281,TX,Lampasas County,2569.0,16.0,22790
48283,TX,La Salle County,833.0,-273.0,6556
48285,TX,Lavaca County,2408.0,921.0,20653
48287,TX,Lee County,2228.0,184.0,17971
48289,TX,Leon County,1917.0,277.0,16220
48291,TX,Liberty County,9024.0,989.0,102462
48293,TX,Limestone County,2969.0,770.0,22164
48295,TX,Lipscomb County,317.0,8.0,2846
48297,TX,Live Oak County,1358.0,749.0,11541
48299,TX,Llano County,2366.0,267.0,22623
48301,TX,Loving County,448.0,101.0,44
48303,TX,Lubbock County,39797.0,1188.0,317761
48305,TX,Lynn County,521.0,-209.0,5738
48307,TX,McCulloch County,852.0,73.0,7468
48309,TX,McLennan County,27857.0,-508.0,266162
48311,TX,McMullen County,253.0,190.0,569
48313,TX,Madison County,1693.0,118.0,13641
48315,TX,Marion County,1340.0,572.0,9550
48317,TX,Martin County,731.0,274.0,5228
48319,TX,Mason County,348.0,-66.0,3978
48321,TX,Matagorda County,5233.0,1462.0,36122
48323,TX,Maverick County,10440.0,12.0,57628
48325,TX,Medina County,5031.0,308.0,53657
48327,TX,Menard County,319.0,56.0,1979
48329,TX,Midland County,17691.0,1120.0,172019
48331,TX,Milam County,2861.0,918.0,25622
48333,TX,Mills County,683.0,56.0,4498
48335,TX,Mitchell County,866.0,-175.0,8938
48337,TX,Montague County,2667.0,755.0,21079
48339,TX,Montgomery County,72161.0,-467.0,679554
48341,TX,Moore County,2309.0,-146.0,21094
48343,TX,Morris County,1498.0,328.0,12052
48345,TX,Motley County,285.0,150.0,1034
48347,TX,Nacogdoches County,7252.0,1040.0,64994
48349,TX,Navarro County,5574.0,715.0,54687
48351,TX,Newton County,1845.0,1129.0,12041
48353,TX,Nolan County,1716.0,821.0,14460
48355,TX,Nueces County,46176.0,-898.0,351590
48357,TX,Ochiltree County,1039.0,105.0,9692
48359,TX,Oldham County,136.0,-83.0,1761
48361,TX,Orange County,6120.0,3297.0,85048
48363,TX,Palo Pinto County,3745.0,897.0,29322
48365,TX,Panola County,2761.0,464.0,22742
48367,TX,Parker County,18315.0,4535.0,165938
48369,TX,Parmer County,993.0,55.0,9649
48371,TX,Pecos County,1471.0,343.0,14711
48373,TX,Polk County,6062.0,3019.0,53256
48375,TX,Potter County,14462.0,69.0,114911
48377,TX,Presidio County,1018.0,756.0,5954
48379,TX,Rains County,1553.0,1023.0,12836
48381,TX,Randall County,15975.0,249.0,146244
48383,TX,Reagan County,421.0,115.0,3121
48385,TX,Real County,436.0,46.0,2832
48387,TX,Red River County,1333.0,160.0,11605
48389,TX,Reeves County,1551.0,-29.0,11692
48391,TX,Refugio County,879.0,-116.0,6638
48393,TX,Roberts County,315.0,241.0,812
48395,TX,Robertson County,2150.0,-46.0,17130
48397,TX,Rockwall County,12734.0,481.0,123342
48399,TX,Runnels County,978.0,65.0,9884
48401,TX,Rusk County,5091.0,1284.0,52524
48403,TX,Sabine County,1079.0,569.0,10041
48405,TX,San Augustine County,982.0,706.0,7860
48407,TX,San Jacinto County,4061.0,617.0,28340
48409,TX,San Patricio County,6708.0,-59.0,70087
48411,TX,San Saba County,837.0,388.0,5880
48413,TX,Schleicher County,301.0,98.0,2359
48415,TX,Scurry County,1801.0,-357.0,16269
48417,TX,Shackelford County,244.0,-267.0,3212
48419,TX,Shelby County,3519.0,1400.0,24061
48421,TX,Sherman County,377.0,174.0,2778
48423,TX,Smith County,19997.0,2756.0,241995
48425,TX,Somervell County,1060.0,414.0,9797
48427,TX,Starr County,11347.0,-154.0,65653
48429,TX,Stephens County,1074.0,297.0,9377
48431,TX,Sterling County,432.0,302.0,1426
48433,TX,Stonewall County,191.0,27.0,1218
48435,TX,Sutton County,450.0,197.0,3232
48437,TX,Swisher County,1053.0,8.0,6959
48439,TX,Tarrant County,279646.0,-1869.0,2155646
48441,TX,Taylor County,17827.0,128.0,145147
48443,TX,Terrell County,243.0,217.0,688
48445,TX,Terry County,1257.0,798.0,11444
48447,TX,Throckmorton County,188.0,38.0,1539
48449,TX,Titus County,3810.0,-69.0,31237
48451,TX,Tom Green County,12776.0,614.0,118913
48453,TX,Travis County,156793.0,3363.0,1327550
48455,TX,Trinity County,1743.0,316.0,13993
48457,TX,Tyler County,2507.0,184.0,20411
48459,TX,Upshur County,4082.0,1214.0,42454
48461,TX,Upton County,431.0,171.0,3146
48463,TX,Uvalde County,4099.0,-815.0,24890
48465,TX,Val Verde County,5834.0,960.0,47617
48467,TX,Van Zandt County,4624.0,754.0,62888
48469,TX,Victoria County,9900.0,728.0,91074
48471,TX,Walker County,9758.0,291.0,79678
48473,TX,Waller County,5622.0,1296.0,61852
48475,TX,Ward County,959.0,-183.0,10948
48477,TX,Washington County,4382.0,-251.0,36368
48479,TX,Webb County,49979.0,-1410.0,267619
48481,TX,Wharton County,4452.0,-235.0,41740
48483,TX,Wheeler County,539.0,98.0,4787
48485,TX,Wichita County,16153.0,-511.0,130220
48487,TX,Wilbarger County,1505.0,16.0,12535
48489,TX,Willacy County,3183.0,-358.0,20254
48491,TX,Williamson County,81272.0,-246.0,672273
48493,TX,Wilson County,5262.0,477.0,52754
48495,TX,Winkler County,844.0,76.0,7300
48497,TX,Wise County,7315.0,206.0,74897
48499,TX,Wood County,4190.0,1715.0,46930
48501,TX,Yoakum County,825.0,562.0,7484
48503,TX,Young County,2288.0,1015.0,18012
48505,TX,Zapata County,2342.0,269.0,13838
48507,TX,Zavala County,1765.0,-107.0,9384
49001,UT,Beaver County,527.0,-29.0,7317
49003,UT,Box Elder County,6123.0,645.0,61523
49005,UT,Cache County,16976.0,894.0,140145
49007,UT,Carbon County,2319.0,48.0,20540
49009,UT,Daggett County,351.0,306.0,1015
49011,UT,Davis County,51603.0,-792.0,369887
49013,UT,Duchesne County,2257.0,464.0,20142
49015,UT,Emery County,904.0,-277.0,10093
49017,UT,Garfield County,609.0,269.0,5258
49019,UT,Grand County,1225.0,164.0,9771
49021,UT,Iron County,6580.0,625.0,62508
49023,UT,Juab County,1719.0,674.0,12586
49025,UT,Kane County,580.0,28.0,8203
49027,UT,Millard County,1364.0,155.0,13343
49029,UT,Morgan County,1330.0,225.0,12837
49031,UT,Piute County,167.0,32.0,1493
49033,UT,Rich County,291.0,197.0,2649
49035,UT,Salt Lake County,177754.0,136.0,1186569
49037,UT,San Juan County,2035.0,-144.0,14406
49039,UT,Sanpete County,3227.0,273.0,29691
49041,UT,Sevier County,2134.0,318.0,22043
49043,UT,Summit County,6834.0,-366.0,43045
49045,UT,Tooele County,8611.0,-1893.0,79955
49047,UT,Uintah County,4081.0,393.0,37104
49049,UT,Utah County,80041.0,501.0,702692
49051,UT,Wasatch County,4865.0,-34.0,36597
49053,UT,Washington County,16893.0,-816.0,197730
49055,UT,Wayne County,289.0,62.0,2634
49057,UT,Weber County,34765.0,-85.0,269460
50001,VT,Addison County,4037.0,-220.0,37555
50003,VT,Bennington County,4309.0,-2149.0,37343
50005,VT,Caledonia County,3439.0,198.0,30587
50007,VT,Chittenden County,23030.0,456.0,169357
50009,VT,Essex County,750.0,177.0,5997
50011,VT,Franklin County,5966.0,-93.0,50719
50013,VT,Grand Isle County,751.0,38.0,7490
50015,VT,Lamoille County,2148.0,0.0,26103
50017,VT,Orange County,3483.0,577.0,29880
50019,VT,Orleans County,3868.0,622.0,27562
50021,VT,Rutland County,8905.0,-324.0,60353
50023,VT,Washington County,8212.0,-589.0,60115
50025,VT,Windham County,4867.0,-110.0,45899
50027,VT,Windsor County,6697.0,201.0,58150
51001,VA,Accomack County,4055.0,-98.0,33223
51003,VA,Albemarle County,15098.0,583.0,114845
51005,VA,Alleghany County,1673.0,-112.0,14715
51007,VA,Amelia County,1551.0,-117.0,13368
51009,VA,Amherst County,3702.0,-451.0,31472
51011,VA,Appomattox County,1664.0,-442.0,16703
51013,VA,Arlington County,37441.0,-967.0,233678
51015,VA,Augusta County,8891.0,-2682.0,77939
51017,VA,Bath County,455.0,-12.0,4061
51019,VA,Bedford County,9964.0,127.0,80741
51021,VA,Bland County,680.0,-442.0,6138
51023,VA,Botetourt County,3647.0,-1117.0,34100
51025,VA,Brunswick County,1975.0,8.0,15831
51027,VA,Buchanan County,3583.0,693.0,19383
51029,VA,Buckingham County,1938.0,10.0,16988
51031,VA,Campbell County,7326.0,-1179.0,55065
51033,VA,Caroline County,3632.0,-259.0,31940
51035,VA,Carroll County,3875.0,-586.0,29118
51036,VA,Charles City County,781.0,4.0,6568
51037,VA,Charlotte County,1454.0,-270.0,11400
51041,VA,Chesterfield County,47669.0,-139.0,378290
51043,VA,Clarke County,1733.0,183.0,15331
51045,VA,Craig County,551.0,-97.0,4858
51047,VA,Culpeper County,6616.0,774.0,54290
51049,VA,Cumberland County,1024.0,123.0,9751
51051,VA,Dickenson County,2067.0,-364.0,13733
51053,VA,Dinwiddie County,3444.0,32.0,28099
51057,VA,Essex County,1131.0,-116.0,10630
51059,VA,Fairfax County,136221.0,1663.0,1139309
51061,VA,Fauquier County,7664.0,768.0,74677
51063,VA,Floyd County,1664.0,-95.0,15623
51065,VA,Fluvanna County,3415.0,27.0,28117
51067,VA,Franklin County,6675.0,447.0,55079
51069,VA,Frederick County,11620.0,309.0,94808
51071,VA,Giles County,1494.0,-974.0,16432
51073,VA,Gloucester County,4568.0,-105.0,39550
51075,VA,Goochland County,3011.0,62.0,26162
51077,VA,Grayson County,1941.0,-802.0,15325
51079,VA,Greene County,1938.0,-321.0,21015
51081,VA,Greensville County,1152.0,-515.0,11204
51083,VA,Halifax County,4315.0,-374.0,33620
51085,VA,Hanover County,13027.0,-262.0,112860
51087,VA,Henrico County,42949.0,-235.0,334553
51089,VA,Henry County,7151.0,-589.0,49795
51091,VA,Highland County,291.0,47.0,2296
51093,VA,Isle of Wight County,4457.0,673.0,40135
51095,VA,James City County,11787.0,-137.0,81483
51097,VA,King and Queen County,792.0,128.0,6714
51099,VA,King George County,3449.0,152.0,27918
51101,VA,King William County,2024.0,-61.0,18529
51103,VA,Lancaster County,1271.0,232.0,10806
51105,VA,Lee County,3500.0,-478.0,21847
51107,VA,Loudoun County,50614.0,1177.0,432792
51109,VA,Louisa County,4737.0,360.0,40030
51111,VA,Lunenburg County,1530.0,-389.0,12002
51113,VA,Madison County,1620.0,-101.0,14008
51115,VA,Mathews County,858.0,-82.0,8450
51117,VA,Mecklenburg County,4331.0,573.0,30527
51119,VA,Middlesex County,1105.0,-155.0,10952
51121,VA,Montgomery County,11365.0,358.0,98826
51125,VA,Nelson County,1786.0,345.0,14747
51127,VA,New Kent County,2781.0,6.0,24952
51131,VA,Northampton County,1522.0,-8.0,11978
51133,VA,Northumberland County,1234.0,4.0,12278
51135,VA,Nottoway County,1964.0,-651.0,15555
51137,VA,Orange County,4438.0,245.0,38055
51139,VA,Page County,2801.0,152.0,23777
51141,VA,Patrick County,2133.0,-53.0,17601
51143,VA,Pittsylvania County,8045.0,-993.0,59824
51145,VA,Powhatan County,2866.0,41.0,31585
51147,VA,Prince Edward County,3178.0,28.0,21899
51149,VA,Prince George County,4782.0,-668.0,43021
51153,VA,Prince William County,56670.0,1760.0,487012
51155,VA,Pulaski County,4716.0,-816.0,33683
51157,VA,Rappahannock County,730.0,134.0,7453
51159,VA,Richmond County,1119.0,87.0,9126
51161,VA,Roanoke County,12457.0,-478.0,96756
51163,VA,Rockbridge County,2685.0,212.0,22568
51165,VA,Rockingham County,9802.0,2143.0,85414
51167,VA,Russell County,3330.0,-1053.0,25437
51169,VA,Scott County,2807.0,-748.0,21480
51171,VA,Shenandoah County,5234.0,-288.0,44936
51173,VA,Smyth County,4492.0,-1493.0,29408
51175,VA,Southampton County,2272.0,500.0,17899
51177,VA,Spotsylvania County,18145.0,2671.0,146828
51179,VA,Stafford County,19878.0,-332.0,163169
51181,VA,Surry County,676.0,39.0,6527
51183,VA,Sussex County,1260.0,146.0,10640
51185,VA,Tazewell County,6898.0,547.0,39563
51187,VA,Warren County,5270.0,522.0,41404
51191,VA,Washington County,7578.0,-730.0,53855
51193,VA,Westmoreland County,2808.0,903.0,18765
51195,VA,Wise County,6718.0,-88.0,35327
51197,VA,Wythe County,3892.0,-200.0,28115
51199,VA,York County,6288.0,-406.0,71164
51510,VA,Alexandria city,25437.0,-121.0,155045
51520,VA,Bristol city,2163.0,-1010.0,16940
51530,VA,Buena Vista city,675.0,-24.0,6569
51540,VA,Charlottesville city,5789.0,-167.0,45272
51550,VA,Chesapeake city,28296.0,-394.0,252459
51570,VA,Colonial Heights city,2080.0,-958.0,18278
51580,VA,Covington city,823.0,-158.0,5633
51590,VA,Danville city,6568.0,-426.0,42017
51595,VA,Emporia city,893.0,208.0,5533
51600,VA,Fairfax city,5218.0,4015.0,24752
51610,VA,Falls Church city,2990.0,614.0,14489
51620,VA,Franklin city,910.0,73.0,8274
51630,VA,Fredericksburg city,3076.0,-214.0,28648
51640,VA,Galax city,873.0,-482.0,6702
51650,VA,Hampton city,19263.0,-93.0,137858
51660,VA,Harrisonburg city,6482.0,757.0,51150
51670,VA,Hopewell city,2838.0,-532.0,22790
51678,VA,Lexington city,813.0,-39.0,7506
51680,VA,Lynchburg city,10050.0,-84.0,79228
51683,VA,Manassas city,4873.0,-119.0,42673
51685,VA,Manassas Park city,2466.0,-925.0,16693
51690,VA,Martinsville city,1994.0,-18.0,13697
51700,VA,Newport News city,27201.0,3383.0,183980
51710,VA,Norfolk city,25273.0,989.0,232558
51720,VA,Norton city,361.0,-411.0,3589
51730,VA,Petersburg city,4612.0,521.0,33462
51735,VA,Poquoson city,1135.0,-215.0,12624
51740,VA,Portsmouth city,11409.0,262.0,96954
51750,VA,Radford city,1532.0,-102.0,16719
51760,VA,Richmond city,31040.0,277.0,228367
51770,VA,Roanoke city,14007.0,1140.0,97657
51775,VA,Salem city,2674.0,22.0,25700
51790,VA,Staunton city,2850.0,-750.0,25940
51800,VA,Suffolk city,10412.0,-601.0,98426
51810,VA,Virginia Beach city,53313.0,338.0,455069
51820,VA,Waynesboro city,2800.0,-380.0,22799
51830,VA,Williamsburg city,1077.0,211.0,15685
51840,VA,Winchester city,3629.0,67.0,27861
53001,WA,Adams County,2610.0,462.0,20898
53003,WA,Asotin County,2900.0,642.0,22536
53005,WA,Benton County,28519.0,827.0,212829
53007,WA,Chelan County,11040.0,196.0,80038
53009,WA,Clallam County,9263.0,-76.0,77684
53011,WA,Clark County,55356.0,-5091.0,516737
53013,WA,Columbia County,565.0,257.0,4026
53015,WA,Cowlitz County,11838.0,102.0,112064
53017,WA,Douglas County,5431.0,-749.0,44223
53019,WA,Ferry County,684.0,-160.0,7468
53021,WA,Franklin County,14308.0,-934.0,98582
53023,WA,Garfield County,120.0,-95.0,2357
53025,WA,Grant County,12634.0,-470.0,101580
53027,WA,Grays Harbor County,9501.0,-332.0,77041
53029,WA,Island County,8776.0,344.0,86682
53031,WA,Jefferson County,3192.0,-18.0,33570
53033,WA,King County,295937.0,-40312.0,2265311
53035,WA,Kitsap County,35991.0,4807.0,277813
53037,WA,Kittitas County,4484.0,-169.0,45122
53039,WA,Klickitat County,2717.0,817.0,23303
53041,WA,Lewis County,8393.0,-342.0,85357
53043,WA,Lincoln County,1097.0,5.0,11613
53045,WA,Mason County,9488.0,982.0,68171
53047,WA,Okanogan County,4739.0,163.0,43460
53049,WA,Pacific County,2424.0,-299.0,24095
53051,WA,Pend Oreille County,1611.0,424.0,14138
53053,WA,Pierce County,128986.0,1346.0,926479
53055,WA,San Juan County,1943.0,514.0,18672
53057,WA,Skagit County,13956.0,-5.0,131322
53059,WA,Skamania County,1462.0,609.0,12455
53061,WA,Snohomish County,119688.0,322.0,840452
53063,WA,Spokane County,46769.0,-22415.0,549740
53065,WA,Stevens County,6045.0,1852.0,48283
53067,WA,Thurston County,35492.0,329.0,298639
53069,WA,Wahkiakum County,464.0,147.0,4688
53071,WA,Walla Walla County,8307.0,-481.0,61853
53073,WA,Whatcom County,27052.0,-970.0,230598
53075,WA,Whitman County,4051.0,370.0,47579
53077,WA,Yakima County,39867.0,5965.0,257019
54001,WV,Barbour County,2309.0,-291.0,15391
54003,WV,Berkeley County,18927.0,-823.0,129379
54005,WV,Boone County,3318.0,-845.0,20907
54007,WV,Braxton County,1896.0,-327.0,12170
54009,WV,Brooke County,2590.0,52.0,21694
54011,WV,Cabell County,14433.0,-1084.0,92485
54013,WV,Calhoun County,1051.0,17.0,6069
54015,WV,Clay County,1334.0,298.0,7840
54017,WV,Doddridge County,818.0,-108.0,7712
54019,WV,Fayette County,5885.0,-2758.0,39388
54021,WV,Gilmer County,1066.0,144.0,7330
54023,WV,Grant County,1231.0,-733.0,10938
54025,WV,Greenbrier County,5579.0,-1074.0,32375
54027,WV,Hampshire County,3254.0,225.0,23457
54029,WV,Hancock County,3813.0,608.0,28254
54031,WV,Hardy County,1713.0,-882.0,14168
54033,WV,Harrison County,11056.0,-832.0,64752
54035,WV,Jackson County,4349.0,357.0,27667
54037,WV,Jefferson County,7923.0,-787.0,59001
54039,WV,Kanawha County,27048.0,-1733.0,175864
54041,WV,Lewis County,2566.0,-626.0,16674
54043,WV,Lincoln County,3320.0,-175.0,19851
54045,WV,Logan County,5553.0,-697.0,31206
54047,WV,McDowell County,3445.0,-250.0,17806
54049,WV,Marion County,8817.0,-1042.0,55784
54051,WV,Marshall County,4833.0,-84.0,29667
54053,WV,Mason County,3166.0,-1156.0,24911
54055,WV,Mercer County,7682.0,-3836.0,58612
54057,WV,Mineral County,4053.0,-520.0,26902
54059,WV,Mingo County,4127.0,-191.0,22445
54061,WV,Monongalia County,14415.0,-536.0,106978
54063,WV,Monroe County,1424.0,-1581.0,12322
54065,WV,Morgan County,1861.0,-382.0,17435
54067,WV,Nicholas County,3239.0,-1015.0,24309
54069,WV,Ohio County,5161.0,-1061.0,41463
54071,WV,Pendleton County,865.0,-111.0,6067
54073,WV,Pleasants County,756.0,-146.0,7570
54075,WV,Pocahontas County,981.0,-166.0,7797
54077,WV,Preston County,4331.0,-88.0,34222
54079,WV,Putnam County,8282.0,-1471.0,57063
54081,WV,Raleigh County,14730.0,-807.0,72801
54083,WV,Randolph County,4910.0,-971.0,27552
54085,WV,Ritchie County,1096.0,-181.0,8230
54087,WV,Roane County,2157.0,-170.0,13833
54089,WV,Summers County,1670.0,-220.0,11702
54091,WV,Taylor County,2328.0,-498.0,16410
54093,WV,Tucker County,1104.0,85.0,6620
54095,WV,Tyler County,760.0,-388.0,8090
54097,WV,Upshur County,3356.0,-599.0,23705
54099,WV,Wayne County,5340.0,416.0,37980
54101,WV,Webster County,1152.0,-83.0,8141
54103,WV,Wetzel County,2156.0,-219.0,13994
54105,WV,Wirt County,869.0,161.0,5092
54107,WV,Wood County,11900.0,-278.0,83388
54109,WV,Wyoming County,4082.0,-1017.0,20572
55001,WI,Adams County,2701.0,377.0,21252
55003,WI,Ashland County,1770.0,103.0,16040
55005,WI,Barron County,5411.0,143.0,46715
55007,WI,Bayfield County,1952.0,-67.0,16659
55009,WI,Brown County,40619.0,-929.0,270068
55011,WI,Buffalo County,1501.0,-79.0,13390
55013,WI,Burnett County,1962.0,-30.0,16988
55015,WI,Calumet County,6422.0,577.0,52712
55017,WI,Chippewa County,8340.0,560.0,66753
55019,WI,Clark County,3432.0,638.0,34732
55021,WI,Columbia County,6970.0,-1927.0,58228
55023,WI,Crawford County,1537.0,-720.0,16015
55025,WI,Dane County,101762.0,-740.0,567758
55027,WI,Dodge County,11538.0,-245.0,88374
55029,WI,Door County,3284.0,-506.0,30551
55031,WI,Douglas County,5616.0,-438.0,44226
55033,WI,Dunn County,5400.0,-338.0,45622
55035,WI,Eau Claire County,14698.0,-273.0,106786
55037,WI,Florence County,538.0,9.0,4706
55039,WI,Fond du Lac County,15005.0,-568.0,103812
55041,WI,Forest County,1206.0,-171.0,9332
55043,WI,Grant County,5840.0,174.0,51315
55045,WI,Green County,4652.0,-415.0,36885
55047,WI,Green Lake County,2303.0,-139.0,19208
55049,WI,Iowa County,2204.0,-980.0,23958
55051,WI,Iron County,579.0,-152.0,6199
55053,WI,Jackson County,2178.0,-280.0,20893
55055,WI,Jefferson County,10856.0,120.0,85725
55057,WI,Juneau County,3020.0,-658.0,26775
55059,WI,Kenosha County,20359.0,-3303.0,167637
55061,WI,Kewaunee County,1825.0,-335.0,20653
55063,WI,La Crosse County,19203.0,-1200.0,120252
55065,WI,Lafayette County,1633.0,-35.0,16906
55067,WI,Langlade County,2495.0,-181.0,19502
55069,WI,Lincoln County,3599.0,212.0,28355
55071,WI,Manitowoc County,10317.0,1326.0,81198
55073,WI,Marathon County,19132.0,-374.0,137955
55075,WI,Marinette County,4566.0,-647.0,41966
55077,WI,Marquette County,1594.0,-56.0,15777
55078,WI,Menominee County,681.0,-560.0,4206
55079,WI,Milwaukee County,137006.0,-9388.0,918078
55081,WI,Monroe County,5788.0,-94.0,45894
55083,WI,Oconto County,4231.0,-66.0,39696
55085,WI,Oneida County,4300.0,-17.0,38193
55087,WI,Outagamie County,23809.0,-460.0,192269
55089,WI,Ozaukee County,11859.0,523.0,93021
55091,WI,Pepin County,703.0,-79.0,7378
55093,WI,Pierce County,4820.0,15.0,42552
55095,WI,Polk County,5360.0,-24.0,45546
55097,WI,Portage County,8572.0,-812.0,70634
55099,WI,Price County,1535.0,142.0,14159
55101,WI,Racine County,28584.0,-217.0,195961
55103,WI,Richland County,1500.0,-629.0,17128
55105,WI,Rock County,24319.0,-592.0,163841
55107,WI,Rusk County,1673.0,337.0,14099
55109,WI,St. Croix County,11682.0,-349.0,95967
55111,WI,Sauk County,8773.0,-568.0,65770
55113,WI,Sawyer County,2432.0,81.0,18521
55115,WI,Shawano County,4607.0,-508.0,40987
55117,WI,Sheboygan County,15708.0,387.0,117661
55119,WI,Taylor County,2210.0,372.0,19941
55121,WI,Trempealeau County,3693.0,143.0,30891
55123,WI,Vernon County,3736.0,357.0,31063
55125,WI,Vilas County,2623.0,-37.0,23742
55127,WI,Walworth County,12956.0,17.0,105664
55129,WI,Washburn County,1851.0,20.0,16871
55131,WI,Washington County,17039.0,-154.0,137756
55133,WI,Waukesha County,58656.0,-775.0,410273
55135,WI,Waupaca County,6042.0,361.0,51510
55137,WI,Waushara County,3060.0,95.0,24927
55139,WI,Winnebago County,26580.0,-459.0,170688
55141,WI,Wood County,11132.0,-191.0,73778
56001,WY,Albany County,3980.0,-388.0,38178
56003,WY,Big Horn County,1238.0,377.0,11879
56005,WY,Campbell County,4414.0,333.0,47059
56007,WY,Carbon County,1445.0,-211.0,14538
56009,WY,Converse County,1563.0,309.0,13765
56011,WY,Crook County,670.0,150.0,7419
56013,WY,Fremont County,5163.0,-1751.0,39566
56015,WY,Goshen County,1621.0,-250.0,12636
56017,WY,Hot Springs County,413.0,-112.0,4623
56019,WY,Johnson County,797.0,-124.0,8719
56021,WY,Laramie County,12381.0,-122.0,100781
56023,WY,Lincoln County,2049.0,287.0,20671
56025,WY,Natrona County,9677.0,919.0,79523
56027,WY,Niobrara County,209.0,-148.0,2348
56029,WY,Park County,3254.0,1310.0,30505
56031,WY,Platte County,832.0,164.0,8652
56033,WY,Sheridan County,3593.0,-116.0,32035
56035,WY,Sublette County,650.0,-118.0,8752
56037,WY,Sweetwater County,4329.0,239.0,41374
56039,WY,Teton County,6051.0,-9.0,23297
56041,WY,Uinta County,2188.0,37.0,20727
56043,WY,Washakie County,789.0,-53.0,7724
56045,WY,Weston County,664.0,38.0,6858
